
2026-03-10T18:52:31.599+05:30  INFO 14700 --- [restartedMain] o.r.revconnect.RevconnectApplication     : Starting RevconnectApplication using Java 21.0.9 with PID 14700 (C:\Users\pavan\REVCONNECT\target\classes started by pavan in C:\Users\pavan\REVCONNECT)
2026-03-10T18:52:31.609+05:30 DEBUG 14700 --- [restartedMain] o.r.revconnect.RevconnectApplication     : Running with Spring Boot v3.2.2, Spring v6.1.3
2026-03-10T18:52:31.610+05:30  INFO 14700 --- [restartedMain] o.r.revconnect.RevconnectApplication     : No active profile set, falling back to 1 default profile: "default"
2026-03-10T18:52:31.661+05:30  INFO 14700 --- [restartedMain] .e.DevToolsPropertyDefaultsPostProcessor : Devtools property defaults active! Set 'spring.devtools.add-properties' to 'false' to disable
2026-03-10T18:52:31.661+05:30  INFO 14700 --- [restartedMain] .e.DevToolsPropertyDefaultsPostProcessor : For additional web related logging consider setting the 'logging.level.web' property to 'DEBUG'
2026-03-10T18:52:32.765+05:30  INFO 14700 --- [restartedMain] .s.d.r.c.RepositoryConfigurationDelegate : Bootstrapping Spring Data JPA repositories in DEFAULT mode.
2026-03-10T18:52:32.857+05:30  INFO 14700 --- [restartedMain] .s.d.r.c.RepositoryConfigurationDelegate : Finished Spring Data repository scanning in 84 ms. Found 17 JPA repository interfaces.
2026-03-10T18:52:33.819+05:30  INFO 14700 --- [restartedMain] o.s.b.w.embedded.tomcat.TomcatWebServer  : Tomcat initialized with port 8080 (http)
2026-03-10T18:52:33.832+05:30  INFO 14700 --- [restartedMain] o.apache.catalina.core.StandardService   : Starting service [Tomcat]
2026-03-10T18:52:33.833+05:30  INFO 14700 --- [restartedMain] o.apache.catalina.core.StandardEngine    : Starting Servlet engine: [Apache Tomcat/10.1.18]
2026-03-10T18:52:33.885+05:30  INFO 14700 --- [restartedMain] o.a.c.c.C.[Tomcat].[localhost].[/]       : Initializing Spring embedded WebApplicationContext
2026-03-10T18:52:33.885+05:30  INFO 14700 --- [restartedMain] w.s.c.ServletWebServerApplicationContext : Root WebApplicationContext: initialization completed in 2223 ms
2026-03-10T18:52:34.166+05:30  INFO 14700 --- [restartedMain] o.hibernate.jpa.internal.util.LogHelper  : HHH000204: Processing PersistenceUnitInfo [name: default]
2026-03-10T18:52:34.278+05:30  INFO 14700 --- [restartedMain] org.hibernate.Version                    : HHH000412: Hibernate ORM core version 6.4.1.Final
2026-03-10T18:52:34.314+05:30  INFO 14700 --- [restartedMain] o.h.c.internal.RegionFactoryInitiator    : HHH000026: Second-level cache disabled
2026-03-10T18:52:34.667+05:30  INFO 14700 --- [restartedMain] o.s.o.j.p.SpringPersistenceUnitInfo      : No LoadTimeWeaver setup: ignoring JPA class transformer
2026-03-10T18:52:34.701+05:30  INFO 14700 --- [restartedMain] com.zaxxer.hikari.HikariDataSource       : HikariPool-1 - Starting...
2026-03-10T18:52:35.359+05:30  INFO 14700 --- [restartedMain] com.zaxxer.hikari.pool.HikariPool        : HikariPool-1 - Added connection com.mysql.cj.jdbc.ConnectionImpl@3812cfe
2026-03-10T18:52:35.362+05:30  INFO 14700 --- [restartedMain] com.zaxxer.hikari.HikariDataSource       : HikariPool-1 - Start completed.
2026-03-10T18:52:35.511+05:30  WARN 14700 --- [restartedMain] org.hibernate.orm.deprecation            : HHH90000025: MySQLDialect does not need to be specified explicitly using 'hibernate.dialect' (remove the property setting and it will be selected by default)
2026-03-10T18:52:36.985+05:30  INFO 14700 --- [restartedMain] o.h.e.t.j.p.i.JtaPlatformInitiator       : HHH000489: No JTA platform available (set 'hibernate.transaction.jta.platform' to enable JTA platform integration)
2026-03-10T18:52:37.636+05:30  INFO 14700 --- [restartedMain] j.LocalContainerEntityManagerFactoryBean : Initialized JPA EntityManagerFactory for persistence unit 'default'
2026-03-10T18:52:37.985+05:30  INFO 14700 --- [restartedMain] o.s.d.j.r.query.QueryEnhancerFactory     : Hibernate is in classpath; If applicable, HQL parser will be used.
2026-03-10T18:52:38.865+05:30 DEBUG 14700 --- [restartedMain] o.r.r.security.JwtAuthenticationFilter   : Filter 'jwtAuthenticationFilter' configured for use
2026-03-10T18:52:40.179+05:30  WARN 14700 --- [restartedMain] JpaBaseConfiguration$JpaWebConfiguration : spring.jpa.open-in-view is enabled by default. Therefore, database queries may be performed during view rendering. Explicitly configure spring.jpa.open-in-view to disable this warning
2026-03-10T18:52:40.561+05:30  INFO 14700 --- [restartedMain] o.s.s.web.DefaultSecurityFilterChain     : Will secure any request with [org.springframework.security.web.session.DisableEncodeUrlFilter@1cbc1129, org.springframework.security.web.context.request.async.WebAsyncManagerIntegrationFilter@687f735a, org.springframework.security.web.context.SecurityContextHolderFilter@21766c69, org.springframework.security.web.header.HeaderWriterFilter@1360ee44, org.springframework.web.filter.CorsFilter@7346003f, org.springframework.security.web.authentication.logout.LogoutFilter@c1ff92c, org.revature.revconnect.security.JwtAuthenticationFilter@15b00fba, org.springframework.security.web.savedrequest.RequestCacheAwareFilter@53ad6fcd, org.springframework.security.web.servletapi.SecurityContextHolderAwareRequestFilter@37e52185, org.springframework.security.web.authentication.AnonymousAuthenticationFilter@3e48a885, org.springframework.security.web.session.SessionManagementFilter@501696b4, org.springframework.security.web.access.ExceptionTranslationFilter@7b60fa8e, org.springframework.security.web.access.intercept.AuthorizationFilter@443ec36]
2026-03-10T18:52:41.120+05:30  INFO 14700 --- [restartedMain] o.s.b.d.a.OptionalLiveReloadServer       : LiveReload server is running on port 35729
2026-03-10T18:52:41.189+05:30  INFO 14700 --- [restartedMain] o.s.b.w.embedded.tomcat.TomcatWebServer  : Tomcat started on port 8080 (http) with context path ''
2026-03-10T18:52:41.192+05:30  INFO 14700 --- [restartedMain] o.s.m.s.b.SimpleBrokerMessageHandler     : Starting...
2026-03-10T18:52:41.196+05:30  INFO 14700 --- [restartedMain] o.s.m.s.b.SimpleBrokerMessageHandler     : BrokerAvailabilityEvent[available=true, SimpleBrokerMessageHandler [org.springframework.messaging.simp.broker.DefaultSubscriptionRegistry@508ba97b]]
2026-03-10T18:52:41.198+05:30  INFO 14700 --- [restartedMain] o.s.m.s.b.SimpleBrokerMessageHandler     : Started.
2026-03-10T18:52:41.209+05:30  INFO 14700 --- [restartedMain] o.r.revconnect.RevconnectApplication     : Started RevconnectApplication in 10.176 seconds (process running for 19.116)
2026-03-10T18:53:41.166+05:30  INFO 14700 --- [MessageBroker-1] o.s.w.s.c.WebSocketMessageBrokerStats    : WebSocketSession[0 current WS(0)-HttpStream(0)-HttpPoll(0), 0 total, 0 closed abnormally (0 connect failure, 0 send limit, 0 transport error)], stompSubProtocol[processed CONNECT(0)-CONNECTED(0)-DISCONNECT(0)], stompBrokerRelay[null], inboundChannel[pool size = 0, active threads = 0, queued tasks = 0, completed tasks = 0], outboundChannel[pool size = 0, active threads = 0, queued tasks = 0, completed tasks = 0], sockJsScheduler[pool size = 1, active threads = 1, queued tasks = 0, completed tasks = 0]
2026-03-10T18:55:10.409+05:30  INFO 14700 --- [http-nio-8080-exec-1] o.a.c.c.C.[Tomcat].[localhost].[/]       : Initializing Spring DispatcherServlet 'dispatcherServlet'
2026-03-10T18:55:10.413+05:30  INFO 14700 --- [http-nio-8080-exec-1] o.s.web.servlet.DispatcherServlet        : Initializing Servlet 'dispatcherServlet'
2026-03-10T18:55:10.418+05:30  INFO 14700 --- [http-nio-8080-exec-1] o.s.web.servlet.DispatcherServlet        : Completed initialization in 4 ms
2026-03-10T18:55:10.450+05:30 DEBUG 14700 --- [http-nio-8080-exec-1] o.s.security.web.FilterChainProxy        : Securing POST /api/auth/login
2026-03-10T18:55:10.699+05:30 DEBUG 14700 --- [http-nio-8080-exec-1] o.s.s.w.a.AnonymousAuthenticationFilter  : Set SecurityContextHolder to anonymous SecurityContext
2026-03-10T18:55:10.702+05:30 DEBUG 14700 --- [http-nio-8080-exec-1] o.s.security.web.FilterChainProxy        : Secured POST /api/auth/login
2026-03-10T18:55:10.889+05:30  INFO 14700 --- [http-nio-8080-exec-1] o.r.r.controller.AuthController          : Login attempt for: user1
2026-03-10T18:55:10.889+05:30  INFO 14700 --- [http-nio-8080-exec-1] o.r.revconnect.service.AuthService       : Attempting login for user: user1
2026-03-10T18:55:11.069+05:30 DEBUG 14700 --- [http-nio-8080-exec-1] o.r.r.service.CustomUserDetailsService   : Loading user by username or email: user1
2026-03-10T18:55:11.395+05:30 DEBUG 14700 --- [http-nio-8080-exec-1] o.s.s.a.dao.DaoAuthenticationProvider    : Authenticated user
2026-03-10T18:55:11.443+05:30  INFO 14700 --- [http-nio-8080-exec-1] o.r.revconnect.service.AuthService       : User logged in successfully: user1
2026-03-10T18:55:11.446+05:30  INFO 14700 --- [http-nio-8080-exec-1] o.r.r.controller.AuthController          : Login successful for user: user1
2026-03-10T18:55:11.595+05:30 DEBUG 14700 --- [http-nio-8080-exec-4] o.s.security.web.FilterChainProxy        : Securing GET /api/users/me
2026-03-10T18:55:11.595+05:30 DEBUG 14700 --- [http-nio-8080-exec-2] o.s.security.web.FilterChainProxy        : Securing GET /api/notifications/count
2026-03-10T18:55:11.596+05:30 DEBUG 14700 --- [http-nio-8080-exec-3] o.s.security.web.FilterChainProxy        : Securing GET /api/messages/unread/count
2026-03-10T18:55:11.597+05:30 DEBUG 14700 --- [http-nio-8080-exec-6] o.s.security.web.FilterChainProxy        : Securing GET /api/stories/feed
2026-03-10T18:55:11.603+05:30 DEBUG 14700 --- [http-nio-8080-exec-2] o.r.r.service.CustomUserDetailsService   : Loading user by username or email: user1
2026-03-10T18:55:11.603+05:30 DEBUG 14700 --- [http-nio-8080-exec-6] o.r.r.service.CustomUserDetailsService   : Loading user by username or email: user1
2026-03-10T18:55:11.603+05:30 DEBUG 14700 --- [http-nio-8080-exec-4] o.r.r.service.CustomUserDetailsService   : Loading user by username or email: user1
2026-03-10T18:55:11.603+05:30 DEBUG 14700 --- [http-nio-8080-exec-3] o.r.r.service.CustomUserDetailsService   : Loading user by username or email: user1
2026-03-10T18:55:11.772+05:30 DEBUG 14700 --- [http-nio-8080-exec-6] o.s.security.web.FilterChainProxy        : Secured GET /api/stories/feed
2026-03-10T18:55:11.772+05:30 DEBUG 14700 --- [http-nio-8080-exec-4] o.s.security.web.FilterChainProxy        : Secured GET /api/users/me
2026-03-10T18:55:11.776+05:30 DEBUG 14700 --- [http-nio-8080-exec-2] o.s.security.web.FilterChainProxy        : Secured GET /api/notifications/count
2026-03-10T18:55:11.790+05:30 DEBUG 14700 --- [http-nio-8080-exec-3] o.s.security.web.FilterChainProxy        : Secured GET /api/messages/unread/count
2026-03-10T18:55:11.791+05:30  INFO 14700 --- [http-nio-8080-exec-6] o.r.r.controller.StoryController         : Getting stories feed
2026-03-10T18:55:11.792+05:30  INFO 14700 --- [http-nio-8080-exec-4] o.r.r.controller.UserController          : Request to get current user profile
2026-03-10T18:55:11.794+05:30  INFO 14700 --- [http-nio-8080-exec-4] o.r.revconnect.service.UserService       : Fetching profile for user: user1
2026-03-10T18:55:11.793+05:30  INFO 14700 --- [http-nio-8080-exec-2] o.r.r.controller.NotificationController  : Get unread count request
2026-03-10T18:55:11.794+05:30  INFO 14700 --- [http-nio-8080-exec-3] o.r.r.controller.MessageController       : Getting unread message count
2026-03-10T18:55:11.801+05:30 DEBUG 14700 --- [http-nio-8080-exec-4] o.r.r.controller.UserController          : Profile retrieved for user: user1
2026-03-10T18:55:11.829+05:30 DEBUG 14700 --- [http-nio-8080-exec-5] o.s.security.web.FilterChainProxy        : Securing GET /api/users/me
2026-03-10T18:55:11.831+05:30  INFO 14700 --- [http-nio-8080-exec-2] o.r.r.service.NotificationService        : User user1 has 5 unread notifications
2026-03-10T18:55:11.836+05:30 DEBUG 14700 --- [http-nio-8080-exec-5] o.r.r.service.CustomUserDetailsService   : Loading user by username or email: user1
2026-03-10T18:55:11.842+05:30 DEBUG 14700 --- [http-nio-8080-exec-7] o.s.security.web.FilterChainProxy        : Securing GET /api/posts/feed/personalized?page=0&size=10
2026-03-10T18:55:11.848+05:30 DEBUG 14700 --- [http-nio-8080-exec-8] o.s.security.web.FilterChainProxy        : Securing GET /api/search/trending
2026-03-10T18:55:11.851+05:30 DEBUG 14700 --- [http-nio-8080-exec-7] o.r.r.service.CustomUserDetailsService   : Loading user by username or email: user1
2026-03-10T18:55:11.853+05:30 DEBUG 14700 --- [http-nio-8080-exec-8] o.r.r.service.CustomUserDetailsService   : Loading user by username or email: user1
2026-03-10T18:55:11.863+05:30 DEBUG 14700 --- [http-nio-8080-exec-9] o.s.security.web.FilterChainProxy        : Securing GET /api/notifications/count
2026-03-10T18:55:11.866+05:30 DEBUG 14700 --- [http-nio-8080-exec-9] o.r.r.service.CustomUserDetailsService   : Loading user by username or email: user1
2026-03-10T18:55:11.868+05:30 DEBUG 14700 --- [http-nio-8080-exec-5] o.s.security.web.FilterChainProxy        : Secured GET /api/users/me
2026-03-10T18:55:11.869+05:30  INFO 14700 --- [http-nio-8080-exec-5] o.r.r.controller.UserController          : Request to get current user profile
2026-03-10T18:55:11.870+05:30  INFO 14700 --- [http-nio-8080-exec-5] o.r.revconnect.service.UserService       : Fetching profile for user: user1
2026-03-10T18:55:11.870+05:30 DEBUG 14700 --- [http-nio-8080-exec-5] o.r.r.controller.UserController          : Profile retrieved for user: user1
2026-03-10T18:55:11.872+05:30 DEBUG 14700 --- [http-nio-8080-exec-7] o.s.security.web.FilterChainProxy        : Secured GET /api/posts/feed/personalized?page=0&size=10
2026-03-10T18:55:11.872+05:30 DEBUG 14700 --- [http-nio-8080-exec-8] o.s.security.web.FilterChainProxy        : Secured GET /api/search/trending
2026-03-10T18:55:11.878+05:30  INFO 14700 --- [http-nio-8080-exec-8] o.r.r.controller.SearchController        : Getting trending searches
2026-03-10T18:55:11.881+05:30  INFO 14700 --- [http-nio-8080-exec-8] o.r.revconnect.service.HashtagService    : Fetching top 10 trending hashtags
2026-03-10T18:55:11.883+05:30 DEBUG 14700 --- [http-nio-8080-exec-10] o.s.security.web.FilterChainProxy        : Securing GET /api/users/me
2026-03-10T18:55:11.886+05:30 DEBUG 14700 --- [http-nio-8080-exec-9] o.s.security.web.FilterChainProxy        : Secured GET /api/notifications/count
2026-03-10T18:55:11.886+05:30 DEBUG 14700 --- [http-nio-8080-exec-10] o.r.r.service.CustomUserDetailsService   : Loading user by username or email: user1
2026-03-10T18:55:11.886+05:30  INFO 14700 --- [http-nio-8080-exec-9] o.r.r.controller.NotificationController  : Get unread count request
2026-03-10T18:55:11.891+05:30  INFO 14700 --- [http-nio-8080-exec-7] o.r.r.controller.PostController          : Get personalized feed request - page: 0, size: 10
2026-03-10T18:55:11.893+05:30  INFO 14700 --- [http-nio-8080-exec-9] o.r.r.service.NotificationService        : User user1 has 5 unread notifications
2026-03-10T18:55:11.903+05:30 DEBUG 14700 --- [http-nio-8080-exec-10] o.s.security.web.FilterChainProxy        : Secured GET /api/users/me
2026-03-10T18:55:11.905+05:30  INFO 14700 --- [http-nio-8080-exec-10] o.r.r.controller.UserController          : Request to get current user profile
2026-03-10T18:55:11.905+05:30  INFO 14700 --- [http-nio-8080-exec-10] o.r.revconnect.service.UserService       : Fetching profile for user: user1
2026-03-10T18:55:11.906+05:30 DEBUG 14700 --- [http-nio-8080-exec-10] o.r.r.controller.UserController          : Profile retrieved for user: user1
2026-03-10T18:55:11.917+05:30 DEBUG 14700 --- [http-nio-8080-exec-1] o.s.security.web.FilterChainProxy        : Securing GET /uploads/media/1/profile/399af8b4-7629-4b96-b1a0-e2779793a067.jpg
2026-03-10T18:55:11.918+05:30 DEBUG 14700 --- [http-nio-8080-exec-1] o.s.s.w.a.AnonymousAuthenticationFilter  : Set SecurityContextHolder to anonymous SecurityContext
2026-03-10T18:55:11.920+05:30 DEBUG 14700 --- [http-nio-8080-exec-1] o.s.security.web.FilterChainProxy        : Secured GET /uploads/media/1/profile/399af8b4-7629-4b96-b1a0-e2779793a067.jpg
2026-03-10T18:55:11.922+05:30 DEBUG 14700 --- [http-nio-8080-exec-4] o.s.security.web.FilterChainProxy        : Securing GET /api/users/me
2026-03-10T18:55:11.925+05:30 DEBUG 14700 --- [http-nio-8080-exec-4] o.r.r.service.CustomUserDetailsService   : Loading user by username or email: user1
2026-03-10T18:55:11.942+05:30 DEBUG 14700 --- [http-nio-8080-exec-4] o.s.security.web.FilterChainProxy        : Secured GET /api/users/me
2026-03-10T18:55:11.944+05:30  INFO 14700 --- [http-nio-8080-exec-4] o.r.r.controller.UserController          : Request to get current user profile
2026-03-10T18:55:11.944+05:30  INFO 14700 --- [http-nio-8080-exec-4] o.r.revconnect.service.UserService       : Fetching profile for user: user1
2026-03-10T18:55:11.944+05:30 DEBUG 14700 --- [http-nio-8080-exec-4] o.r.r.controller.UserController          : Profile retrieved for user: user1
2026-03-10T18:55:11.951+05:30  INFO 14700 --- [http-nio-8080-exec-6] o.r.revconnect.service.StoryService      : Fetching stories feed for 7 users
2026-03-10T18:55:11.957+05:30  WARN 14700 --- [http-nio-8080-exec-1] .m.m.a.ExceptionHandlerExceptionResolver : Resolved [org.springframework.web.servlet.resource.NoResourceFoundException: No static resource media/1/profile/399af8b4-7629-4b96-b1a0-e2779793a067.jpg.]
2026-03-10T18:55:11.975+05:30 DEBUG 14700 --- [http-nio-8080-exec-2] o.s.security.web.FilterChainProxy        : Securing GET /api/stories
2026-03-10T18:55:11.979+05:30 DEBUG 14700 --- [http-nio-8080-exec-2] o.r.r.service.CustomUserDetailsService   : Loading user by username or email: user1
2026-03-10T18:55:11.993+05:30 DEBUG 14700 --- [http-nio-8080-exec-2] o.s.security.web.FilterChainProxy        : Secured GET /api/stories
2026-03-10T18:55:11.994+05:30  INFO 14700 --- [http-nio-8080-exec-2] o.r.r.controller.StoryController         : Getting my stories
2026-03-10T18:55:11.994+05:30  INFO 14700 --- [http-nio-8080-exec-2] o.r.revconnect.service.StoryService      : Fetching active stories for user: user1
2026-03-10T18:55:12.014+05:30 DEBUG 14700 --- [http-nio-8080-exec-3] o.s.security.web.FilterChainProxy        : Securing GET /uploads/media/1/profile/399af8b4-7629-4b96-b1a0-e2779793a067.jpg
2026-03-10T18:55:12.016+05:30 DEBUG 14700 --- [http-nio-8080-exec-3] o.s.s.w.a.AnonymousAuthenticationFilter  : Set SecurityContextHolder to anonymous SecurityContext
2026-03-10T18:55:12.018+05:30 DEBUG 14700 --- [http-nio-8080-exec-3] o.s.security.web.FilterChainProxy        : Secured GET /uploads/media/1/profile/399af8b4-7629-4b96-b1a0-e2779793a067.jpg
2026-03-10T18:55:12.022+05:30  WARN 14700 --- [http-nio-8080-exec-3] .m.m.a.ExceptionHandlerExceptionResolver : Resolved [org.springframework.web.servlet.resource.NoResourceFoundException: No static resource media/1/profile/399af8b4-7629-4b96-b1a0-e2779793a067.jpg.]
2026-03-10T18:55:12.143+05:30 DEBUG 14700 --- [http-nio-8080-exec-9] o.s.security.web.FilterChainProxy        : Securing GET /api/bookmarks/posts/76/status
2026-03-10T18:55:12.145+05:30 DEBUG 14700 --- [http-nio-8080-exec-10] o.s.security.web.FilterChainProxy        : Securing POST /api/business/posts/76/impression
2026-03-10T18:55:12.144+05:30 DEBUG 14700 --- [http-nio-8080-exec-5] o.s.security.web.FilterChainProxy        : Securing GET /api/posts/76/liked
2026-03-10T18:55:12.150+05:30 DEBUG 14700 --- [http-nio-8080-exec-9] o.r.r.service.CustomUserDetailsService   : Loading user by username or email: user1
2026-03-10T18:55:12.152+05:30 DEBUG 14700 --- [http-nio-8080-exec-8] o.s.security.web.FilterChainProxy        : Securing POST /api/business/posts/76/view
2026-03-10T18:55:12.152+05:30 DEBUG 14700 --- [http-nio-8080-exec-4] o.s.security.web.FilterChainProxy        : Securing GET /api/posts/75/liked
2026-03-10T18:55:12.153+05:30 DEBUG 14700 --- [http-nio-8080-exec-5] o.r.r.service.CustomUserDetailsService   : Loading user by username or email: user1
2026-03-10T18:55:12.155+05:30 DEBUG 14700 --- [http-nio-8080-exec-1] o.s.security.web.FilterChainProxy        : Securing GET /api/bookmarks/posts/75/status
2026-03-10T18:55:12.157+05:30 DEBUG 14700 --- [http-nio-8080-exec-10] o.r.r.service.CustomUserDetailsService   : Loading user by username or email: user1
2026-03-10T18:55:12.159+05:30 DEBUG 14700 --- [http-nio-8080-exec-8] o.r.r.service.CustomUserDetailsService   : Loading user by username or email: user1
2026-03-10T18:55:12.161+05:30 DEBUG 14700 --- [http-nio-8080-exec-4] o.r.r.service.CustomUserDetailsService   : Loading user by username or email: user1
2026-03-10T18:55:12.164+05:30 DEBUG 14700 --- [http-nio-8080-exec-1] o.r.r.service.CustomUserDetailsService   : Loading user by username or email: user1
2026-03-10T18:55:12.176+05:30 DEBUG 14700 --- [http-nio-8080-exec-9] o.s.security.web.FilterChainProxy        : Secured GET /api/bookmarks/posts/76/status
2026-03-10T18:55:12.183+05:30 DEBUG 14700 --- [http-nio-8080-exec-5] o.s.security.web.FilterChainProxy        : Secured GET /api/posts/76/liked
2026-03-10T18:55:12.184+05:30 DEBUG 14700 --- [http-nio-8080-exec-8] o.s.security.web.FilterChainProxy        : Secured POST /api/business/posts/76/view
2026-03-10T18:55:12.184+05:30 DEBUG 14700 --- [http-nio-8080-exec-4] o.s.security.web.FilterChainProxy        : Secured GET /api/posts/75/liked
2026-03-10T18:55:12.185+05:30 DEBUG 14700 --- [http-nio-8080-exec-10] o.s.security.web.FilterChainProxy        : Secured POST /api/business/posts/76/impression
2026-03-10T18:55:12.187+05:30  INFO 14700 --- [http-nio-8080-exec-9] o.r.r.controller.BookmarkController      : Check bookmark status for post ID: 76
2026-03-10T18:55:12.187+05:30  INFO 14700 --- [http-nio-8080-exec-5] o.r.r.controller.InteractionController   : Check like status for post ID: 76
2026-03-10T18:55:12.187+05:30  INFO 14700 --- [http-nio-8080-exec-4] o.r.r.controller.InteractionController   : Check like status for post ID: 75
2026-03-10T18:55:12.190+05:30 DEBUG 14700 --- [http-nio-8080-exec-10] o.r.r.controller.BusinessController      : Recording impression for post: 76
2026-03-10T18:55:12.190+05:30 DEBUG 14700 --- [http-nio-8080-exec-8] o.r.r.controller.BusinessController      : Recording view for post: 76
2026-03-10T18:55:12.190+05:30 DEBUG 14700 --- [http-nio-8080-exec-1] o.s.security.web.FilterChainProxy        : Secured GET /api/bookmarks/posts/75/status
2026-03-10T18:55:12.191+05:30 DEBUG 14700 --- [http-nio-8080-exec-10] o.r.revconnect.service.BusinessService   : Recording impression for post: 76
2026-03-10T18:55:12.191+05:30 DEBUG 14700 --- [http-nio-8080-exec-8] o.r.revconnect.service.BusinessService   : Recording view for post: 76
2026-03-10T18:55:12.191+05:30  INFO 14700 --- [http-nio-8080-exec-1] o.r.r.controller.BookmarkController      : Check bookmark status for post ID: 75
2026-03-10T18:55:12.221+05:30 DEBUG 14700 --- [http-nio-8080-exec-2] o.s.security.web.FilterChainProxy        : Securing POST /api/business/posts/75/view
2026-03-10T18:55:12.222+05:30 DEBUG 14700 --- [http-nio-8080-exec-6] o.s.security.web.FilterChainProxy        : Securing POST /api/business/posts/75/impression
2026-03-10T18:55:12.224+05:30 DEBUG 14700 --- [http-nio-8080-exec-6] o.r.r.service.CustomUserDetailsService   : Loading user by username or email: user1
2026-03-10T18:55:12.224+05:30 DEBUG 14700 --- [http-nio-8080-exec-2] o.r.r.service.CustomUserDetailsService   : Loading user by username or email: user1
2026-03-10T18:55:12.242+05:30 DEBUG 14700 --- [http-nio-8080-exec-2] o.s.security.web.FilterChainProxy        : Secured POST /api/business/posts/75/view
2026-03-10T18:55:12.242+05:30 DEBUG 14700 --- [http-nio-8080-exec-6] o.s.security.web.FilterChainProxy        : Secured POST /api/business/posts/75/impression
2026-03-10T18:55:12.243+05:30 DEBUG 14700 --- [http-nio-8080-exec-6] o.r.r.controller.BusinessController      : Recording impression for post: 75
2026-03-10T18:55:12.245+05:30 DEBUG 14700 --- [http-nio-8080-exec-2] o.r.r.controller.BusinessController      : Recording view for post: 75
2026-03-10T18:55:12.246+05:30 DEBUG 14700 --- [http-nio-8080-exec-2] o.r.revconnect.service.BusinessService   : Recording view for post: 75
2026-03-10T18:55:12.246+05:30 DEBUG 14700 --- [http-nio-8080-exec-6] o.r.revconnect.service.BusinessService   : Recording impression for post: 75
2026-03-10T18:55:12.300+05:30 DEBUG 14700 --- [http-nio-8080-exec-7] o.s.security.web.FilterChainProxy        : Securing GET /api/posts/74/liked
2026-03-10T18:55:12.302+05:30 DEBUG 14700 --- [http-nio-8080-exec-3] o.s.security.web.FilterChainProxy        : Securing POST /api/business/posts/74/impression
2026-03-10T18:55:12.304+05:30 DEBUG 14700 --- [http-nio-8080-exec-3] o.r.r.service.CustomUserDetailsService   : Loading user by username or email: user1
2026-03-10T18:55:12.304+05:30 DEBUG 14700 --- [http-nio-8080-exec-7] o.r.r.service.CustomUserDetailsService   : Loading user by username or email: user1
2026-03-10T18:55:12.323+05:30 DEBUG 14700 --- [http-nio-8080-exec-3] o.s.security.web.FilterChainProxy        : Secured POST /api/business/posts/74/impression
2026-03-10T18:55:12.324+05:30 DEBUG 14700 --- [http-nio-8080-exec-7] o.s.security.web.FilterChainProxy        : Secured GET /api/posts/74/liked
2026-03-10T18:55:12.324+05:30 DEBUG 14700 --- [http-nio-8080-exec-3] o.r.r.controller.BusinessController      : Recording impression for post: 74
2026-03-10T18:55:12.325+05:30  INFO 14700 --- [http-nio-8080-exec-7] o.r.r.controller.InteractionController   : Check like status for post ID: 74
2026-03-10T18:55:12.326+05:30 DEBUG 14700 --- [http-nio-8080-exec-3] o.r.revconnect.service.BusinessService   : Recording impression for post: 74
2026-03-10T18:55:12.340+05:30 DEBUG 14700 --- [http-nio-8080-exec-5] o.s.security.web.FilterChainProxy        : Securing GET /api/bookmarks/posts/74/status
2026-03-10T18:55:12.347+05:30 DEBUG 14700 --- [http-nio-8080-exec-5] o.r.r.service.CustomUserDetailsService   : Loading user by username or email: user1
2026-03-10T18:55:12.359+05:30 DEBUG 14700 --- [http-nio-8080-exec-5] o.s.security.web.FilterChainProxy        : Secured GET /api/bookmarks/posts/74/status
2026-03-10T18:55:12.361+05:30  INFO 14700 --- [http-nio-8080-exec-5] o.r.r.controller.BookmarkController      : Check bookmark status for post ID: 74
2026-03-10T18:55:12.374+05:30 DEBUG 14700 --- [http-nio-8080-exec-4] o.s.security.web.FilterChainProxy        : Securing POST /api/business/posts/74/view
2026-03-10T18:55:12.374+05:30 DEBUG 14700 --- [http-nio-8080-exec-1] o.s.security.web.FilterChainProxy        : Securing GET /api/posts/73/liked
2026-03-10T18:55:12.377+05:30 DEBUG 14700 --- [http-nio-8080-exec-7] o.s.security.web.FilterChainProxy        : Securing GET /api/bookmarks/posts/73/status
2026-03-10T18:55:12.377+05:30 DEBUG 14700 --- [http-nio-8080-exec-9] o.s.security.web.FilterChainProxy        : Securing POST /api/business/posts/73/impression
2026-03-10T18:55:12.379+05:30 DEBUG 14700 --- [http-nio-8080-exec-1] o.r.r.service.CustomUserDetailsService   : Loading user by username or email: user1
2026-03-10T18:55:12.379+05:30 DEBUG 14700 --- [http-nio-8080-exec-4] o.r.r.service.CustomUserDetailsService   : Loading user by username or email: user1
2026-03-10T18:55:12.381+05:30 DEBUG 14700 --- [http-nio-8080-exec-9] o.r.r.service.CustomUserDetailsService   : Loading user by username or email: user1
2026-03-10T18:55:12.382+05:30 DEBUG 14700 --- [http-nio-8080-exec-3] o.s.security.web.FilterChainProxy        : Securing POST /api/business/posts/73/view
2026-03-10T18:55:12.384+05:30 DEBUG 14700 --- [http-nio-8080-exec-7] o.r.r.service.CustomUserDetailsService   : Loading user by username or email: user1
2026-03-10T18:55:12.385+05:30 DEBUG 14700 --- [http-nio-8080-exec-3] o.r.r.service.CustomUserDetailsService   : Loading user by username or email: user1
2026-03-10T18:55:12.397+05:30 DEBUG 14700 --- [http-nio-8080-exec-4] o.s.security.web.FilterChainProxy        : Secured POST /api/business/posts/74/view
2026-03-10T18:55:12.397+05:30 DEBUG 14700 --- [http-nio-8080-exec-1] o.s.security.web.FilterChainProxy        : Secured GET /api/posts/73/liked
2026-03-10T18:55:12.399+05:30  INFO 14700 --- [http-nio-8080-exec-1] o.r.r.controller.InteractionController   : Check like status for post ID: 73
2026-03-10T18:55:12.400+05:30 DEBUG 14700 --- [http-nio-8080-exec-10] o.s.security.web.FilterChainProxy        : Securing GET /api/posts/72/liked
2026-03-10T18:55:12.400+05:30 DEBUG 14700 --- [http-nio-8080-exec-4] o.r.r.controller.BusinessController      : Recording view for post: 74
2026-03-10T18:55:12.401+05:30 DEBUG 14700 --- [http-nio-8080-exec-4] o.r.revconnect.service.BusinessService   : Recording view for post: 74
2026-03-10T18:55:12.402+05:30 DEBUG 14700 --- [http-nio-8080-exec-10] o.r.r.service.CustomUserDetailsService   : Loading user by username or email: user1
2026-03-10T18:55:12.404+05:30 DEBUG 14700 --- [http-nio-8080-exec-9] o.s.security.web.FilterChainProxy        : Secured POST /api/business/posts/73/impression
2026-03-10T18:55:12.405+05:30 DEBUG 14700 --- [http-nio-8080-exec-7] o.s.security.web.FilterChainProxy        : Secured GET /api/bookmarks/posts/73/status
2026-03-10T18:55:12.406+05:30  INFO 14700 --- [http-nio-8080-exec-7] o.r.r.controller.BookmarkController      : Check bookmark status for post ID: 73
2026-03-10T18:55:12.406+05:30 DEBUG 14700 --- [http-nio-8080-exec-9] o.r.r.controller.BusinessController      : Recording impression for post: 73
2026-03-10T18:55:12.407+05:30 DEBUG 14700 --- [http-nio-8080-exec-9] o.r.revconnect.service.BusinessService   : Recording impression for post: 73
2026-03-10T18:55:12.414+05:30 DEBUG 14700 --- [http-nio-8080-exec-3] o.s.security.web.FilterChainProxy        : Secured POST /api/business/posts/73/view
2026-03-10T18:55:12.417+05:30 DEBUG 14700 --- [http-nio-8080-exec-6] o.s.security.web.FilterChainProxy        : Securing POST /api/business/posts/72/impression
2026-03-10T18:55:12.417+05:30 DEBUG 14700 --- [http-nio-8080-exec-3] o.r.r.controller.BusinessController      : Recording view for post: 73
2026-03-10T18:55:12.423+05:30 DEBUG 14700 --- [http-nio-8080-exec-3] o.r.revconnect.service.BusinessService   : Recording view for post: 73
2026-03-10T18:55:12.424+05:30 DEBUG 14700 --- [http-nio-8080-exec-10] o.s.security.web.FilterChainProxy        : Secured GET /api/posts/72/liked
2026-03-10T18:55:12.428+05:30  INFO 14700 --- [http-nio-8080-exec-10] o.r.r.controller.InteractionController   : Check like status for post ID: 72
2026-03-10T18:55:12.431+05:30 DEBUG 14700 --- [http-nio-8080-exec-6] o.r.r.service.CustomUserDetailsService   : Loading user by username or email: user1
2026-03-10T18:55:12.439+05:30 DEBUG 14700 --- [http-nio-8080-exec-2] o.s.security.web.FilterChainProxy        : Securing POST /api/business/posts/72/view
2026-03-10T18:55:12.449+05:30 DEBUG 14700 --- [http-nio-8080-exec-8] o.s.security.web.FilterChainProxy        : Securing GET /api/bookmarks/posts/72/status
2026-03-10T18:55:12.447+05:30 DEBUG 14700 --- [http-nio-8080-exec-2] o.r.r.service.CustomUserDetailsService   : Loading user by username or email: user1
2026-03-10T18:55:12.452+05:30 DEBUG 14700 --- [http-nio-8080-exec-8] o.r.r.service.CustomUserDetailsService   : Loading user by username or email: user1
2026-03-10T18:55:12.457+05:30 DEBUG 14700 --- [http-nio-8080-exec-6] o.s.security.web.FilterChainProxy        : Secured POST /api/business/posts/72/impression
2026-03-10T18:55:12.459+05:30 DEBUG 14700 --- [http-nio-8080-exec-5] o.s.security.web.FilterChainProxy        : Securing POST /api/business/posts/71/impression
2026-03-10T18:55:12.460+05:30 DEBUG 14700 --- [http-nio-8080-exec-6] o.r.r.controller.BusinessController      : Recording impression for post: 72
2026-03-10T18:55:12.463+05:30 DEBUG 14700 --- [http-nio-8080-exec-6] o.r.revconnect.service.BusinessService   : Recording impression for post: 72
2026-03-10T18:55:12.465+05:30 DEBUG 14700 --- [http-nio-8080-exec-5] o.r.r.service.CustomUserDetailsService   : Loading user by username or email: user1
2026-03-10T18:55:12.469+05:30 DEBUG 14700 --- [http-nio-8080-exec-2] o.s.security.web.FilterChainProxy        : Secured POST /api/business/posts/72/view
2026-03-10T18:55:12.473+05:30 DEBUG 14700 --- [http-nio-8080-exec-2] o.r.r.controller.BusinessController      : Recording view for post: 72
2026-03-10T18:55:12.475+05:30 DEBUG 14700 --- [http-nio-8080-exec-8] o.s.security.web.FilterChainProxy        : Secured GET /api/bookmarks/posts/72/status
2026-03-10T18:55:12.481+05:30 DEBUG 14700 --- [http-nio-8080-exec-2] o.r.revconnect.service.BusinessService   : Recording view for post: 72
2026-03-10T18:55:12.481+05:30  INFO 14700 --- [http-nio-8080-exec-8] o.r.r.controller.BookmarkController      : Check bookmark status for post ID: 72
2026-03-10T18:55:12.488+05:30 DEBUG 14700 --- [http-nio-8080-exec-5] o.s.security.web.FilterChainProxy        : Secured POST /api/business/posts/71/impression
2026-03-10T18:55:12.489+05:30 DEBUG 14700 --- [http-nio-8080-exec-5] o.r.r.controller.BusinessController      : Recording impression for post: 71
2026-03-10T18:55:12.491+05:30 DEBUG 14700 --- [http-nio-8080-exec-5] o.r.revconnect.service.BusinessService   : Recording impression for post: 71
2026-03-10T18:55:12.491+05:30 DEBUG 14700 --- [http-nio-8080-exec-1] o.s.security.web.FilterChainProxy        : Securing GET /api/posts/71/liked
2026-03-10T18:55:12.494+05:30 DEBUG 14700 --- [http-nio-8080-exec-9] o.s.security.web.FilterChainProxy        : Securing POST /api/business/posts/71/view
2026-03-10T18:55:12.502+05:30 DEBUG 14700 --- [http-nio-8080-exec-1] o.r.r.service.CustomUserDetailsService   : Loading user by username or email: user1
2026-03-10T18:55:12.502+05:30 DEBUG 14700 --- [http-nio-8080-exec-9] o.r.r.service.CustomUserDetailsService   : Loading user by username or email: user1
2026-03-10T18:55:12.505+05:30 DEBUG 14700 --- [http-nio-8080-exec-10] o.s.security.web.FilterChainProxy        : Securing GET /api/bookmarks/posts/71/status
2026-03-10T18:55:12.508+05:30 DEBUG 14700 --- [http-nio-8080-exec-10] o.r.r.service.CustomUserDetailsService   : Loading user by username or email: user1
2026-03-10T18:55:12.512+05:30 DEBUG 14700 --- [http-nio-8080-exec-1] o.s.security.web.FilterChainProxy        : Secured GET /api/posts/71/liked
2026-03-10T18:55:12.512+05:30 DEBUG 14700 --- [http-nio-8080-exec-9] o.s.security.web.FilterChainProxy        : Secured POST /api/business/posts/71/view
2026-03-10T18:55:12.514+05:30 DEBUG 14700 --- [http-nio-8080-exec-9] o.r.r.controller.BusinessController      : Recording view for post: 71
2026-03-10T18:55:12.514+05:30  INFO 14700 --- [http-nio-8080-exec-1] o.r.r.controller.InteractionController   : Check like status for post ID: 71
2026-03-10T18:55:12.515+05:30 DEBUG 14700 --- [http-nio-8080-exec-7] o.s.security.web.FilterChainProxy        : Securing POST /api/business/posts/70/impression
2026-03-10T18:55:12.516+05:30 DEBUG 14700 --- [http-nio-8080-exec-9] o.r.revconnect.service.BusinessService   : Recording view for post: 71
2026-03-10T18:55:12.516+05:30 DEBUG 14700 --- [http-nio-8080-exec-7] o.r.r.service.CustomUserDetailsService   : Loading user by username or email: user1
2026-03-10T18:55:12.523+05:30 DEBUG 14700 --- [http-nio-8080-exec-4] o.s.security.web.FilterChainProxy        : Securing GET /api/posts/70/liked
2026-03-10T18:55:12.524+05:30 DEBUG 14700 --- [http-nio-8080-exec-4] o.r.r.service.CustomUserDetailsService   : Loading user by username or email: user1
2026-03-10T18:55:12.524+05:30 DEBUG 14700 --- [http-nio-8080-exec-3] o.s.security.web.FilterChainProxy        : Securing POST /api/business/posts/70/view
2026-03-10T18:55:12.525+05:30 DEBUG 14700 --- [http-nio-8080-exec-10] o.s.security.web.FilterChainProxy        : Secured GET /api/bookmarks/posts/71/status
2026-03-10T18:55:12.527+05:30 DEBUG 14700 --- [http-nio-8080-exec-3] o.r.r.service.CustomUserDetailsService   : Loading user by username or email: user1
2026-03-10T18:55:12.527+05:30  INFO 14700 --- [http-nio-8080-exec-10] o.r.r.controller.BookmarkController      : Check bookmark status for post ID: 71
2026-03-10T18:55:12.531+05:30 DEBUG 14700 --- [http-nio-8080-exec-7] o.s.security.web.FilterChainProxy        : Secured POST /api/business/posts/70/impression
2026-03-10T18:55:12.535+05:30 DEBUG 14700 --- [http-nio-8080-exec-7] o.r.r.controller.BusinessController      : Recording impression for post: 70
2026-03-10T18:55:12.537+05:30 DEBUG 14700 --- [http-nio-8080-exec-7] o.r.revconnect.service.BusinessService   : Recording impression for post: 70
2026-03-10T18:55:12.539+05:30 DEBUG 14700 --- [http-nio-8080-exec-4] o.s.security.web.FilterChainProxy        : Secured GET /api/posts/70/liked
2026-03-10T18:55:12.540+05:30  INFO 14700 --- [http-nio-8080-exec-4] o.r.r.controller.InteractionController   : Check like status for post ID: 70
2026-03-10T18:55:12.543+05:30 DEBUG 14700 --- [http-nio-8080-exec-6] o.s.security.web.FilterChainProxy        : Securing POST /api/business/posts/69/impression
2026-03-10T18:55:12.544+05:30 DEBUG 14700 --- [http-nio-8080-exec-3] o.s.security.web.FilterChainProxy        : Secured POST /api/business/posts/70/view
2026-03-10T18:55:12.547+05:30 DEBUG 14700 --- [http-nio-8080-exec-6] o.r.r.service.CustomUserDetailsService   : Loading user by username or email: user1
2026-03-10T18:55:12.547+05:30 DEBUG 14700 --- [http-nio-8080-exec-2] o.s.security.web.FilterChainProxy        : Securing GET /api/bookmarks/posts/70/status
2026-03-10T18:55:12.549+05:30 DEBUG 14700 --- [http-nio-8080-exec-3] o.r.r.controller.BusinessController      : Recording view for post: 70
2026-03-10T18:55:12.550+05:30 DEBUG 14700 --- [http-nio-8080-exec-2] o.r.r.service.CustomUserDetailsService   : Loading user by username or email: user1
2026-03-10T18:55:12.550+05:30 DEBUG 14700 --- [http-nio-8080-exec-3] o.r.revconnect.service.BusinessService   : Recording view for post: 70
2026-03-10T18:55:12.560+05:30 DEBUG 14700 --- [http-nio-8080-exec-6] o.s.security.web.FilterChainProxy        : Secured POST /api/business/posts/69/impression
2026-03-10T18:55:12.560+05:30 DEBUG 14700 --- [http-nio-8080-exec-2] o.s.security.web.FilterChainProxy        : Secured GET /api/bookmarks/posts/70/status
2026-03-10T18:55:12.562+05:30  INFO 14700 --- [http-nio-8080-exec-2] o.r.r.controller.BookmarkController      : Check bookmark status for post ID: 70
2026-03-10T18:55:12.562+05:30 DEBUG 14700 --- [http-nio-8080-exec-6] o.r.r.controller.BusinessController      : Recording impression for post: 69
2026-03-10T18:55:12.563+05:30 DEBUG 14700 --- [http-nio-8080-exec-6] o.r.revconnect.service.BusinessService   : Recording impression for post: 69
2026-03-10T18:55:12.567+05:30 DEBUG 14700 --- [http-nio-8080-exec-5] o.s.security.web.FilterChainProxy        : Securing GET /api/posts/69/liked
2026-03-10T18:55:12.568+05:30 DEBUG 14700 --- [http-nio-8080-exec-8] o.s.security.web.FilterChainProxy        : Securing POST /api/business/posts/69/view
2026-03-10T18:55:12.570+05:30 DEBUG 14700 --- [http-nio-8080-exec-5] o.r.r.service.CustomUserDetailsService   : Loading user by username or email: user1
2026-03-10T18:55:12.570+05:30 DEBUG 14700 --- [http-nio-8080-exec-1] o.s.security.web.FilterChainProxy        : Securing GET /api/bookmarks/posts/69/status
2026-03-10T18:55:12.571+05:30 DEBUG 14700 --- [http-nio-8080-exec-1] o.r.r.service.CustomUserDetailsService   : Loading user by username or email: user1
2026-03-10T18:55:12.579+05:30 DEBUG 14700 --- [http-nio-8080-exec-8] o.r.r.service.CustomUserDetailsService   : Loading user by username or email: user1
2026-03-10T18:55:12.591+05:30 DEBUG 14700 --- [http-nio-8080-exec-5] o.s.security.web.FilterChainProxy        : Secured GET /api/posts/69/liked
2026-03-10T18:55:12.597+05:30 DEBUG 14700 --- [http-nio-8080-exec-9] o.s.security.web.FilterChainProxy        : Securing POST /api/business/posts/66/impression
2026-03-10T18:55:12.598+05:30 DEBUG 14700 --- [http-nio-8080-exec-9] o.r.r.service.CustomUserDetailsService   : Loading user by username or email: user1
2026-03-10T18:55:12.604+05:30  INFO 14700 --- [http-nio-8080-exec-5] o.r.r.controller.InteractionController   : Check like status for post ID: 69
2026-03-10T18:55:12.605+05:30 DEBUG 14700 --- [http-nio-8080-exec-1] o.s.security.web.FilterChainProxy        : Secured GET /api/bookmarks/posts/69/status
2026-03-10T18:55:12.605+05:30 DEBUG 14700 --- [http-nio-8080-exec-4] o.s.security.web.FilterChainProxy        : Securing GET /api/posts/66/liked
2026-03-10T18:55:12.621+05:30 DEBUG 14700 --- [http-nio-8080-exec-4] o.r.r.service.CustomUserDetailsService   : Loading user by username or email: user1
2026-03-10T18:55:12.622+05:30  INFO 14700 --- [http-nio-8080-exec-1] o.r.r.controller.BookmarkController      : Check bookmark status for post ID: 69
2026-03-10T18:55:12.636+05:30 DEBUG 14700 --- [http-nio-8080-exec-7] o.s.security.web.FilterChainProxy        : Securing POST /api/business/posts/53/impression
2026-03-10T18:55:12.626+05:30 DEBUG 14700 --- [http-nio-8080-exec-10] o.s.security.web.FilterChainProxy        : Securing POST /api/business/posts/66/view
2026-03-10T18:55:12.644+05:30 DEBUG 14700 --- [http-nio-8080-exec-8] o.s.security.web.FilterChainProxy        : Secured POST /api/business/posts/69/view
2026-03-10T18:55:12.651+05:30 DEBUG 14700 --- [http-nio-8080-exec-9] o.s.security.web.FilterChainProxy        : Secured POST /api/business/posts/66/impression
2026-03-10T18:55:12.653+05:30 DEBUG 14700 --- [http-nio-8080-exec-7] o.r.r.service.CustomUserDetailsService   : Loading user by username or email: user1
2026-03-10T18:55:12.653+05:30 DEBUG 14700 --- [http-nio-8080-exec-4] o.s.security.web.FilterChainProxy        : Secured GET /api/posts/66/liked
2026-03-10T18:55:12.653+05:30 DEBUG 14700 --- [http-nio-8080-exec-10] o.r.r.service.CustomUserDetailsService   : Loading user by username or email: user1
2026-03-10T18:55:12.654+05:30  INFO 14700 --- [http-nio-8080-exec-4] o.r.r.controller.InteractionController   : Check like status for post ID: 66
2026-03-10T18:55:12.655+05:30 DEBUG 14700 --- [http-nio-8080-exec-8] o.r.r.controller.BusinessController      : Recording view for post: 69
2026-03-10T18:55:12.654+05:30 DEBUG 14700 --- [http-nio-8080-exec-9] o.r.r.controller.BusinessController      : Recording impression for post: 66
2026-03-10T18:55:12.657+05:30 DEBUG 14700 --- [http-nio-8080-exec-9] o.r.revconnect.service.BusinessService   : Recording impression for post: 66
2026-03-10T18:55:12.658+05:30 DEBUG 14700 --- [http-nio-8080-exec-8] o.r.revconnect.service.BusinessService   : Recording view for post: 69
2026-03-10T18:55:12.677+05:30 DEBUG 14700 --- [http-nio-8080-exec-10] o.s.security.web.FilterChainProxy        : Secured POST /api/business/posts/66/view
2026-03-10T18:55:12.678+05:30 DEBUG 14700 --- [http-nio-8080-exec-10] o.r.r.controller.BusinessController      : Recording view for post: 66
2026-03-10T18:55:12.679+05:30 DEBUG 14700 --- [http-nio-8080-exec-10] o.r.revconnect.service.BusinessService   : Recording view for post: 66
2026-03-10T18:55:12.682+05:30 DEBUG 14700 --- [http-nio-8080-exec-7] o.s.security.web.FilterChainProxy        : Secured POST /api/business/posts/53/impression
2026-03-10T18:55:12.684+05:30 DEBUG 14700 --- [http-nio-8080-exec-7] o.r.r.controller.BusinessController      : Recording impression for post: 53
2026-03-10T18:55:12.686+05:30 DEBUG 14700 --- [http-nio-8080-exec-7] o.r.revconnect.service.BusinessService   : Recording impression for post: 53
2026-03-10T18:55:12.686+05:30 DEBUG 14700 --- [http-nio-8080-exec-3] o.s.security.web.FilterChainProxy        : Securing GET /api/bookmarks/posts/66/status
2026-03-10T18:55:12.687+05:30 DEBUG 14700 --- [http-nio-8080-exec-3] o.r.r.service.CustomUserDetailsService   : Loading user by username or email: user1
2026-03-10T18:55:12.697+05:30 DEBUG 14700 --- [http-nio-8080-exec-6] o.s.security.web.FilterChainProxy        : Securing GET /api/posts/53/liked
2026-03-10T18:55:12.697+05:30 DEBUG 14700 --- [http-nio-8080-exec-2] o.s.security.web.FilterChainProxy        : Securing POST /api/business/posts/53/view
2026-03-10T18:55:12.698+05:30 DEBUG 14700 --- [http-nio-8080-exec-5] o.s.security.web.FilterChainProxy        : Securing GET /api/bookmarks/posts/53/status
2026-03-10T18:55:12.698+05:30 DEBUG 14700 --- [http-nio-8080-exec-3] o.s.security.web.FilterChainProxy        : Secured GET /api/bookmarks/posts/66/status
2026-03-10T18:55:12.698+05:30 DEBUG 14700 --- [http-nio-8080-exec-2] o.r.r.service.CustomUserDetailsService   : Loading user by username or email: user1
2026-03-10T18:55:12.699+05:30 DEBUG 14700 --- [http-nio-8080-exec-5] o.r.r.service.CustomUserDetailsService   : Loading user by username or email: user1
2026-03-10T18:55:12.699+05:30 DEBUG 14700 --- [http-nio-8080-exec-6] o.r.r.service.CustomUserDetailsService   : Loading user by username or email: user1
2026-03-10T18:55:12.701+05:30  INFO 14700 --- [http-nio-8080-exec-3] o.r.r.controller.BookmarkController      : Check bookmark status for post ID: 66
2026-03-10T18:55:12.708+05:30 DEBUG 14700 --- [http-nio-8080-exec-6] o.s.security.web.FilterChainProxy        : Secured GET /api/posts/53/liked
2026-03-10T18:55:12.708+05:30 DEBUG 14700 --- [http-nio-8080-exec-2] o.s.security.web.FilterChainProxy        : Secured POST /api/business/posts/53/view
2026-03-10T18:55:12.709+05:30  INFO 14700 --- [http-nio-8080-exec-6] o.r.r.controller.InteractionController   : Check like status for post ID: 53
2026-03-10T18:55:12.710+05:30 DEBUG 14700 --- [http-nio-8080-exec-1] o.s.security.web.FilterChainProxy        : Securing GET /uploads/media/4/generic/afba8f70-b62a-4091-aed6-fae68bce0a65.jpg
2026-03-10T18:55:12.710+05:30 DEBUG 14700 --- [http-nio-8080-exec-2] o.r.r.controller.BusinessController      : Recording view for post: 53
2026-03-10T18:55:12.710+05:30 DEBUG 14700 --- [http-nio-8080-exec-5] o.s.security.web.FilterChainProxy        : Secured GET /api/bookmarks/posts/53/status
2026-03-10T18:55:12.710+05:30 DEBUG 14700 --- [http-nio-8080-exec-1] o.s.s.w.a.AnonymousAuthenticationFilter  : Set SecurityContextHolder to anonymous SecurityContext
2026-03-10T18:55:12.711+05:30 DEBUG 14700 --- [http-nio-8080-exec-1] o.s.security.web.FilterChainProxy        : Secured GET /uploads/media/4/generic/afba8f70-b62a-4091-aed6-fae68bce0a65.jpg
2026-03-10T18:55:12.711+05:30 DEBUG 14700 --- [http-nio-8080-exec-2] o.r.revconnect.service.BusinessService   : Recording view for post: 53
2026-03-10T18:55:12.711+05:30  INFO 14700 --- [http-nio-8080-exec-5] o.r.r.controller.BookmarkController      : Check bookmark status for post ID: 53
2026-03-10T18:55:12.714+05:30  WARN 14700 --- [http-nio-8080-exec-1] .m.m.a.ExceptionHandlerExceptionResolver : Resolved [org.springframework.web.servlet.resource.NoResourceFoundException: No static resource media/4/generic/afba8f70-b62a-4091-aed6-fae68bce0a65.jpg.]
2026-03-10T18:55:12.718+05:30 DEBUG 14700 --- [http-nio-8080-exec-4] o.s.security.web.FilterChainProxy        : Securing GET /uploads/media/4/profile/1a12ec78-6437-4714-a3b0-c9cbde62ccd7.jpg
2026-03-10T18:55:12.718+05:30 DEBUG 14700 --- [http-nio-8080-exec-4] o.s.s.w.a.AnonymousAuthenticationFilter  : Set SecurityContextHolder to anonymous SecurityContext
2026-03-10T18:55:12.718+05:30 DEBUG 14700 --- [http-nio-8080-exec-4] o.s.security.web.FilterChainProxy        : Secured GET /uploads/media/4/profile/1a12ec78-6437-4714-a3b0-c9cbde62ccd7.jpg
2026-03-10T18:55:12.722+05:30  WARN 14700 --- [http-nio-8080-exec-4] .m.m.a.ExceptionHandlerExceptionResolver : Resolved [org.springframework.web.servlet.resource.NoResourceFoundException: No static resource media/4/profile/1a12ec78-6437-4714-a3b0-c9cbde62ccd7.jpg.]
2026-03-10T18:55:12.735+05:30 DEBUG 14700 --- [http-nio-8080-exec-9] o.s.security.web.FilterChainProxy        : Securing GET /uploads/media/1/profile/399af8b4-7629-4b96-b1a0-e2779793a067.jpg
2026-03-10T18:55:12.735+05:30 DEBUG 14700 --- [http-nio-8080-exec-9] o.s.s.w.a.AnonymousAuthenticationFilter  : Set SecurityContextHolder to anonymous SecurityContext
2026-03-10T18:55:12.735+05:30 DEBUG 14700 --- [http-nio-8080-exec-8] o.s.security.web.FilterChainProxy        : Securing GET /uploads/media/1/generic/7fde1b47-8060-46da-9571-91aafb55d03d.jpg
2026-03-10T18:55:12.735+05:30 DEBUG 14700 --- [http-nio-8080-exec-9] o.s.security.web.FilterChainProxy        : Secured GET /uploads/media/1/profile/399af8b4-7629-4b96-b1a0-e2779793a067.jpg
2026-03-10T18:55:12.735+05:30 DEBUG 14700 --- [http-nio-8080-exec-8] o.s.s.w.a.AnonymousAuthenticationFilter  : Set SecurityContextHolder to anonymous SecurityContext
2026-03-10T18:55:12.735+05:30 DEBUG 14700 --- [http-nio-8080-exec-8] o.s.security.web.FilterChainProxy        : Secured GET /uploads/media/1/generic/7fde1b47-8060-46da-9571-91aafb55d03d.jpg
2026-03-10T18:55:12.738+05:30  WARN 14700 --- [http-nio-8080-exec-9] .m.m.a.ExceptionHandlerExceptionResolver : Resolved [org.springframework.web.servlet.resource.NoResourceFoundException: No static resource media/1/profile/399af8b4-7629-4b96-b1a0-e2779793a067.jpg.]
2026-03-10T18:55:12.738+05:30 DEBUG 14700 --- [http-nio-8080-exec-7] o.s.security.web.FilterChainProxy        : Securing GET /uploads/media/1/generic/0566907f-e3e4-4d66-9b90-efebf8aa1a77.jpg
2026-03-10T18:55:12.738+05:30 DEBUG 14700 --- [http-nio-8080-exec-7] o.s.s.w.a.AnonymousAuthenticationFilter  : Set SecurityContextHolder to anonymous SecurityContext
2026-03-10T18:55:12.738+05:30 DEBUG 14700 --- [http-nio-8080-exec-7] o.s.security.web.FilterChainProxy        : Secured GET /uploads/media/1/generic/0566907f-e3e4-4d66-9b90-efebf8aa1a77.jpg
2026-03-10T18:55:12.738+05:30 DEBUG 14700 --- [http-nio-8080-exec-1] o.s.security.web.FilterChainProxy        : Securing GET /uploads/media/1/generic/66efcb11-e753-40ca-8db2-72d7eb62ea46.jpg
2026-03-10T18:55:12.738+05:30 DEBUG 14700 --- [http-nio-8080-exec-10] o.s.security.web.FilterChainProxy        : Securing GET /uploads/media/4/generic/ea0f2604-2300-4567-b0df-24461f5dc2be.jpg
2026-03-10T18:55:12.738+05:30  WARN 14700 --- [http-nio-8080-exec-8] .m.m.a.ExceptionHandlerExceptionResolver : Resolved [org.springframework.web.servlet.resource.NoResourceFoundException: No static resource media/1/generic/7fde1b47-8060-46da-9571-91aafb55d03d.jpg.]
2026-03-10T18:55:12.739+05:30 DEBUG 14700 --- [http-nio-8080-exec-10] o.s.s.w.a.AnonymousAuthenticationFilter  : Set SecurityContextHolder to anonymous SecurityContext
2026-03-10T18:55:12.739+05:30 DEBUG 14700 --- [http-nio-8080-exec-1] o.s.s.w.a.AnonymousAuthenticationFilter  : Set SecurityContextHolder to anonymous SecurityContext
2026-03-10T18:55:12.739+05:30 DEBUG 14700 --- [http-nio-8080-exec-10] o.s.security.web.FilterChainProxy        : Secured GET /uploads/media/4/generic/ea0f2604-2300-4567-b0df-24461f5dc2be.jpg
2026-03-10T18:55:12.739+05:30 DEBUG 14700 --- [http-nio-8080-exec-1] o.s.security.web.FilterChainProxy        : Secured GET /uploads/media/1/generic/66efcb11-e753-40ca-8db2-72d7eb62ea46.jpg
2026-03-10T18:55:12.741+05:30  WARN 14700 --- [http-nio-8080-exec-1] .m.m.a.ExceptionHandlerExceptionResolver : Resolved [org.springframework.web.servlet.resource.NoResourceFoundException: No static resource media/1/generic/66efcb11-e753-40ca-8db2-72d7eb62ea46.jpg.]
2026-03-10T18:55:12.741+05:30  WARN 14700 --- [http-nio-8080-exec-10] .m.m.a.ExceptionHandlerExceptionResolver : Resolved [org.springframework.web.servlet.resource.NoResourceFoundException: No static resource media/4/generic/ea0f2604-2300-4567-b0df-24461f5dc2be.jpg.]
2026-03-10T18:55:12.741+05:30  WARN 14700 --- [http-nio-8080-exec-7] .m.m.a.ExceptionHandlerExceptionResolver : Resolved [org.springframework.web.servlet.resource.NoResourceFoundException: No static resource media/1/generic/0566907f-e3e4-4d66-9b90-efebf8aa1a77.jpg.]
2026-03-10T18:55:12.755+05:30 DEBUG 14700 --- [http-nio-8080-exec-3] o.s.security.web.FilterChainProxy        : Securing GET /uploads/media/11/generic/e7feafd5-9318-4c78-b84a-1eea8175cca3.jpg
2026-03-10T18:55:12.755+05:30 DEBUG 14700 --- [http-nio-8080-exec-6] o.s.security.web.FilterChainProxy        : Securing GET /uploads/media/11/profile/a98ad951-1fa6-4b6c-84cf-fd97d589c8ea.jpg
2026-03-10T18:55:12.756+05:30 DEBUG 14700 --- [http-nio-8080-exec-3] o.s.s.w.a.AnonymousAuthenticationFilter  : Set SecurityContextHolder to anonymous SecurityContext
2026-03-10T18:55:12.756+05:30 DEBUG 14700 --- [http-nio-8080-exec-6] o.s.s.w.a.AnonymousAuthenticationFilter  : Set SecurityContextHolder to anonymous SecurityContext
2026-03-10T18:55:12.756+05:30 DEBUG 14700 --- [http-nio-8080-exec-2] o.s.security.web.FilterChainProxy        : Securing GET /uploads/media/4/video/e5b4263b-b2b4-45bd-8671-d1b46b1a6348.mp4
2026-03-10T18:55:12.757+05:30 DEBUG 14700 --- [http-nio-8080-exec-6] o.s.security.web.FilterChainProxy        : Secured GET /uploads/media/11/profile/a98ad951-1fa6-4b6c-84cf-fd97d589c8ea.jpg
2026-03-10T18:55:12.757+05:30 DEBUG 14700 --- [http-nio-8080-exec-3] o.s.security.web.FilterChainProxy        : Secured GET /uploads/media/11/generic/e7feafd5-9318-4c78-b84a-1eea8175cca3.jpg
2026-03-10T18:55:12.758+05:30 DEBUG 14700 --- [http-nio-8080-exec-4] o.s.security.web.FilterChainProxy        : Securing GET /uploads/media/1/video/99f88e69-e838-4464-8561-a62b7544a441.mp4
2026-03-10T18:55:12.758+05:30 DEBUG 14700 --- [http-nio-8080-exec-2] o.s.s.w.a.AnonymousAuthenticationFilter  : Set SecurityContextHolder to anonymous SecurityContext
2026-03-10T18:55:12.758+05:30 DEBUG 14700 --- [http-nio-8080-exec-5] o.s.security.web.FilterChainProxy        : Securing GET /uploads/media/4/video/e856b82e-d555-4135-a76a-920f9532f5ff.mp4
2026-03-10T18:55:12.758+05:30 DEBUG 14700 --- [http-nio-8080-exec-2] o.s.security.web.FilterChainProxy        : Secured GET /uploads/media/4/video/e5b4263b-b2b4-45bd-8671-d1b46b1a6348.mp4
2026-03-10T18:55:12.758+05:30 DEBUG 14700 --- [http-nio-8080-exec-5] o.s.s.w.a.AnonymousAuthenticationFilter  : Set SecurityContextHolder to anonymous SecurityContext
2026-03-10T18:55:12.759+05:30 DEBUG 14700 --- [http-nio-8080-exec-5] o.s.security.web.FilterChainProxy        : Secured GET /uploads/media/4/video/e856b82e-d555-4135-a76a-920f9532f5ff.mp4
2026-03-10T18:55:12.759+05:30 DEBUG 14700 --- [http-nio-8080-exec-4] o.s.s.w.a.AnonymousAuthenticationFilter  : Set SecurityContextHolder to anonymous SecurityContext
2026-03-10T18:55:12.759+05:30 DEBUG 14700 --- [http-nio-8080-exec-4] o.s.security.web.FilterChainProxy        : Secured GET /uploads/media/1/video/99f88e69-e838-4464-8561-a62b7544a441.mp4
2026-03-10T18:55:12.760+05:30 DEBUG 14700 --- [http-nio-8080-exec-9] o.s.security.web.FilterChainProxy        : Securing GET /uploads/media/1/video/d2d16f28-c872-4cb7-8293-64a93bd8e7b1.mp4
2026-03-10T18:55:12.760+05:30 DEBUG 14700 --- [http-nio-8080-exec-9] o.s.s.w.a.AnonymousAuthenticationFilter  : Set SecurityContextHolder to anonymous SecurityContext
2026-03-10T18:55:12.760+05:30 DEBUG 14700 --- [http-nio-8080-exec-9] o.s.security.web.FilterChainProxy        : Secured GET /uploads/media/1/video/d2d16f28-c872-4cb7-8293-64a93bd8e7b1.mp4
2026-03-10T18:55:12.761+05:30  WARN 14700 --- [http-nio-8080-exec-6] .m.m.a.ExceptionHandlerExceptionResolver : Resolved [org.springframework.web.servlet.resource.NoResourceFoundException: No static resource media/11/profile/a98ad951-1fa6-4b6c-84cf-fd97d589c8ea.jpg.]
2026-03-10T18:55:12.762+05:30  WARN 14700 --- [http-nio-8080-exec-3] .m.m.a.ExceptionHandlerExceptionResolver : Resolved [org.springframework.web.servlet.resource.NoResourceFoundException: No static resource media/11/generic/e7feafd5-9318-4c78-b84a-1eea8175cca3.jpg.]
2026-03-10T18:55:12.768+05:30  WARN 14700 --- [http-nio-8080-exec-4] .m.m.a.ExceptionHandlerExceptionResolver : Resolved [org.springframework.web.servlet.resource.NoResourceFoundException: No static resource media/1/video/99f88e69-e838-4464-8561-a62b7544a441.mp4.]
2026-03-10T18:55:12.768+05:30  WARN 14700 --- [http-nio-8080-exec-2] .m.m.a.ExceptionHandlerExceptionResolver : Resolved [org.springframework.web.servlet.resource.NoResourceFoundException: No static resource media/4/video/e5b4263b-b2b4-45bd-8671-d1b46b1a6348.mp4.]
2026-03-10T18:55:12.768+05:30  WARN 14700 --- [http-nio-8080-exec-5] .m.m.a.ExceptionHandlerExceptionResolver : Resolved [org.springframework.web.servlet.resource.NoResourceFoundException: No static resource media/4/video/e856b82e-d555-4135-a76a-920f9532f5ff.mp4.]
2026-03-10T18:55:12.769+05:30  WARN 14700 --- [http-nio-8080-exec-9] .m.m.a.ExceptionHandlerExceptionResolver : Resolved [org.springframework.web.servlet.resource.NoResourceFoundException: No static resource media/1/video/d2d16f28-c872-4cb7-8293-64a93bd8e7b1.mp4.]
2026-03-10T18:55:31.374+05:30 DEBUG 14700 --- [http-nio-8080-exec-1] o.s.security.web.FilterChainProxy        : Securing GET /api/messages/unread/count
2026-03-10T18:55:31.374+05:30 DEBUG 14700 --- [http-nio-8080-exec-10] o.s.security.web.FilterChainProxy        : Securing GET /api/users/me
2026-03-10T18:55:31.374+05:30 DEBUG 14700 --- [http-nio-8080-exec-8] o.s.security.web.FilterChainProxy        : Securing GET /api/notifications?page=0&size=20
2026-03-10T18:55:31.374+05:30 DEBUG 14700 --- [http-nio-8080-exec-7] o.s.security.web.FilterChainProxy        : Securing GET /api/notifications/count
2026-03-10T18:55:31.376+05:30 DEBUG 14700 --- [http-nio-8080-exec-8] o.r.r.service.CustomUserDetailsService   : Loading user by username or email: user1
2026-03-10T18:55:31.376+05:30 DEBUG 14700 --- [http-nio-8080-exec-10] o.r.r.service.CustomUserDetailsService   : Loading user by username or email: user1
2026-03-10T18:55:31.376+05:30 DEBUG 14700 --- [http-nio-8080-exec-1] o.r.r.service.CustomUserDetailsService   : Loading user by username or email: user1
2026-03-10T18:55:31.376+05:30 DEBUG 14700 --- [http-nio-8080-exec-7] o.r.r.service.CustomUserDetailsService   : Loading user by username or email: user1
2026-03-10T18:55:31.402+05:30 DEBUG 14700 --- [http-nio-8080-exec-10] o.s.security.web.FilterChainProxy        : Secured GET /api/users/me
2026-03-10T18:55:31.402+05:30 DEBUG 14700 --- [http-nio-8080-exec-7] o.s.security.web.FilterChainProxy        : Secured GET /api/notifications/count
2026-03-10T18:55:31.403+05:30  INFO 14700 --- [http-nio-8080-exec-10] o.r.r.controller.UserController          : Request to get current user profile
2026-03-10T18:55:31.403+05:30  INFO 14700 --- [http-nio-8080-exec-7] o.r.r.controller.NotificationController  : Get unread count request
2026-03-10T18:55:31.403+05:30  INFO 14700 --- [http-nio-8080-exec-10] o.r.revconnect.service.UserService       : Fetching profile for user: user1
2026-03-10T18:55:31.403+05:30 DEBUG 14700 --- [http-nio-8080-exec-10] o.r.r.controller.UserController          : Profile retrieved for user: user1
2026-03-10T18:55:31.404+05:30 DEBUG 14700 --- [http-nio-8080-exec-1] o.s.security.web.FilterChainProxy        : Secured GET /api/messages/unread/count
2026-03-10T18:55:31.404+05:30 DEBUG 14700 --- [http-nio-8080-exec-8] o.s.security.web.FilterChainProxy        : Secured GET /api/notifications?page=0&size=20
2026-03-10T18:55:31.406+05:30  INFO 14700 --- [http-nio-8080-exec-1] o.r.r.controller.MessageController       : Getting unread message count
2026-03-10T18:55:31.412+05:30  INFO 14700 --- [http-nio-8080-exec-7] o.r.r.service.NotificationService        : User user1 has 5 unread notifications
2026-03-10T18:55:31.414+05:30  INFO 14700 --- [http-nio-8080-exec-8] o.r.r.controller.NotificationController  : Get notifications request - page: 0, size: 20
2026-03-10T18:55:31.416+05:30  INFO 14700 --- [http-nio-8080-exec-8] o.r.r.service.NotificationService        : Fetching notifications for user: user1
2026-03-10T18:55:31.424+05:30 DEBUG 14700 --- [http-nio-8080-exec-6] o.s.security.web.FilterChainProxy        : Securing GET /api/users/me
2026-03-10T18:55:31.425+05:30 DEBUG 14700 --- [http-nio-8080-exec-6] o.r.r.service.CustomUserDetailsService   : Loading user by username or email: user1
2026-03-10T18:55:31.440+05:30 DEBUG 14700 --- [http-nio-8080-exec-9] o.s.security.web.FilterChainProxy        : Securing GET /api/notifications/count
2026-03-10T18:55:31.440+05:30 DEBUG 14700 --- [http-nio-8080-exec-3] o.s.security.web.FilterChainProxy        : Securing GET /uploads/media/1/profile/399af8b4-7629-4b96-b1a0-e2779793a067.jpg
2026-03-10T18:55:31.441+05:30 DEBUG 14700 --- [http-nio-8080-exec-3] o.s.s.w.a.AnonymousAuthenticationFilter  : Set SecurityContextHolder to anonymous SecurityContext
2026-03-10T18:55:31.442+05:30 DEBUG 14700 --- [http-nio-8080-exec-3] o.s.security.web.FilterChainProxy        : Secured GET /uploads/media/1/profile/399af8b4-7629-4b96-b1a0-e2779793a067.jpg
2026-03-10T18:55:31.444+05:30 DEBUG 14700 --- [http-nio-8080-exec-9] o.r.r.service.CustomUserDetailsService   : Loading user by username or email: user1
2026-03-10T18:55:31.447+05:30 DEBUG 14700 --- [http-nio-8080-exec-6] o.s.security.web.FilterChainProxy        : Secured GET /api/users/me
2026-03-10T18:55:31.447+05:30  WARN 14700 --- [http-nio-8080-exec-3] .m.m.a.ExceptionHandlerExceptionResolver : Resolved [org.springframework.web.servlet.resource.NoResourceFoundException: No static resource media/1/profile/399af8b4-7629-4b96-b1a0-e2779793a067.jpg.]
2026-03-10T18:55:31.447+05:30  INFO 14700 --- [http-nio-8080-exec-8] o.r.r.service.NotificationService        : Found 17 notifications for user user1
2026-03-10T18:55:31.448+05:30  INFO 14700 --- [http-nio-8080-exec-6] o.r.r.controller.UserController          : Request to get current user profile
2026-03-10T18:55:31.448+05:30  INFO 14700 --- [http-nio-8080-exec-6] o.r.revconnect.service.UserService       : Fetching profile for user: user1
2026-03-10T18:55:31.448+05:30 DEBUG 14700 --- [http-nio-8080-exec-6] o.r.r.controller.UserController          : Profile retrieved for user: user1
2026-03-10T18:55:31.461+05:30 DEBUG 14700 --- [http-nio-8080-exec-9] o.s.security.web.FilterChainProxy        : Secured GET /api/notifications/count
2026-03-10T18:55:31.462+05:30  INFO 14700 --- [http-nio-8080-exec-9] o.r.r.controller.NotificationController  : Get unread count request
2026-03-10T18:55:31.462+05:30 DEBUG 14700 --- [http-nio-8080-exec-5] o.s.security.web.FilterChainProxy        : Securing GET /uploads/media/1/profile/399af8b4-7629-4b96-b1a0-e2779793a067.jpg
2026-03-10T18:55:31.463+05:30 DEBUG 14700 --- [http-nio-8080-exec-5] o.s.s.w.a.AnonymousAuthenticationFilter  : Set SecurityContextHolder to anonymous SecurityContext
2026-03-10T18:55:31.463+05:30 DEBUG 14700 --- [http-nio-8080-exec-5] o.s.security.web.FilterChainProxy        : Secured GET /uploads/media/1/profile/399af8b4-7629-4b96-b1a0-e2779793a067.jpg
2026-03-10T18:55:31.467+05:30  WARN 14700 --- [http-nio-8080-exec-5] .m.m.a.ExceptionHandlerExceptionResolver : Resolved [org.springframework.web.servlet.resource.NoResourceFoundException: No static resource media/1/profile/399af8b4-7629-4b96-b1a0-e2779793a067.jpg.]
2026-03-10T18:55:31.468+05:30  INFO 14700 --- [http-nio-8080-exec-9] o.r.r.service.NotificationService        : User user1 has 5 unread notifications
2026-03-10T18:55:31.490+05:30 DEBUG 14700 --- [http-nio-8080-exec-4] o.s.security.web.FilterChainProxy        : Securing GET /uploads/media/4/profile/1a12ec78-6437-4714-a3b0-c9cbde62ccd7.jpg
2026-03-10T18:55:31.490+05:30 DEBUG 14700 --- [http-nio-8080-exec-4] o.s.s.w.a.AnonymousAuthenticationFilter  : Set SecurityContextHolder to anonymous SecurityContext
2026-03-10T18:55:31.491+05:30 DEBUG 14700 --- [http-nio-8080-exec-4] o.s.security.web.FilterChainProxy        : Secured GET /uploads/media/4/profile/1a12ec78-6437-4714-a3b0-c9cbde62ccd7.jpg
2026-03-10T18:55:31.494+05:30 DEBUG 14700 --- [http-nio-8080-exec-2] o.s.security.web.FilterChainProxy        : Securing GET /uploads/media/9/profile/b4eac687-a99e-45c2-8c10-42bc795d6cd3.jpeg
2026-03-10T18:55:31.494+05:30 DEBUG 14700 --- [http-nio-8080-exec-10] o.s.security.web.FilterChainProxy        : Securing GET /uploads/media/5/profile/76c2ecef-f15d-4cc0-a63a-19afc7283d89.jpeg
2026-03-10T18:55:31.494+05:30  WARN 14700 --- [http-nio-8080-exec-4] .m.m.a.ExceptionHandlerExceptionResolver : Resolved [org.springframework.web.servlet.resource.NoResourceFoundException: No static resource media/4/profile/1a12ec78-6437-4714-a3b0-c9cbde62ccd7.jpg.]
2026-03-10T18:55:31.494+05:30 DEBUG 14700 --- [http-nio-8080-exec-7] o.s.security.web.FilterChainProxy        : Securing GET /uploads/media/3/profile/8b0d96c8-16aa-492c-94cc-845467d7c000.jpg
2026-03-10T18:55:31.495+05:30 DEBUG 14700 --- [http-nio-8080-exec-2] o.s.s.w.a.AnonymousAuthenticationFilter  : Set SecurityContextHolder to anonymous SecurityContext
2026-03-10T18:55:31.495+05:30 DEBUG 14700 --- [http-nio-8080-exec-10] o.s.s.w.a.AnonymousAuthenticationFilter  : Set SecurityContextHolder to anonymous SecurityContext
2026-03-10T18:55:31.495+05:30 DEBUG 14700 --- [http-nio-8080-exec-7] o.s.s.w.a.AnonymousAuthenticationFilter  : Set SecurityContextHolder to anonymous SecurityContext
2026-03-10T18:55:31.495+05:30 DEBUG 14700 --- [http-nio-8080-exec-2] o.s.security.web.FilterChainProxy        : Secured GET /uploads/media/9/profile/b4eac687-a99e-45c2-8c10-42bc795d6cd3.jpeg
2026-03-10T18:55:31.495+05:30 DEBUG 14700 --- [http-nio-8080-exec-10] o.s.security.web.FilterChainProxy        : Secured GET /uploads/media/5/profile/76c2ecef-f15d-4cc0-a63a-19afc7283d89.jpeg
2026-03-10T18:55:31.495+05:30 DEBUG 14700 --- [http-nio-8080-exec-7] o.s.security.web.FilterChainProxy        : Secured GET /uploads/media/3/profile/8b0d96c8-16aa-492c-94cc-845467d7c000.jpg
2026-03-10T18:55:31.498+05:30  WARN 14700 --- [http-nio-8080-exec-2] .m.m.a.ExceptionHandlerExceptionResolver : Resolved [org.springframework.web.servlet.resource.NoResourceFoundException: No static resource media/9/profile/b4eac687-a99e-45c2-8c10-42bc795d6cd3.jpeg.]
2026-03-10T18:55:31.498+05:30  WARN 14700 --- [http-nio-8080-exec-10] .m.m.a.ExceptionHandlerExceptionResolver : Resolved [org.springframework.web.servlet.resource.NoResourceFoundException: No static resource media/5/profile/76c2ecef-f15d-4cc0-a63a-19afc7283d89.jpeg.]
2026-03-10T18:55:31.498+05:30  WARN 14700 --- [http-nio-8080-exec-7] .m.m.a.ExceptionHandlerExceptionResolver : Resolved [org.springframework.web.servlet.resource.NoResourceFoundException: No static resource media/3/profile/8b0d96c8-16aa-492c-94cc-845467d7c000.jpg.]
2026-03-10T18:55:35.383+05:30 DEBUG 14700 --- [http-nio-8080-exec-3] o.s.security.web.FilterChainProxy        : Securing GET /api/users/me
2026-03-10T18:55:35.383+05:30 DEBUG 14700 --- [http-nio-8080-exec-1] o.s.security.web.FilterChainProxy        : Securing GET /api/messages/unread/count
2026-03-10T18:55:35.384+05:30 DEBUG 14700 --- [http-nio-8080-exec-3] o.r.r.service.CustomUserDetailsService   : Loading user by username or email: user1
2026-03-10T18:55:35.385+05:30 DEBUG 14700 --- [http-nio-8080-exec-1] o.r.r.service.CustomUserDetailsService   : Loading user by username or email: user1
2026-03-10T18:55:35.388+05:30 DEBUG 14700 --- [http-nio-8080-exec-6] o.s.security.web.FilterChainProxy        : Securing GET /api/notifications/count
2026-03-10T18:55:35.388+05:30 DEBUG 14700 --- [http-nio-8080-exec-5] o.s.security.web.FilterChainProxy        : Securing GET /api/stories/feed
2026-03-10T18:55:35.389+05:30 DEBUG 14700 --- [http-nio-8080-exec-5] o.r.r.service.CustomUserDetailsService   : Loading user by username or email: user1
2026-03-10T18:55:35.389+05:30 DEBUG 14700 --- [http-nio-8080-exec-6] o.r.r.service.CustomUserDetailsService   : Loading user by username or email: user1
2026-03-10T18:55:35.395+05:30 DEBUG 14700 --- [http-nio-8080-exec-1] o.s.security.web.FilterChainProxy        : Secured GET /api/messages/unread/count
2026-03-10T18:55:35.395+05:30 DEBUG 14700 --- [http-nio-8080-exec-3] o.s.security.web.FilterChainProxy        : Secured GET /api/users/me
2026-03-10T18:55:35.396+05:30  INFO 14700 --- [http-nio-8080-exec-1] o.r.r.controller.MessageController       : Getting unread message count
2026-03-10T18:55:35.396+05:30  INFO 14700 --- [http-nio-8080-exec-3] o.r.r.controller.UserController          : Request to get current user profile
2026-03-10T18:55:35.396+05:30  INFO 14700 --- [http-nio-8080-exec-3] o.r.revconnect.service.UserService       : Fetching profile for user: user1
2026-03-10T18:55:35.396+05:30 DEBUG 14700 --- [http-nio-8080-exec-3] o.r.r.controller.UserController          : Profile retrieved for user: user1
2026-03-10T18:55:35.399+05:30 DEBUG 14700 --- [http-nio-8080-exec-5] o.s.security.web.FilterChainProxy        : Secured GET /api/stories/feed
2026-03-10T18:55:35.399+05:30 DEBUG 14700 --- [http-nio-8080-exec-6] o.s.security.web.FilterChainProxy        : Secured GET /api/notifications/count
2026-03-10T18:55:35.399+05:30  INFO 14700 --- [http-nio-8080-exec-5] o.r.r.controller.StoryController         : Getting stories feed
2026-03-10T18:55:35.399+05:30  INFO 14700 --- [http-nio-8080-exec-6] o.r.r.controller.NotificationController  : Get unread count request
2026-03-10T18:55:35.403+05:30  INFO 14700 --- [http-nio-8080-exec-6] o.r.r.service.NotificationService        : User user1 has 5 unread notifications
2026-03-10T18:55:35.408+05:30 DEBUG 14700 --- [http-nio-8080-exec-9] o.s.security.web.FilterChainProxy        : Securing GET /api/users/me
2026-03-10T18:55:35.409+05:30 DEBUG 14700 --- [http-nio-8080-exec-9] o.r.r.service.CustomUserDetailsService   : Loading user by username or email: user1
2026-03-10T18:55:35.415+05:30 DEBUG 14700 --- [http-nio-8080-exec-4] o.s.security.web.FilterChainProxy        : Securing GET /api/search/trending
2026-03-10T18:55:35.416+05:30 DEBUG 14700 --- [http-nio-8080-exec-2] o.s.security.web.FilterChainProxy        : Securing GET /api/notifications/count
2026-03-10T18:55:35.415+05:30 DEBUG 14700 --- [http-nio-8080-exec-8] o.s.security.web.FilterChainProxy        : Securing GET /api/posts/feed/personalized?page=0&size=10
2026-03-10T18:55:35.416+05:30 DEBUG 14700 --- [http-nio-8080-exec-4] o.r.r.service.CustomUserDetailsService   : Loading user by username or email: user1
2026-03-10T18:55:35.416+05:30 DEBUG 14700 --- [http-nio-8080-exec-8] o.r.r.service.CustomUserDetailsService   : Loading user by username or email: user1
2026-03-10T18:55:35.417+05:30 DEBUG 14700 --- [http-nio-8080-exec-2] o.r.r.service.CustomUserDetailsService   : Loading user by username or email: user1
2026-03-10T18:55:35.419+05:30 DEBUG 14700 --- [http-nio-8080-exec-9] o.s.security.web.FilterChainProxy        : Secured GET /api/users/me
2026-03-10T18:55:35.420+05:30  INFO 14700 --- [http-nio-8080-exec-9] o.r.r.controller.UserController          : Request to get current user profile
2026-03-10T18:55:35.420+05:30  INFO 14700 --- [http-nio-8080-exec-9] o.r.revconnect.service.UserService       : Fetching profile for user: user1
2026-03-10T18:55:35.420+05:30 DEBUG 14700 --- [http-nio-8080-exec-9] o.r.r.controller.UserController          : Profile retrieved for user: user1
2026-03-10T18:55:35.430+05:30 DEBUG 14700 --- [http-nio-8080-exec-4] o.s.security.web.FilterChainProxy        : Secured GET /api/search/trending
2026-03-10T18:55:35.430+05:30 DEBUG 14700 --- [http-nio-8080-exec-2] o.s.security.web.FilterChainProxy        : Secured GET /api/notifications/count
2026-03-10T18:55:35.430+05:30  INFO 14700 --- [http-nio-8080-exec-4] o.r.r.controller.SearchController        : Getting trending searches
2026-03-10T18:55:35.430+05:30  INFO 14700 --- [http-nio-8080-exec-2] o.r.r.controller.NotificationController  : Get unread count request
2026-03-10T18:55:35.431+05:30  INFO 14700 --- [http-nio-8080-exec-4] o.r.revconnect.service.HashtagService    : Fetching top 10 trending hashtags
2026-03-10T18:55:35.432+05:30 DEBUG 14700 --- [http-nio-8080-exec-8] o.s.security.web.FilterChainProxy        : Secured GET /api/posts/feed/personalized?page=0&size=10
2026-03-10T18:55:35.434+05:30  INFO 14700 --- [http-nio-8080-exec-8] o.r.r.controller.PostController          : Get personalized feed request - page: 0, size: 10
2026-03-10T18:55:35.435+05:30  INFO 14700 --- [http-nio-8080-exec-2] o.r.r.service.NotificationService        : User user1 has 5 unread notifications
2026-03-10T18:55:35.444+05:30 DEBUG 14700 --- [http-nio-8080-exec-7] o.s.security.web.FilterChainProxy        : Securing GET /api/users/me
2026-03-10T18:55:35.448+05:30  INFO 14700 --- [http-nio-8080-exec-5] o.r.revconnect.service.StoryService      : Fetching stories feed for 7 users
2026-03-10T18:55:35.449+05:30 DEBUG 14700 --- [http-nio-8080-exec-10] o.s.security.web.FilterChainProxy        : Securing GET /uploads/media/1/profile/399af8b4-7629-4b96-b1a0-e2779793a067.jpg
2026-03-10T18:55:35.449+05:30 DEBUG 14700 --- [http-nio-8080-exec-10] o.s.s.w.a.AnonymousAuthenticationFilter  : Set SecurityContextHolder to anonymous SecurityContext
2026-03-10T18:55:35.449+05:30 DEBUG 14700 --- [http-nio-8080-exec-10] o.s.security.web.FilterChainProxy        : Secured GET /uploads/media/1/profile/399af8b4-7629-4b96-b1a0-e2779793a067.jpg
2026-03-10T18:55:35.450+05:30 DEBUG 14700 --- [http-nio-8080-exec-7] o.r.r.service.CustomUserDetailsService   : Loading user by username or email: user1
2026-03-10T18:55:35.453+05:30  WARN 14700 --- [http-nio-8080-exec-10] .m.m.a.ExceptionHandlerExceptionResolver : Resolved [org.springframework.web.servlet.resource.NoResourceFoundException: No static resource media/1/profile/399af8b4-7629-4b96-b1a0-e2779793a067.jpg.]
2026-03-10T18:55:35.462+05:30 DEBUG 14700 --- [http-nio-8080-exec-7] o.s.security.web.FilterChainProxy        : Secured GET /api/users/me
2026-03-10T18:55:35.462+05:30  INFO 14700 --- [http-nio-8080-exec-7] o.r.r.controller.UserController          : Request to get current user profile
2026-03-10T18:55:35.462+05:30  INFO 14700 --- [http-nio-8080-exec-7] o.r.revconnect.service.UserService       : Fetching profile for user: user1
2026-03-10T18:55:35.462+05:30 DEBUG 14700 --- [http-nio-8080-exec-7] o.r.r.controller.UserController          : Profile retrieved for user: user1
2026-03-10T18:55:35.465+05:30 DEBUG 14700 --- [http-nio-8080-exec-3] o.s.security.web.FilterChainProxy        : Securing GET /api/stories
2026-03-10T18:55:35.466+05:30 DEBUG 14700 --- [http-nio-8080-exec-3] o.r.r.service.CustomUserDetailsService   : Loading user by username or email: user1
2026-03-10T18:55:35.469+05:30 DEBUG 14700 --- [http-nio-8080-exec-1] o.s.security.web.FilterChainProxy        : Securing GET /api/users/me
2026-03-10T18:55:35.469+05:30 DEBUG 14700 --- [http-nio-8080-exec-1] o.r.r.service.CustomUserDetailsService   : Loading user by username or email: user1
2026-03-10T18:55:35.473+05:30 DEBUG 14700 --- [http-nio-8080-exec-6] o.s.security.web.FilterChainProxy        : Securing GET /uploads/media/1/profile/399af8b4-7629-4b96-b1a0-e2779793a067.jpg
2026-03-10T18:55:35.474+05:30 DEBUG 14700 --- [http-nio-8080-exec-6] o.s.s.w.a.AnonymousAuthenticationFilter  : Set SecurityContextHolder to anonymous SecurityContext
2026-03-10T18:55:35.474+05:30 DEBUG 14700 --- [http-nio-8080-exec-6] o.s.security.web.FilterChainProxy        : Secured GET /uploads/media/1/profile/399af8b4-7629-4b96-b1a0-e2779793a067.jpg
2026-03-10T18:55:35.474+05:30 DEBUG 14700 --- [http-nio-8080-exec-3] o.s.security.web.FilterChainProxy        : Secured GET /api/stories
2026-03-10T18:55:35.475+05:30  INFO 14700 --- [http-nio-8080-exec-3] o.r.r.controller.StoryController         : Getting my stories
2026-03-10T18:55:35.475+05:30  INFO 14700 --- [http-nio-8080-exec-3] o.r.revconnect.service.StoryService      : Fetching active stories for user: user1
2026-03-10T18:55:35.477+05:30  WARN 14700 --- [http-nio-8080-exec-6] .m.m.a.ExceptionHandlerExceptionResolver : Resolved [org.springframework.web.servlet.resource.NoResourceFoundException: No static resource media/1/profile/399af8b4-7629-4b96-b1a0-e2779793a067.jpg.]
2026-03-10T18:55:35.479+05:30 DEBUG 14700 --- [http-nio-8080-exec-1] o.s.security.web.FilterChainProxy        : Secured GET /api/users/me
2026-03-10T18:55:35.479+05:30  INFO 14700 --- [http-nio-8080-exec-1] o.r.r.controller.UserController          : Request to get current user profile
2026-03-10T18:55:35.479+05:30  INFO 14700 --- [http-nio-8080-exec-1] o.r.revconnect.service.UserService       : Fetching profile for user: user1
2026-03-10T18:55:35.479+05:30 DEBUG 14700 --- [http-nio-8080-exec-1] o.r.r.controller.UserController          : Profile retrieved for user: user1
2026-03-10T18:55:35.516+05:30 DEBUG 14700 --- [http-nio-8080-exec-4] o.s.security.web.FilterChainProxy        : Securing POST /api/business/posts/76/view
2026-03-10T18:55:35.516+05:30 DEBUG 14700 --- [http-nio-8080-exec-9] o.s.security.web.FilterChainProxy        : Securing POST /api/business/posts/76/impression
2026-03-10T18:55:35.516+05:30 DEBUG 14700 --- [http-nio-8080-exec-2] o.s.security.web.FilterChainProxy        : Securing GET /api/posts/76/liked
2026-03-10T18:55:35.517+05:30 DEBUG 14700 --- [http-nio-8080-exec-9] o.r.r.service.CustomUserDetailsService   : Loading user by username or email: user1
2026-03-10T18:55:35.517+05:30 DEBUG 14700 --- [http-nio-8080-exec-4] o.r.r.service.CustomUserDetailsService   : Loading user by username or email: user1
2026-03-10T18:55:35.517+05:30 DEBUG 14700 --- [http-nio-8080-exec-2] o.r.r.service.CustomUserDetailsService   : Loading user by username or email: user1
2026-03-10T18:55:35.517+05:30 DEBUG 14700 --- [http-nio-8080-exec-5] o.s.security.web.FilterChainProxy        : Securing GET /api/bookmarks/posts/76/status
2026-03-10T18:55:35.517+05:30 DEBUG 14700 --- [http-nio-8080-exec-10] o.s.security.web.FilterChainProxy        : Securing POST /api/business/posts/75/impression
2026-03-10T18:55:35.517+05:30 DEBUG 14700 --- [http-nio-8080-exec-7] o.s.security.web.FilterChainProxy        : Securing GET /api/posts/75/liked
2026-03-10T18:55:35.518+05:30 DEBUG 14700 --- [http-nio-8080-exec-5] o.r.r.service.CustomUserDetailsService   : Loading user by username or email: user1
2026-03-10T18:55:35.518+05:30 DEBUG 14700 --- [http-nio-8080-exec-10] o.r.r.service.CustomUserDetailsService   : Loading user by username or email: user1
2026-03-10T18:55:35.518+05:30 DEBUG 14700 --- [http-nio-8080-exec-7] o.r.r.service.CustomUserDetailsService   : Loading user by username or email: user1
2026-03-10T18:55:35.526+05:30 DEBUG 14700 --- [http-nio-8080-exec-9] o.s.security.web.FilterChainProxy        : Secured POST /api/business/posts/76/impression
2026-03-10T18:55:35.526+05:30 DEBUG 14700 --- [http-nio-8080-exec-5] o.s.security.web.FilterChainProxy        : Secured GET /api/bookmarks/posts/76/status
2026-03-10T18:55:35.526+05:30 DEBUG 14700 --- [http-nio-8080-exec-10] o.s.security.web.FilterChainProxy        : Secured POST /api/business/posts/75/impression
2026-03-10T18:55:35.526+05:30 DEBUG 14700 --- [http-nio-8080-exec-4] o.s.security.web.FilterChainProxy        : Secured POST /api/business/posts/76/view
2026-03-10T18:55:35.526+05:30 DEBUG 14700 --- [http-nio-8080-exec-7] o.s.security.web.FilterChainProxy        : Secured GET /api/posts/75/liked
2026-03-10T18:55:35.527+05:30 DEBUG 14700 --- [http-nio-8080-exec-2] o.s.security.web.FilterChainProxy        : Secured GET /api/posts/76/liked
2026-03-10T18:55:35.527+05:30  INFO 14700 --- [http-nio-8080-exec-5] o.r.r.controller.BookmarkController      : Check bookmark status for post ID: 76
2026-03-10T18:55:35.527+05:30 DEBUG 14700 --- [http-nio-8080-exec-10] o.r.r.controller.BusinessController      : Recording impression for post: 75
2026-03-10T18:55:35.527+05:30  INFO 14700 --- [http-nio-8080-exec-2] o.r.r.controller.InteractionController   : Check like status for post ID: 76
2026-03-10T18:55:35.527+05:30  INFO 14700 --- [http-nio-8080-exec-7] o.r.r.controller.InteractionController   : Check like status for post ID: 75
2026-03-10T18:55:35.527+05:30 DEBUG 14700 --- [http-nio-8080-exec-4] o.r.r.controller.BusinessController      : Recording view for post: 76
2026-03-10T18:55:35.527+05:30 DEBUG 14700 --- [http-nio-8080-exec-9] o.r.r.controller.BusinessController      : Recording impression for post: 76
2026-03-10T18:55:35.528+05:30 DEBUG 14700 --- [http-nio-8080-exec-10] o.r.revconnect.service.BusinessService   : Recording impression for post: 75
2026-03-10T18:55:35.528+05:30 DEBUG 14700 --- [http-nio-8080-exec-9] o.r.revconnect.service.BusinessService   : Recording impression for post: 76
2026-03-10T18:55:35.528+05:30 DEBUG 14700 --- [http-nio-8080-exec-4] o.r.revconnect.service.BusinessService   : Recording view for post: 76
2026-03-10T18:55:35.543+05:30 DEBUG 14700 --- [http-nio-8080-exec-6] o.s.security.web.FilterChainProxy        : Securing GET /api/bookmarks/posts/75/status
2026-03-10T18:55:35.544+05:30 DEBUG 14700 --- [http-nio-8080-exec-6] o.r.r.service.CustomUserDetailsService   : Loading user by username or email: user1
2026-03-10T18:55:35.544+05:30 DEBUG 14700 --- [http-nio-8080-exec-3] o.s.security.web.FilterChainProxy        : Securing POST /api/business/posts/75/view
2026-03-10T18:55:35.545+05:30 DEBUG 14700 --- [http-nio-8080-exec-3] o.r.r.service.CustomUserDetailsService   : Loading user by username or email: user1
2026-03-10T18:55:35.549+05:30 DEBUG 14700 --- [http-nio-8080-exec-1] o.s.security.web.FilterChainProxy        : Securing GET /api/posts/74/liked
2026-03-10T18:55:35.550+05:30 DEBUG 14700 --- [http-nio-8080-exec-1] o.r.r.service.CustomUserDetailsService   : Loading user by username or email: user1
2026-03-10T18:55:35.550+05:30 DEBUG 14700 --- [http-nio-8080-exec-6] o.s.security.web.FilterChainProxy        : Secured GET /api/bookmarks/posts/75/status
2026-03-10T18:55:35.551+05:30  INFO 14700 --- [http-nio-8080-exec-6] o.r.r.controller.BookmarkController      : Check bookmark status for post ID: 75
2026-03-10T18:55:35.551+05:30 DEBUG 14700 --- [http-nio-8080-exec-3] o.s.security.web.FilterChainProxy        : Secured POST /api/business/posts/75/view
2026-03-10T18:55:35.552+05:30 DEBUG 14700 --- [http-nio-8080-exec-3] o.r.r.controller.BusinessController      : Recording view for post: 75
2026-03-10T18:55:35.553+05:30 DEBUG 14700 --- [http-nio-8080-exec-3] o.r.revconnect.service.BusinessService   : Recording view for post: 75
2026-03-10T18:55:35.558+05:30  WARN 14700 --- [http-nio-8080-exec-4] .m.m.a.ExceptionHandlerExceptionResolver : Resolved [org.springframework.dao.IncorrectResultSizeDataAccessException: Query did not return a unique result: 2 results were returned]
2026-03-10T18:55:35.558+05:30  WARN 14700 --- [http-nio-8080-exec-9] .m.m.a.ExceptionHandlerExceptionResolver : Resolved [org.springframework.dao.IncorrectResultSizeDataAccessException: Query did not return a unique result: 2 results were returned]
2026-03-10T18:55:35.558+05:30  WARN 14700 --- [http-nio-8080-exec-10] .m.m.a.ExceptionHandlerExceptionResolver : Resolved [org.springframework.dao.IncorrectResultSizeDataAccessException: Query did not return a unique result: 2 results were returned]
2026-03-10T18:55:35.559+05:30 DEBUG 14700 --- [http-nio-8080-exec-1] o.s.security.web.FilterChainProxy        : Secured GET /api/posts/74/liked
2026-03-10T18:55:35.561+05:30  INFO 14700 --- [http-nio-8080-exec-1] o.r.r.controller.InteractionController   : Check like status for post ID: 74
2026-03-10T18:55:35.562+05:30  WARN 14700 --- [http-nio-8080-exec-3] .m.m.a.ExceptionHandlerExceptionResolver : Resolved [org.springframework.dao.IncorrectResultSizeDataAccessException: Query did not return a unique result: 2 results were returned]
2026-03-10T18:55:35.575+05:30 DEBUG 14700 --- [http-nio-8080-exec-7] o.s.security.web.FilterChainProxy        : Securing POST /api/business/posts/74/impression
2026-03-10T18:55:35.575+05:30 DEBUG 14700 --- [http-nio-8080-exec-2] o.s.security.web.FilterChainProxy        : Securing POST /api/business/posts/74/view
2026-03-10T18:55:35.575+05:30 DEBUG 14700 --- [http-nio-8080-exec-8] o.s.security.web.FilterChainProxy        : Securing GET /api/bookmarks/posts/74/status
2026-03-10T18:55:35.576+05:30 DEBUG 14700 --- [http-nio-8080-exec-8] o.r.r.service.CustomUserDetailsService   : Loading user by username or email: user1
2026-03-10T18:55:35.576+05:30 DEBUG 14700 --- [http-nio-8080-exec-7] o.r.r.service.CustomUserDetailsService   : Loading user by username or email: user1
2026-03-10T18:55:35.576+05:30 DEBUG 14700 --- [http-nio-8080-exec-2] o.r.r.service.CustomUserDetailsService   : Loading user by username or email: user1
2026-03-10T18:55:35.577+05:30 DEBUG 14700 --- [http-nio-8080-exec-5] o.s.security.web.FilterChainProxy        : Securing POST /api/business/posts/73/impression
2026-03-10T18:55:35.577+05:30 DEBUG 14700 --- [http-nio-8080-exec-5] o.r.r.service.CustomUserDetailsService   : Loading user by username or email: user1
2026-03-10T18:55:35.579+05:30 DEBUG 14700 --- [http-nio-8080-exec-4] o.s.security.web.FilterChainProxy        : Securing GET /api/posts/73/liked
2026-03-10T18:55:35.580+05:30 DEBUG 14700 --- [http-nio-8080-exec-10] o.s.security.web.FilterChainProxy        : Securing POST /api/business/posts/73/view
2026-03-10T18:55:35.580+05:30 DEBUG 14700 --- [http-nio-8080-exec-4] o.r.r.service.CustomUserDetailsService   : Loading user by username or email: user1
2026-03-10T18:55:35.580+05:30 DEBUG 14700 --- [http-nio-8080-exec-10] o.r.r.service.CustomUserDetailsService   : Loading user by username or email: user1
2026-03-10T18:55:35.582+05:30 DEBUG 14700 --- [http-nio-8080-exec-2] o.s.security.web.FilterChainProxy        : Secured POST /api/business/posts/74/view
2026-03-10T18:55:35.582+05:30 DEBUG 14700 --- [http-nio-8080-exec-7] o.s.security.web.FilterChainProxy        : Secured POST /api/business/posts/74/impression
2026-03-10T18:55:35.582+05:30 DEBUG 14700 --- [http-nio-8080-exec-8] o.s.security.web.FilterChainProxy        : Secured GET /api/bookmarks/posts/74/status
2026-03-10T18:55:35.583+05:30 DEBUG 14700 --- [http-nio-8080-exec-2] o.r.r.controller.BusinessController      : Recording view for post: 74
2026-03-10T18:55:35.583+05:30 DEBUG 14700 --- [http-nio-8080-exec-7] o.r.r.controller.BusinessController      : Recording impression for post: 74
2026-03-10T18:55:35.583+05:30  INFO 14700 --- [http-nio-8080-exec-8] o.r.r.controller.BookmarkController      : Check bookmark status for post ID: 74
2026-03-10T18:55:35.583+05:30 DEBUG 14700 --- [http-nio-8080-exec-2] o.r.revconnect.service.BusinessService   : Recording view for post: 74
2026-03-10T18:55:35.583+05:30 DEBUG 14700 --- [http-nio-8080-exec-5] o.s.security.web.FilterChainProxy        : Secured POST /api/business/posts/73/impression
2026-03-10T18:55:35.583+05:30 DEBUG 14700 --- [http-nio-8080-exec-7] o.r.revconnect.service.BusinessService   : Recording impression for post: 74
2026-03-10T18:55:35.584+05:30 DEBUG 14700 --- [http-nio-8080-exec-5] o.r.r.controller.BusinessController      : Recording impression for post: 73
2026-03-10T18:55:35.585+05:30 DEBUG 14700 --- [http-nio-8080-exec-5] o.r.revconnect.service.BusinessService   : Recording impression for post: 73
2026-03-10T18:55:35.586+05:30 DEBUG 14700 --- [http-nio-8080-exec-4] o.s.security.web.FilterChainProxy        : Secured GET /api/posts/73/liked
2026-03-10T18:55:35.586+05:30 DEBUG 14700 --- [http-nio-8080-exec-10] o.s.security.web.FilterChainProxy        : Secured POST /api/business/posts/73/view
2026-03-10T18:55:35.588+05:30  INFO 14700 --- [http-nio-8080-exec-4] o.r.r.controller.InteractionController   : Check like status for post ID: 73
2026-03-10T18:55:35.589+05:30 DEBUG 14700 --- [http-nio-8080-exec-10] o.r.r.controller.BusinessController      : Recording view for post: 73
2026-03-10T18:55:35.590+05:30 DEBUG 14700 --- [http-nio-8080-exec-10] o.r.revconnect.service.BusinessService   : Recording view for post: 73
2026-03-10T18:55:35.611+05:30 DEBUG 14700 --- [http-nio-8080-exec-9] o.s.security.web.FilterChainProxy        : Securing GET /api/bookmarks/posts/73/status
2026-03-10T18:55:35.611+05:30 DEBUG 14700 --- [http-nio-8080-exec-3] o.s.security.web.FilterChainProxy        : Securing POST /api/business/posts/72/impression
2026-03-10T18:55:35.611+05:30 DEBUG 14700 --- [http-nio-8080-exec-1] o.s.security.web.FilterChainProxy        : Securing GET /api/posts/72/liked
2026-03-10T18:55:35.612+05:30 DEBUG 14700 --- [http-nio-8080-exec-9] o.r.r.service.CustomUserDetailsService   : Loading user by username or email: user1
2026-03-10T18:55:35.612+05:30 DEBUG 14700 --- [http-nio-8080-exec-3] o.r.r.service.CustomUserDetailsService   : Loading user by username or email: user1
2026-03-10T18:55:35.612+05:30 DEBUG 14700 --- [http-nio-8080-exec-1] o.r.r.service.CustomUserDetailsService   : Loading user by username or email: user1
2026-03-10T18:55:35.615+05:30 DEBUG 14700 --- [http-nio-8080-exec-6] o.s.security.web.FilterChainProxy        : Securing POST /api/business/posts/72/view
2026-03-10T18:55:35.616+05:30 DEBUG 14700 --- [http-nio-8080-exec-6] o.r.r.service.CustomUserDetailsService   : Loading user by username or email: user1
2026-03-10T18:55:35.618+05:30 DEBUG 14700 --- [http-nio-8080-exec-4] o.s.security.web.FilterChainProxy        : Securing GET /api/bookmarks/posts/72/status
2026-03-10T18:55:35.618+05:30 DEBUG 14700 --- [http-nio-8080-exec-9] o.s.security.web.FilterChainProxy        : Secured GET /api/bookmarks/posts/73/status
2026-03-10T18:55:35.618+05:30 DEBUG 14700 --- [http-nio-8080-exec-1] o.s.security.web.FilterChainProxy        : Secured GET /api/posts/72/liked
2026-03-10T18:55:35.618+05:30 DEBUG 14700 --- [http-nio-8080-exec-3] o.s.security.web.FilterChainProxy        : Secured POST /api/business/posts/72/impression
2026-03-10T18:55:35.619+05:30 DEBUG 14700 --- [http-nio-8080-exec-4] o.r.r.service.CustomUserDetailsService   : Loading user by username or email: user1
2026-03-10T18:55:35.619+05:30  INFO 14700 --- [http-nio-8080-exec-9] o.r.r.controller.BookmarkController      : Check bookmark status for post ID: 73
2026-03-10T18:55:35.619+05:30 DEBUG 14700 --- [http-nio-8080-exec-3] o.r.r.controller.BusinessController      : Recording impression for post: 72
2026-03-10T18:55:35.620+05:30  INFO 14700 --- [http-nio-8080-exec-1] o.r.r.controller.InteractionController   : Check like status for post ID: 72
2026-03-10T18:55:35.621+05:30 DEBUG 14700 --- [http-nio-8080-exec-3] o.r.revconnect.service.BusinessService   : Recording impression for post: 72
2026-03-10T18:55:35.622+05:30 DEBUG 14700 --- [http-nio-8080-exec-2] o.s.security.web.FilterChainProxy        : Securing POST /api/business/posts/71/impression
2026-03-10T18:55:35.623+05:30 DEBUG 14700 --- [http-nio-8080-exec-2] o.r.r.service.CustomUserDetailsService   : Loading user by username or email: user1
2026-03-10T18:55:35.627+05:30 DEBUG 14700 --- [http-nio-8080-exec-6] o.s.security.web.FilterChainProxy        : Secured POST /api/business/posts/72/view
2026-03-10T18:55:35.627+05:30 DEBUG 14700 --- [http-nio-8080-exec-6] o.r.r.controller.BusinessController      : Recording view for post: 72
2026-03-10T18:55:35.628+05:30 DEBUG 14700 --- [http-nio-8080-exec-6] o.r.revconnect.service.BusinessService   : Recording view for post: 72
2026-03-10T18:55:35.630+05:30 DEBUG 14700 --- [http-nio-8080-exec-4] o.s.security.web.FilterChainProxy        : Secured GET /api/bookmarks/posts/72/status
2026-03-10T18:55:35.631+05:30  INFO 14700 --- [http-nio-8080-exec-4] o.r.r.controller.BookmarkController      : Check bookmark status for post ID: 72
2026-03-10T18:55:35.632+05:30 DEBUG 14700 --- [http-nio-8080-exec-2] o.s.security.web.FilterChainProxy        : Secured POST /api/business/posts/71/impression
2026-03-10T18:55:35.633+05:30 DEBUG 14700 --- [http-nio-8080-exec-2] o.r.r.controller.BusinessController      : Recording impression for post: 71
2026-03-10T18:55:35.634+05:30 DEBUG 14700 --- [http-nio-8080-exec-2] o.r.revconnect.service.BusinessService   : Recording impression for post: 71
2026-03-10T18:55:35.637+05:30 DEBUG 14700 --- [http-nio-8080-exec-8] o.s.security.web.FilterChainProxy        : Securing GET /api/posts/71/liked
2026-03-10T18:55:35.639+05:30 DEBUG 14700 --- [http-nio-8080-exec-8] o.r.r.service.CustomUserDetailsService   : Loading user by username or email: user1
2026-03-10T18:55:35.650+05:30 DEBUG 14700 --- [http-nio-8080-exec-5] o.s.security.web.FilterChainProxy        : Securing POST /api/business/posts/71/view
2026-03-10T18:55:35.650+05:30 DEBUG 14700 --- [http-nio-8080-exec-7] o.s.security.web.FilterChainProxy        : Securing GET /api/bookmarks/posts/71/status
2026-03-10T18:55:35.650+05:30 DEBUG 14700 --- [http-nio-8080-exec-5] o.r.r.service.CustomUserDetailsService   : Loading user by username or email: user1
2026-03-10T18:55:35.651+05:30 DEBUG 14700 --- [http-nio-8080-exec-7] o.r.r.service.CustomUserDetailsService   : Loading user by username or email: user1
2026-03-10T18:55:35.650+05:30 DEBUG 14700 --- [http-nio-8080-exec-8] o.s.security.web.FilterChainProxy        : Secured GET /api/posts/71/liked
2026-03-10T18:55:35.652+05:30  INFO 14700 --- [http-nio-8080-exec-8] o.r.r.controller.InteractionController   : Check like status for post ID: 71
2026-03-10T18:55:35.660+05:30 DEBUG 14700 --- [http-nio-8080-exec-10] o.s.security.web.FilterChainProxy        : Securing GET /api/posts/70/liked
2026-03-10T18:55:35.661+05:30 DEBUG 14700 --- [http-nio-8080-exec-10] o.r.r.service.CustomUserDetailsService   : Loading user by username or email: user1
2026-03-10T18:55:35.662+05:30 DEBUG 14700 --- [http-nio-8080-exec-7] o.s.security.web.FilterChainProxy        : Secured GET /api/bookmarks/posts/71/status
2026-03-10T18:55:35.662+05:30 DEBUG 14700 --- [http-nio-8080-exec-5] o.s.security.web.FilterChainProxy        : Secured POST /api/business/posts/71/view
2026-03-10T18:55:35.662+05:30  INFO 14700 --- [http-nio-8080-exec-7] o.r.r.controller.BookmarkController      : Check bookmark status for post ID: 71
2026-03-10T18:55:35.663+05:30 DEBUG 14700 --- [http-nio-8080-exec-5] o.r.r.controller.BusinessController      : Recording view for post: 71
2026-03-10T18:55:35.664+05:30 DEBUG 14700 --- [http-nio-8080-exec-5] o.r.revconnect.service.BusinessService   : Recording view for post: 71
2026-03-10T18:55:35.664+05:30 DEBUG 14700 --- [http-nio-8080-exec-1] o.s.security.web.FilterChainProxy        : Securing POST /api/business/posts/70/impression
2026-03-10T18:55:35.665+05:30 DEBUG 14700 --- [http-nio-8080-exec-1] o.r.r.service.CustomUserDetailsService   : Loading user by username or email: user1
2026-03-10T18:55:35.667+05:30 DEBUG 14700 --- [http-nio-8080-exec-3] o.s.security.web.FilterChainProxy        : Securing GET /api/bookmarks/posts/70/status
2026-03-10T18:55:35.668+05:30 DEBUG 14700 --- [http-nio-8080-exec-3] o.r.r.service.CustomUserDetailsService   : Loading user by username or email: user1
2026-03-10T18:55:35.670+05:30 DEBUG 14700 --- [http-nio-8080-exec-10] o.s.security.web.FilterChainProxy        : Secured GET /api/posts/70/liked
2026-03-10T18:55:35.672+05:30  INFO 14700 --- [http-nio-8080-exec-10] o.r.r.controller.InteractionController   : Check like status for post ID: 70
2026-03-10T18:55:35.673+05:30 DEBUG 14700 --- [http-nio-8080-exec-9] o.s.security.web.FilterChainProxy        : Securing POST /api/business/posts/70/view
2026-03-10T18:55:35.673+05:30 DEBUG 14700 --- [http-nio-8080-exec-1] o.s.security.web.FilterChainProxy        : Secured POST /api/business/posts/70/impression
2026-03-10T18:55:35.674+05:30 DEBUG 14700 --- [http-nio-8080-exec-9] o.r.r.service.CustomUserDetailsService   : Loading user by username or email: user1
2026-03-10T18:55:35.674+05:30 DEBUG 14700 --- [http-nio-8080-exec-1] o.r.r.controller.BusinessController      : Recording impression for post: 70
2026-03-10T18:55:35.676+05:30 DEBUG 14700 --- [http-nio-8080-exec-1] o.r.revconnect.service.BusinessService   : Recording impression for post: 70
2026-03-10T18:55:35.677+05:30 DEBUG 14700 --- [http-nio-8080-exec-3] o.s.security.web.FilterChainProxy        : Secured GET /api/bookmarks/posts/70/status
2026-03-10T18:55:35.678+05:30  INFO 14700 --- [http-nio-8080-exec-3] o.r.r.controller.BookmarkController      : Check bookmark status for post ID: 70
2026-03-10T18:55:35.683+05:30 DEBUG 14700 --- [http-nio-8080-exec-9] o.s.security.web.FilterChainProxy        : Secured POST /api/business/posts/70/view
2026-03-10T18:55:35.684+05:30 DEBUG 14700 --- [http-nio-8080-exec-6] o.s.security.web.FilterChainProxy        : Securing POST /api/business/posts/69/impression
2026-03-10T18:55:35.684+05:30 DEBUG 14700 --- [http-nio-8080-exec-9] o.r.r.controller.BusinessController      : Recording view for post: 70
2026-03-10T18:55:35.685+05:30 DEBUG 14700 --- [http-nio-8080-exec-6] o.r.r.service.CustomUserDetailsService   : Loading user by username or email: user1
2026-03-10T18:55:35.685+05:30 DEBUG 14700 --- [http-nio-8080-exec-9] o.r.revconnect.service.BusinessService   : Recording view for post: 70
2026-03-10T18:55:35.688+05:30 DEBUG 14700 --- [http-nio-8080-exec-2] o.s.security.web.FilterChainProxy        : Securing GET /api/posts/69/liked
2026-03-10T18:55:35.688+05:30 DEBUG 14700 --- [http-nio-8080-exec-4] o.s.security.web.FilterChainProxy        : Securing POST /api/business/posts/69/view
2026-03-10T18:55:35.690+05:30 DEBUG 14700 --- [http-nio-8080-exec-4] o.r.r.service.CustomUserDetailsService   : Loading user by username or email: user1
2026-03-10T18:55:35.691+05:30 DEBUG 14700 --- [http-nio-8080-exec-2] o.r.r.service.CustomUserDetailsService   : Loading user by username or email: user1
2026-03-10T18:55:35.693+05:30 DEBUG 14700 --- [http-nio-8080-exec-6] o.s.security.web.FilterChainProxy        : Secured POST /api/business/posts/69/impression
2026-03-10T18:55:35.694+05:30 DEBUG 14700 --- [http-nio-8080-exec-6] o.r.r.controller.BusinessController      : Recording impression for post: 69
2026-03-10T18:55:35.695+05:30 DEBUG 14700 --- [http-nio-8080-exec-6] o.r.revconnect.service.BusinessService   : Recording impression for post: 69
2026-03-10T18:55:35.698+05:30 DEBUG 14700 --- [http-nio-8080-exec-4] o.s.security.web.FilterChainProxy        : Secured POST /api/business/posts/69/view
2026-03-10T18:55:35.699+05:30 DEBUG 14700 --- [http-nio-8080-exec-8] o.s.security.web.FilterChainProxy        : Securing GET /api/bookmarks/posts/69/status
2026-03-10T18:55:35.699+05:30 DEBUG 14700 --- [http-nio-8080-exec-2] o.s.security.web.FilterChainProxy        : Secured GET /api/posts/69/liked
2026-03-10T18:55:35.700+05:30 DEBUG 14700 --- [http-nio-8080-exec-8] o.r.r.service.CustomUserDetailsService   : Loading user by username or email: user1
2026-03-10T18:55:35.700+05:30  INFO 14700 --- [http-nio-8080-exec-2] o.r.r.controller.InteractionController   : Check like status for post ID: 69
2026-03-10T18:55:35.700+05:30 DEBUG 14700 --- [http-nio-8080-exec-4] o.r.r.controller.BusinessController      : Recording view for post: 69
2026-03-10T18:55:35.701+05:30 DEBUG 14700 --- [http-nio-8080-exec-4] o.r.revconnect.service.BusinessService   : Recording view for post: 69
2026-03-10T18:55:35.706+05:30 DEBUG 14700 --- [http-nio-8080-exec-5] o.s.security.web.FilterChainProxy        : Securing POST /api/business/posts/66/impression
2026-03-10T18:55:35.708+05:30 DEBUG 14700 --- [http-nio-8080-exec-5] o.r.r.service.CustomUserDetailsService   : Loading user by username or email: user1
2026-03-10T18:55:35.709+05:30 DEBUG 14700 --- [http-nio-8080-exec-8] o.s.security.web.FilterChainProxy        : Secured GET /api/bookmarks/posts/69/status
2026-03-10T18:55:35.710+05:30  INFO 14700 --- [http-nio-8080-exec-8] o.r.r.controller.BookmarkController      : Check bookmark status for post ID: 69
2026-03-10T18:55:35.714+05:30 DEBUG 14700 --- [http-nio-8080-exec-7] o.s.security.web.FilterChainProxy        : Securing GET /api/posts/66/liked
2026-03-10T18:55:35.715+05:30 DEBUG 14700 --- [http-nio-8080-exec-7] o.r.r.service.CustomUserDetailsService   : Loading user by username or email: user1
2026-03-10T18:55:35.717+05:30 DEBUG 14700 --- [http-nio-8080-exec-5] o.s.security.web.FilterChainProxy        : Secured POST /api/business/posts/66/impression
2026-03-10T18:55:35.718+05:30 DEBUG 14700 --- [http-nio-8080-exec-5] o.r.r.controller.BusinessController      : Recording impression for post: 66
2026-03-10T18:55:35.719+05:30 DEBUG 14700 --- [http-nio-8080-exec-5] o.r.revconnect.service.BusinessService   : Recording impression for post: 66
2026-03-10T18:55:35.724+05:30 DEBUG 14700 --- [http-nio-8080-exec-7] o.s.security.web.FilterChainProxy        : Secured GET /api/posts/66/liked
2026-03-10T18:55:35.725+05:30 DEBUG 14700 --- [http-nio-8080-exec-10] o.s.security.web.FilterChainProxy        : Securing POST /api/business/posts/66/view
2026-03-10T18:55:35.726+05:30  INFO 14700 --- [http-nio-8080-exec-7] o.r.r.controller.InteractionController   : Check like status for post ID: 66
2026-03-10T18:55:35.728+05:30 DEBUG 14700 --- [http-nio-8080-exec-1] o.s.security.web.FilterChainProxy        : Securing GET /api/bookmarks/posts/66/status
2026-03-10T18:55:35.728+05:30 DEBUG 14700 --- [http-nio-8080-exec-1] o.r.r.service.CustomUserDetailsService   : Loading user by username or email: user1
2026-03-10T18:55:35.727+05:30 DEBUG 14700 --- [http-nio-8080-exec-10] o.r.r.service.CustomUserDetailsService   : Loading user by username or email: user1
2026-03-10T18:55:35.734+05:30 DEBUG 14700 --- [http-nio-8080-exec-3] o.s.security.web.FilterChainProxy        : Securing POST /api/business/posts/53/impression
2026-03-10T18:55:35.735+05:30 DEBUG 14700 --- [http-nio-8080-exec-10] o.s.security.web.FilterChainProxy        : Secured POST /api/business/posts/66/view
2026-03-10T18:55:35.735+05:30 DEBUG 14700 --- [http-nio-8080-exec-3] o.r.r.service.CustomUserDetailsService   : Loading user by username or email: user1
2026-03-10T18:55:35.735+05:30 DEBUG 14700 --- [http-nio-8080-exec-1] o.s.security.web.FilterChainProxy        : Secured GET /api/bookmarks/posts/66/status
2026-03-10T18:55:35.736+05:30 DEBUG 14700 --- [http-nio-8080-exec-10] o.r.r.controller.BusinessController      : Recording view for post: 66
2026-03-10T18:55:35.736+05:30  INFO 14700 --- [http-nio-8080-exec-1] o.r.r.controller.BookmarkController      : Check bookmark status for post ID: 66
2026-03-10T18:55:35.737+05:30 DEBUG 14700 --- [http-nio-8080-exec-10] o.r.revconnect.service.BusinessService   : Recording view for post: 66
2026-03-10T18:55:35.745+05:30 DEBUG 14700 --- [http-nio-8080-exec-3] o.s.security.web.FilterChainProxy        : Secured POST /api/business/posts/53/impression
2026-03-10T18:55:35.746+05:30 DEBUG 14700 --- [http-nio-8080-exec-9] o.s.security.web.FilterChainProxy        : Securing GET /api/posts/53/liked
2026-03-10T18:55:35.746+05:30 DEBUG 14700 --- [http-nio-8080-exec-3] o.r.r.controller.BusinessController      : Recording impression for post: 53
2026-03-10T18:55:35.747+05:30 DEBUG 14700 --- [http-nio-8080-exec-9] o.r.r.service.CustomUserDetailsService   : Loading user by username or email: user1
2026-03-10T18:55:35.748+05:30 DEBUG 14700 --- [http-nio-8080-exec-3] o.r.revconnect.service.BusinessService   : Recording impression for post: 53
2026-03-10T18:55:35.749+05:30 DEBUG 14700 --- [http-nio-8080-exec-6] o.s.security.web.FilterChainProxy        : Securing GET /api/bookmarks/posts/53/status
2026-03-10T18:55:35.749+05:30 DEBUG 14700 --- [http-nio-8080-exec-6] o.r.r.service.CustomUserDetailsService   : Loading user by username or email: user1
2026-03-10T18:55:35.751+05:30 DEBUG 14700 --- [http-nio-8080-exec-2] o.s.security.web.FilterChainProxy        : Securing POST /api/business/posts/53/view
2026-03-10T18:55:35.752+05:30 DEBUG 14700 --- [http-nio-8080-exec-2] o.r.r.service.CustomUserDetailsService   : Loading user by username or email: user1
2026-03-10T18:55:35.756+05:30 DEBUG 14700 --- [http-nio-8080-exec-9] o.s.security.web.FilterChainProxy        : Secured GET /api/posts/53/liked
2026-03-10T18:55:35.760+05:30  INFO 14700 --- [http-nio-8080-exec-9] o.r.r.controller.InteractionController   : Check like status for post ID: 53
2026-03-10T18:55:35.760+05:30 DEBUG 14700 --- [http-nio-8080-exec-6] o.s.security.web.FilterChainProxy        : Secured GET /api/bookmarks/posts/53/status
2026-03-10T18:55:35.761+05:30  INFO 14700 --- [http-nio-8080-exec-6] o.r.r.controller.BookmarkController      : Check bookmark status for post ID: 53
2026-03-10T18:55:35.761+05:30 DEBUG 14700 --- [http-nio-8080-exec-2] o.s.security.web.FilterChainProxy        : Secured POST /api/business/posts/53/view
2026-03-10T18:55:35.762+05:30 DEBUG 14700 --- [http-nio-8080-exec-2] o.r.r.controller.BusinessController      : Recording view for post: 53
2026-03-10T18:55:35.763+05:30 DEBUG 14700 --- [http-nio-8080-exec-2] o.r.revconnect.service.BusinessService   : Recording view for post: 53
2026-03-10T18:55:35.766+05:30 DEBUG 14700 --- [http-nio-8080-exec-4] o.s.security.web.FilterChainProxy        : Securing GET /uploads/media/4/generic/afba8f70-b62a-4091-aed6-fae68bce0a65.jpg
2026-03-10T18:55:35.767+05:30 DEBUG 14700 --- [http-nio-8080-exec-8] o.s.security.web.FilterChainProxy        : Securing GET /uploads/media/4/profile/1a12ec78-6437-4714-a3b0-c9cbde62ccd7.jpg
2026-03-10T18:55:35.768+05:30 DEBUG 14700 --- [http-nio-8080-exec-8] o.s.s.w.a.AnonymousAuthenticationFilter  : Set SecurityContextHolder to anonymous SecurityContext
2026-03-10T18:55:35.770+05:30 DEBUG 14700 --- [http-nio-8080-exec-8] o.s.security.web.FilterChainProxy        : Secured GET /uploads/media/4/profile/1a12ec78-6437-4714-a3b0-c9cbde62ccd7.jpg
2026-03-10T18:55:35.770+05:30 DEBUG 14700 --- [http-nio-8080-exec-4] o.s.s.w.a.AnonymousAuthenticationFilter  : Set SecurityContextHolder to anonymous SecurityContext
2026-03-10T18:55:35.770+05:30 DEBUG 14700 --- [http-nio-8080-exec-4] o.s.security.web.FilterChainProxy        : Secured GET /uploads/media/4/generic/afba8f70-b62a-4091-aed6-fae68bce0a65.jpg
2026-03-10T18:55:35.776+05:30  WARN 14700 --- [http-nio-8080-exec-8] .m.m.a.ExceptionHandlerExceptionResolver : Resolved [org.springframework.web.servlet.resource.NoResourceFoundException: No static resource media/4/profile/1a12ec78-6437-4714-a3b0-c9cbde62ccd7.jpg.]
2026-03-10T18:55:35.776+05:30 DEBUG 14700 --- [http-nio-8080-exec-7] o.s.security.web.FilterChainProxy        : Securing GET /uploads/media/1/profile/399af8b4-7629-4b96-b1a0-e2779793a067.jpg
2026-03-10T18:55:35.776+05:30  WARN 14700 --- [http-nio-8080-exec-4] .m.m.a.ExceptionHandlerExceptionResolver : Resolved [org.springframework.web.servlet.resource.NoResourceFoundException: No static resource media/4/generic/afba8f70-b62a-4091-aed6-fae68bce0a65.jpg.]
2026-03-10T18:55:35.776+05:30 DEBUG 14700 --- [http-nio-8080-exec-7] o.s.s.w.a.AnonymousAuthenticationFilter  : Set SecurityContextHolder to anonymous SecurityContext
2026-03-10T18:55:35.777+05:30 DEBUG 14700 --- [http-nio-8080-exec-7] o.s.security.web.FilterChainProxy        : Secured GET /uploads/media/1/profile/399af8b4-7629-4b96-b1a0-e2779793a067.jpg
2026-03-10T18:55:35.779+05:30  WARN 14700 --- [http-nio-8080-exec-7] .m.m.a.ExceptionHandlerExceptionResolver : Resolved [org.springframework.web.servlet.resource.NoResourceFoundException: No static resource media/1/profile/399af8b4-7629-4b96-b1a0-e2779793a067.jpg.]
2026-03-10T18:55:35.785+05:30 DEBUG 14700 --- [http-nio-8080-exec-5] o.s.security.web.FilterChainProxy        : Securing GET /uploads/media/1/generic/7fde1b47-8060-46da-9571-91aafb55d03d.jpg
2026-03-10T18:55:35.786+05:30 DEBUG 14700 --- [http-nio-8080-exec-5] o.s.s.w.a.AnonymousAuthenticationFilter  : Set SecurityContextHolder to anonymous SecurityContext
2026-03-10T18:55:35.786+05:30 DEBUG 14700 --- [http-nio-8080-exec-5] o.s.security.web.FilterChainProxy        : Secured GET /uploads/media/1/generic/7fde1b47-8060-46da-9571-91aafb55d03d.jpg
2026-03-10T18:55:35.789+05:30  WARN 14700 --- [http-nio-8080-exec-5] .m.m.a.ExceptionHandlerExceptionResolver : Resolved [org.springframework.web.servlet.resource.NoResourceFoundException: No static resource media/1/generic/7fde1b47-8060-46da-9571-91aafb55d03d.jpg.]
2026-03-10T18:55:35.792+05:30 DEBUG 14700 --- [http-nio-8080-exec-10] o.s.security.web.FilterChainProxy        : Securing GET /uploads/media/4/generic/ea0f2604-2300-4567-b0df-24461f5dc2be.jpg
2026-03-10T18:55:35.793+05:30 DEBUG 14700 --- [http-nio-8080-exec-10] o.s.s.w.a.AnonymousAuthenticationFilter  : Set SecurityContextHolder to anonymous SecurityContext
2026-03-10T18:55:35.793+05:30 DEBUG 14700 --- [http-nio-8080-exec-10] o.s.security.web.FilterChainProxy        : Secured GET /uploads/media/4/generic/ea0f2604-2300-4567-b0df-24461f5dc2be.jpg
2026-03-10T18:55:35.793+05:30 DEBUG 14700 --- [http-nio-8080-exec-3] o.s.security.web.FilterChainProxy        : Securing GET /uploads/media/1/generic/66efcb11-e753-40ca-8db2-72d7eb62ea46.jpg
2026-03-10T18:55:35.793+05:30 DEBUG 14700 --- [http-nio-8080-exec-1] o.s.security.web.FilterChainProxy        : Securing GET /uploads/media/1/generic/0566907f-e3e4-4d66-9b90-efebf8aa1a77.jpg
2026-03-10T18:55:35.793+05:30 DEBUG 14700 --- [http-nio-8080-exec-9] o.s.security.web.FilterChainProxy        : Securing GET /uploads/media/11/profile/a98ad951-1fa6-4b6c-84cf-fd97d589c8ea.jpg
2026-03-10T18:55:35.793+05:30 DEBUG 14700 --- [http-nio-8080-exec-3] o.s.s.w.a.AnonymousAuthenticationFilter  : Set SecurityContextHolder to anonymous SecurityContext
2026-03-10T18:55:35.793+05:30 DEBUG 14700 --- [http-nio-8080-exec-1] o.s.s.w.a.AnonymousAuthenticationFilter  : Set SecurityContextHolder to anonymous SecurityContext
2026-03-10T18:55:35.794+05:30 DEBUG 14700 --- [http-nio-8080-exec-9] o.s.s.w.a.AnonymousAuthenticationFilter  : Set SecurityContextHolder to anonymous SecurityContext
2026-03-10T18:55:35.794+05:30 DEBUG 14700 --- [http-nio-8080-exec-1] o.s.security.web.FilterChainProxy        : Secured GET /uploads/media/1/generic/0566907f-e3e4-4d66-9b90-efebf8aa1a77.jpg
2026-03-10T18:55:35.794+05:30 DEBUG 14700 --- [http-nio-8080-exec-3] o.s.security.web.FilterChainProxy        : Secured GET /uploads/media/1/generic/66efcb11-e753-40ca-8db2-72d7eb62ea46.jpg
2026-03-10T18:55:35.794+05:30 DEBUG 14700 --- [http-nio-8080-exec-9] o.s.security.web.FilterChainProxy        : Secured GET /uploads/media/11/profile/a98ad951-1fa6-4b6c-84cf-fd97d589c8ea.jpg
2026-03-10T18:55:35.795+05:30 DEBUG 14700 --- [http-nio-8080-exec-8] o.s.security.web.FilterChainProxy        : Securing GET /uploads/media/11/generic/e7feafd5-9318-4c78-b84a-1eea8175cca3.jpg
2026-03-10T18:55:35.795+05:30 DEBUG 14700 --- [http-nio-8080-exec-8] o.s.s.w.a.AnonymousAuthenticationFilter  : Set SecurityContextHolder to anonymous SecurityContext
2026-03-10T18:55:35.795+05:30  WARN 14700 --- [http-nio-8080-exec-3] .m.m.a.ExceptionHandlerExceptionResolver : Resolved [org.springframework.web.servlet.resource.NoResourceFoundException: No static resource media/1/generic/66efcb11-e753-40ca-8db2-72d7eb62ea46.jpg.]
2026-03-10T18:55:35.795+05:30 DEBUG 14700 --- [http-nio-8080-exec-8] o.s.security.web.FilterChainProxy        : Secured GET /uploads/media/11/generic/e7feafd5-9318-4c78-b84a-1eea8175cca3.jpg
2026-03-10T18:55:35.795+05:30  WARN 14700 --- [http-nio-8080-exec-10] .m.m.a.ExceptionHandlerExceptionResolver : Resolved [org.springframework.web.servlet.resource.NoResourceFoundException: No static resource media/4/generic/ea0f2604-2300-4567-b0df-24461f5dc2be.jpg.]
2026-03-10T18:55:35.795+05:30  WARN 14700 --- [http-nio-8080-exec-9] .m.m.a.ExceptionHandlerExceptionResolver : Resolved [org.springframework.web.servlet.resource.NoResourceFoundException: No static resource media/11/profile/a98ad951-1fa6-4b6c-84cf-fd97d589c8ea.jpg.]
2026-03-10T18:55:35.795+05:30  WARN 14700 --- [http-nio-8080-exec-1] .m.m.a.ExceptionHandlerExceptionResolver : Resolved [org.springframework.web.servlet.resource.NoResourceFoundException: No static resource media/1/generic/0566907f-e3e4-4d66-9b90-efebf8aa1a77.jpg.]
2026-03-10T18:55:35.797+05:30  WARN 14700 --- [http-nio-8080-exec-8] .m.m.a.ExceptionHandlerExceptionResolver : Resolved [org.springframework.web.servlet.resource.NoResourceFoundException: No static resource media/11/generic/e7feafd5-9318-4c78-b84a-1eea8175cca3.jpg.]
2026-03-10T18:55:35.801+05:30 DEBUG 14700 --- [http-nio-8080-exec-2] o.s.security.web.FilterChainProxy        : Securing GET /uploads/media/4/video/e5b4263b-b2b4-45bd-8671-d1b46b1a6348.mp4
2026-03-10T18:55:35.802+05:30 DEBUG 14700 --- [http-nio-8080-exec-2] o.s.s.w.a.AnonymousAuthenticationFilter  : Set SecurityContextHolder to anonymous SecurityContext
2026-03-10T18:55:35.802+05:30 DEBUG 14700 --- [http-nio-8080-exec-2] o.s.security.web.FilterChainProxy        : Secured GET /uploads/media/4/video/e5b4263b-b2b4-45bd-8671-d1b46b1a6348.mp4
2026-03-10T18:55:35.804+05:30  WARN 14700 --- [http-nio-8080-exec-2] .m.m.a.ExceptionHandlerExceptionResolver : Resolved [org.springframework.web.servlet.resource.NoResourceFoundException: No static resource media/4/video/e5b4263b-b2b4-45bd-8671-d1b46b1a6348.mp4.]
2026-03-10T18:55:35.807+05:30 DEBUG 14700 --- [http-nio-8080-exec-4] o.s.security.web.FilterChainProxy        : Securing GET /uploads/media/1/video/99f88e69-e838-4464-8561-a62b7544a441.mp4
2026-03-10T18:55:35.807+05:30 DEBUG 14700 --- [http-nio-8080-exec-7] o.s.security.web.FilterChainProxy        : Securing GET /uploads/media/4/video/e856b82e-d555-4135-a76a-920f9532f5ff.mp4
2026-03-10T18:55:35.807+05:30 DEBUG 14700 --- [http-nio-8080-exec-4] o.s.s.w.a.AnonymousAuthenticationFilter  : Set SecurityContextHolder to anonymous SecurityContext
2026-03-10T18:55:35.807+05:30 DEBUG 14700 --- [http-nio-8080-exec-7] o.s.s.w.a.AnonymousAuthenticationFilter  : Set SecurityContextHolder to anonymous SecurityContext
2026-03-10T18:55:35.808+05:30 DEBUG 14700 --- [http-nio-8080-exec-4] o.s.security.web.FilterChainProxy        : Secured GET /uploads/media/1/video/99f88e69-e838-4464-8561-a62b7544a441.mp4
2026-03-10T18:55:35.808+05:30 DEBUG 14700 --- [http-nio-8080-exec-7] o.s.security.web.FilterChainProxy        : Secured GET /uploads/media/4/video/e856b82e-d555-4135-a76a-920f9532f5ff.mp4
2026-03-10T18:55:35.809+05:30 DEBUG 14700 --- [http-nio-8080-exec-6] o.s.security.web.FilterChainProxy        : Securing GET /uploads/media/1/video/d2d16f28-c872-4cb7-8293-64a93bd8e7b1.mp4
2026-03-10T18:55:35.809+05:30 DEBUG 14700 --- [http-nio-8080-exec-6] o.s.s.w.a.AnonymousAuthenticationFilter  : Set SecurityContextHolder to anonymous SecurityContext
2026-03-10T18:55:35.810+05:30 DEBUG 14700 --- [http-nio-8080-exec-6] o.s.security.web.FilterChainProxy        : Secured GET /uploads/media/1/video/d2d16f28-c872-4cb7-8293-64a93bd8e7b1.mp4
2026-03-10T18:55:35.810+05:30  WARN 14700 --- [http-nio-8080-exec-4] .m.m.a.ExceptionHandlerExceptionResolver : Resolved [org.springframework.web.servlet.resource.NoResourceFoundException: No static resource media/1/video/99f88e69-e838-4464-8561-a62b7544a441.mp4.]
2026-03-10T18:55:35.810+05:30  WARN 14700 --- [http-nio-8080-exec-7] .m.m.a.ExceptionHandlerExceptionResolver : Resolved [org.springframework.web.servlet.resource.NoResourceFoundException: No static resource media/4/video/e856b82e-d555-4135-a76a-920f9532f5ff.mp4.]
2026-03-10T18:55:35.812+05:30  WARN 14700 --- [http-nio-8080-exec-6] .m.m.a.ExceptionHandlerExceptionResolver : Resolved [org.springframework.web.servlet.resource.NoResourceFoundException: No static resource media/1/video/d2d16f28-c872-4cb7-8293-64a93bd8e7b1.mp4.]
2026-03-10T18:56:05.392+05:30 DEBUG 14700 --- [http-nio-8080-exec-5] o.s.security.web.FilterChainProxy        : Securing GET /api/messages/unread/count
2026-03-10T18:56:05.394+05:30 DEBUG 14700 --- [http-nio-8080-exec-5] o.r.r.service.CustomUserDetailsService   : Loading user by username or email: user1
2026-03-10T18:56:05.399+05:30 DEBUG 14700 --- [http-nio-8080-exec-5] o.s.security.web.FilterChainProxy        : Secured GET /api/messages/unread/count
2026-03-10T18:56:05.399+05:30  INFO 14700 --- [http-nio-8080-exec-5] o.r.r.controller.MessageController       : Getting unread message count
2026-03-10T18:56:35.394+05:30 DEBUG 14700 --- [http-nio-8080-exec-3] o.s.security.web.FilterChainProxy        : Securing GET /api/messages/unread/count
2026-03-10T18:56:35.395+05:30 DEBUG 14700 --- [http-nio-8080-exec-3] o.r.r.service.CustomUserDetailsService   : Loading user by username or email: user1
2026-03-10T18:56:35.403+05:30 DEBUG 14700 --- [http-nio-8080-exec-3] o.s.security.web.FilterChainProxy        : Secured GET /api/messages/unread/count
2026-03-10T18:56:35.403+05:30  INFO 14700 --- [http-nio-8080-exec-3] o.r.r.controller.MessageController       : Getting unread message count
2026-03-10T18:57:05.397+05:30 DEBUG 14700 --- [http-nio-8080-exec-10] o.s.security.web.FilterChainProxy        : Securing GET /api/messages/unread/count
2026-03-10T18:57:05.398+05:30 DEBUG 14700 --- [http-nio-8080-exec-10] o.r.r.service.CustomUserDetailsService   : Loading user by username or email: user1
2026-03-10T18:57:05.410+05:30 DEBUG 14700 --- [http-nio-8080-exec-10] o.s.security.web.FilterChainProxy        : Secured GET /api/messages/unread/count
2026-03-10T18:57:05.411+05:30  INFO 14700 --- [http-nio-8080-exec-10] o.r.r.controller.MessageController       : Getting unread message count
2026-03-10T18:57:35.531+05:30 DEBUG 14700 --- [http-nio-8080-exec-1] o.s.security.web.FilterChainProxy        : Securing GET /api/messages/unread/count
2026-03-10T18:57:35.533+05:30 DEBUG 14700 --- [http-nio-8080-exec-1] o.r.r.service.CustomUserDetailsService   : Loading user by username or email: user1
2026-03-10T18:57:35.549+05:30 DEBUG 14700 --- [http-nio-8080-exec-1] o.s.security.web.FilterChainProxy        : Secured GET /api/messages/unread/count
2026-03-10T18:57:35.549+05:30  INFO 14700 --- [http-nio-8080-exec-1] o.r.r.controller.MessageController       : Getting unread message count
2026-03-10T18:58:05.523+05:30 DEBUG 14700 --- [http-nio-8080-exec-9] o.s.security.web.FilterChainProxy        : Securing GET /api/messages/unread/count
2026-03-10T18:58:05.524+05:30 DEBUG 14700 --- [http-nio-8080-exec-9] o.r.r.service.CustomUserDetailsService   : Loading user by username or email: user1
2026-03-10T18:58:05.538+05:30 DEBUG 14700 --- [http-nio-8080-exec-9] o.s.security.web.FilterChainProxy        : Secured GET /api/messages/unread/count
2026-03-10T18:58:05.539+05:30  INFO 14700 --- [http-nio-8080-exec-9] o.r.r.controller.MessageController       : Getting unread message count
2026-03-10T18:58:35.528+05:30 DEBUG 14700 --- [http-nio-8080-exec-8] o.s.security.web.FilterChainProxy        : Securing GET /api/messages/unread/count
2026-03-10T18:58:35.529+05:30 DEBUG 14700 --- [http-nio-8080-exec-8] o.r.r.service.CustomUserDetailsService   : Loading user by username or email: user1
2026-03-10T18:58:35.542+05:30 DEBUG 14700 --- [http-nio-8080-exec-8] o.s.security.web.FilterChainProxy        : Secured GET /api/messages/unread/count
2026-03-10T18:58:35.544+05:30  INFO 14700 --- [http-nio-8080-exec-8] o.r.r.controller.MessageController       : Getting unread message count
2026-03-10T18:59:05.523+05:30 DEBUG 14700 --- [http-nio-8080-exec-2] o.s.security.web.FilterChainProxy        : Securing GET /api/messages/unread/count
2026-03-10T18:59:05.523+05:30 DEBUG 14700 --- [http-nio-8080-exec-2] o.r.r.service.CustomUserDetailsService   : Loading user by username or email: user1
2026-03-10T18:59:05.540+05:30 DEBUG 14700 --- [http-nio-8080-exec-2] o.s.security.web.FilterChainProxy        : Secured GET /api/messages/unread/count
2026-03-10T18:59:05.541+05:30  INFO 14700 --- [http-nio-8080-exec-2] o.r.r.controller.MessageController       : Getting unread message count
2026-03-10T18:59:35.529+05:30 DEBUG 14700 --- [http-nio-8080-exec-7] o.s.security.web.FilterChainProxy        : Securing GET /api/messages/unread/count
2026-03-10T18:59:35.530+05:30 DEBUG 14700 --- [http-nio-8080-exec-7] o.r.r.service.CustomUserDetailsService   : Loading user by username or email: user1
2026-03-10T18:59:35.545+05:30 DEBUG 14700 --- [http-nio-8080-exec-7] o.s.security.web.FilterChainProxy        : Secured GET /api/messages/unread/count
2026-03-10T18:59:35.546+05:30  INFO 14700 --- [http-nio-8080-exec-7] o.r.r.controller.MessageController       : Getting unread message count
2026-03-10T18:59:59.350+05:30 DEBUG 14700 --- [http-nio-8080-exec-4] o.s.security.web.FilterChainProxy        : Securing POST /api/media/upload
2026-03-10T18:59:59.351+05:30 DEBUG 14700 --- [http-nio-8080-exec-4] o.r.r.service.CustomUserDetailsService   : Loading user by username or email: user1
2026-03-10T18:59:59.360+05:30 DEBUG 14700 --- [http-nio-8080-exec-4] o.s.security.web.FilterChainProxy        : Secured POST /api/media/upload
2026-03-10T18:59:59.407+05:30  INFO 14700 --- [http-nio-8080-exec-4] o.r.r.controller.MediaController         : Uploading file: diet.png
2026-03-10T18:59:59.455+05:30 DEBUG 14700 --- [http-nio-8080-exec-6] o.s.security.web.FilterChainProxy        : Securing POST /api/posts
2026-03-10T18:59:59.456+05:30 DEBUG 14700 --- [http-nio-8080-exec-6] o.r.r.service.CustomUserDetailsService   : Loading user by username or email: user1
2026-03-10T18:59:59.464+05:30 DEBUG 14700 --- [http-nio-8080-exec-6] o.s.security.web.FilterChainProxy        : Secured POST /api/posts
2026-03-10T18:59:59.483+05:30  INFO 14700 --- [http-nio-8080-exec-6] o.r.r.controller.PostController          : Create post request received
2026-03-10T18:59:59.484+05:30  INFO 14700 --- [http-nio-8080-exec-6] o.r.revconnect.service.PostService       : Creating post for user: user1
2026-03-10T18:59:59.493+05:30  INFO 14700 --- [http-nio-8080-exec-6] o.r.revconnect.service.PostService       : Post created with ID: 79
2026-03-10T18:59:59.516+05:30  INFO 14700 --- [http-nio-8080-exec-6] o.r.r.controller.PostController          : Post created successfully with ID: 79
2026-03-10T18:59:59.527+05:30 DEBUG 14700 --- [http-nio-8080-exec-5] o.s.security.web.FilterChainProxy        : Securing GET /uploads/media/1/profile/399af8b4-7629-4b96-b1a0-e2779793a067.jpg
2026-03-10T18:59:59.527+05:30 DEBUG 14700 --- [http-nio-8080-exec-3] o.s.security.web.FilterChainProxy        : Securing GET /uploads/media/1/generic/b4ba7ced-9876-4b70-a8d5-b6e7606b50ca.png
2026-03-10T18:59:59.527+05:30 DEBUG 14700 --- [http-nio-8080-exec-5] o.s.s.w.a.AnonymousAuthenticationFilter  : Set SecurityContextHolder to anonymous SecurityContext
2026-03-10T18:59:59.527+05:30 DEBUG 14700 --- [http-nio-8080-exec-3] o.s.s.w.a.AnonymousAuthenticationFilter  : Set SecurityContextHolder to anonymous SecurityContext
2026-03-10T18:59:59.527+05:30 DEBUG 14700 --- [http-nio-8080-exec-5] o.s.security.web.FilterChainProxy        : Secured GET /uploads/media/1/profile/399af8b4-7629-4b96-b1a0-e2779793a067.jpg
2026-03-10T18:59:59.527+05:30 DEBUG 14700 --- [http-nio-8080-exec-3] o.s.security.web.FilterChainProxy        : Secured GET /uploads/media/1/generic/b4ba7ced-9876-4b70-a8d5-b6e7606b50ca.png
2026-03-10T18:59:59.529+05:30  WARN 14700 --- [http-nio-8080-exec-5] .m.m.a.ExceptionHandlerExceptionResolver : Resolved [org.springframework.web.servlet.resource.NoResourceFoundException: No static resource media/1/profile/399af8b4-7629-4b96-b1a0-e2779793a067.jpg.]
2026-03-10T19:00:05.004+05:30 DEBUG 14700 --- [http-nio-8080-exec-10] o.s.security.web.FilterChainProxy        : Securing POST /api/bookmarks/posts/79
2026-03-10T19:00:05.007+05:30 DEBUG 14700 --- [http-nio-8080-exec-10] o.r.r.service.CustomUserDetailsService   : Loading user by username or email: user1
2026-03-10T19:00:05.023+05:30 DEBUG 14700 --- [http-nio-8080-exec-10] o.s.security.web.FilterChainProxy        : Secured POST /api/bookmarks/posts/79
2026-03-10T19:00:05.025+05:30  INFO 14700 --- [http-nio-8080-exec-10] o.r.r.controller.BookmarkController      : Bookmark post request for post ID: 79
2026-03-10T19:00:05.052+05:30  INFO 14700 --- [http-nio-8080-exec-10] o.r.revconnect.service.BookmarkService   : User user1 bookmarked post 79
2026-03-10T19:00:05.061+05:30  INFO 14700 --- [http-nio-8080-exec-10] o.r.r.controller.BookmarkController      : Post 79 bookmarked successfully
2026-03-10T19:00:05.387+05:30 DEBUG 14700 --- [http-nio-8080-exec-1] o.s.security.web.FilterChainProxy        : Securing GET /api/messages/unread/count
2026-03-10T19:00:05.387+05:30 DEBUG 14700 --- [http-nio-8080-exec-1] o.r.r.service.CustomUserDetailsService   : Loading user by username or email: user1
2026-03-10T19:00:05.399+05:30 DEBUG 14700 --- [http-nio-8080-exec-1] o.s.security.web.FilterChainProxy        : Secured GET /api/messages/unread/count
2026-03-10T19:00:05.400+05:30  INFO 14700 --- [http-nio-8080-exec-1] o.r.r.controller.MessageController       : Getting unread message count
2026-03-10T19:00:06.557+05:30 DEBUG 14700 --- [http-nio-8080-exec-9] o.s.security.web.FilterChainProxy        : Securing GET /api/bookmarks?page=0&size=20
2026-03-10T19:00:06.557+05:30 DEBUG 14700 --- [http-nio-8080-exec-8] o.s.security.web.FilterChainProxy        : Securing GET /api/messages/unread/count
2026-03-10T19:00:06.558+05:30 DEBUG 14700 --- [http-nio-8080-exec-2] o.s.security.web.FilterChainProxy        : Securing GET /api/users/me
2026-03-10T19:00:06.558+05:30 DEBUG 14700 --- [http-nio-8080-exec-7] o.s.security.web.FilterChainProxy        : Securing GET /api/notifications/count
2026-03-10T19:00:06.558+05:30 DEBUG 14700 --- [http-nio-8080-exec-9] o.r.r.service.CustomUserDetailsService   : Loading user by username or email: user1
2026-03-10T19:00:06.559+05:30 DEBUG 14700 --- [http-nio-8080-exec-2] o.r.r.service.CustomUserDetailsService   : Loading user by username or email: user1
2026-03-10T19:00:06.559+05:30 DEBUG 14700 --- [http-nio-8080-exec-8] o.r.r.service.CustomUserDetailsService   : Loading user by username or email: user1
2026-03-10T19:00:06.559+05:30 DEBUG 14700 --- [http-nio-8080-exec-7] o.r.r.service.CustomUserDetailsService   : Loading user by username or email: user1
2026-03-10T19:00:06.578+05:30 DEBUG 14700 --- [http-nio-8080-exec-9] o.s.security.web.FilterChainProxy        : Secured GET /api/bookmarks?page=0&size=20
2026-03-10T19:00:06.578+05:30 DEBUG 14700 --- [http-nio-8080-exec-8] o.s.security.web.FilterChainProxy        : Secured GET /api/messages/unread/count
2026-03-10T19:00:06.578+05:30 DEBUG 14700 --- [http-nio-8080-exec-2] o.s.security.web.FilterChainProxy        : Secured GET /api/users/me
2026-03-10T19:00:06.578+05:30 DEBUG 14700 --- [http-nio-8080-exec-7] o.s.security.web.FilterChainProxy        : Secured GET /api/notifications/count
2026-03-10T19:00:06.579+05:30  INFO 14700 --- [http-nio-8080-exec-2] o.r.r.controller.UserController          : Request to get current user profile
2026-03-10T19:00:06.579+05:30  INFO 14700 --- [http-nio-8080-exec-7] o.r.r.controller.NotificationController  : Get unread count request
2026-03-10T19:00:06.579+05:30  INFO 14700 --- [http-nio-8080-exec-8] o.r.r.controller.MessageController       : Getting unread message count
2026-03-10T19:00:06.580+05:30  INFO 14700 --- [http-nio-8080-exec-2] o.r.revconnect.service.UserService       : Fetching profile for user: user1
2026-03-10T19:00:06.580+05:30 DEBUG 14700 --- [http-nio-8080-exec-2] o.r.r.controller.UserController          : Profile retrieved for user: user1
2026-03-10T19:00:06.581+05:30  INFO 14700 --- [http-nio-8080-exec-9] o.r.r.controller.BookmarkController      : Get bookmarks request - page: 0, size: 20
2026-03-10T19:00:06.586+05:30  INFO 14700 --- [http-nio-8080-exec-7] o.r.r.service.NotificationService        : User user1 has 5 unread notifications
2026-03-10T19:00:06.600+05:30 DEBUG 14700 --- [http-nio-8080-exec-4] o.s.security.web.FilterChainProxy        : Securing GET /api/users/me
2026-03-10T19:00:06.602+05:30 DEBUG 14700 --- [http-nio-8080-exec-4] o.r.r.service.CustomUserDetailsService   : Loading user by username or email: user1
2026-03-10T19:00:06.611+05:30 DEBUG 14700 --- [http-nio-8080-exec-6] o.s.security.web.FilterChainProxy        : Securing GET /api/notifications/count
2026-03-10T19:00:06.612+05:30 DEBUG 14700 --- [http-nio-8080-exec-5] o.s.security.web.FilterChainProxy        : Securing GET /uploads/media/1/profile/399af8b4-7629-4b96-b1a0-e2779793a067.jpg
2026-03-10T19:00:06.612+05:30 DEBUG 14700 --- [http-nio-8080-exec-6] o.r.r.service.CustomUserDetailsService   : Loading user by username or email: user1
2026-03-10T19:00:06.613+05:30 DEBUG 14700 --- [http-nio-8080-exec-5] o.s.s.w.a.AnonymousAuthenticationFilter  : Set SecurityContextHolder to anonymous SecurityContext
2026-03-10T19:00:06.613+05:30 DEBUG 14700 --- [http-nio-8080-exec-5] o.s.security.web.FilterChainProxy        : Secured GET /uploads/media/1/profile/399af8b4-7629-4b96-b1a0-e2779793a067.jpg
2026-03-10T19:00:06.616+05:30 DEBUG 14700 --- [http-nio-8080-exec-4] o.s.security.web.FilterChainProxy        : Secured GET /api/users/me
2026-03-10T19:00:06.617+05:30  WARN 14700 --- [http-nio-8080-exec-5] .m.m.a.ExceptionHandlerExceptionResolver : Resolved [org.springframework.web.servlet.resource.NoResourceFoundException: No static resource media/1/profile/399af8b4-7629-4b96-b1a0-e2779793a067.jpg.]
2026-03-10T19:00:06.618+05:30  INFO 14700 --- [http-nio-8080-exec-4] o.r.r.controller.UserController          : Request to get current user profile
2026-03-10T19:00:06.619+05:30  INFO 14700 --- [http-nio-8080-exec-4] o.r.revconnect.service.UserService       : Fetching profile for user: user1
2026-03-10T19:00:06.619+05:30 DEBUG 14700 --- [http-nio-8080-exec-4] o.r.r.controller.UserController          : Profile retrieved for user: user1
2026-03-10T19:00:06.629+05:30 DEBUG 14700 --- [http-nio-8080-exec-6] o.s.security.web.FilterChainProxy        : Secured GET /api/notifications/count
2026-03-10T19:00:06.630+05:30  INFO 14700 --- [http-nio-8080-exec-6] o.r.r.controller.NotificationController  : Get unread count request
2026-03-10T19:00:06.635+05:30  INFO 14700 --- [http-nio-8080-exec-6] o.r.r.service.NotificationService        : User user1 has 5 unread notifications
2026-03-10T19:00:06.643+05:30 DEBUG 14700 --- [http-nio-8080-exec-3] o.s.security.web.FilterChainProxy        : Securing GET /uploads/media/1/profile/399af8b4-7629-4b96-b1a0-e2779793a067.jpg
2026-03-10T19:00:06.644+05:30 DEBUG 14700 --- [http-nio-8080-exec-3] o.s.s.w.a.AnonymousAuthenticationFilter  : Set SecurityContextHolder to anonymous SecurityContext
2026-03-10T19:00:06.644+05:30 DEBUG 14700 --- [http-nio-8080-exec-3] o.s.security.web.FilterChainProxy        : Secured GET /uploads/media/1/profile/399af8b4-7629-4b96-b1a0-e2779793a067.jpg
2026-03-10T19:00:06.648+05:30  WARN 14700 --- [http-nio-8080-exec-3] .m.m.a.ExceptionHandlerExceptionResolver : Resolved [org.springframework.web.servlet.resource.NoResourceFoundException: No static resource media/1/profile/399af8b4-7629-4b96-b1a0-e2779793a067.jpg.]
2026-03-10T19:00:06.727+05:30 DEBUG 14700 --- [http-nio-8080-exec-10] o.s.security.web.FilterChainProxy        : Securing GET /uploads/media/1/generic/b4ba7ced-9876-4b70-a8d5-b6e7606b50ca.png
2026-03-10T19:00:06.728+05:30 DEBUG 14700 --- [http-nio-8080-exec-10] o.s.s.w.a.AnonymousAuthenticationFilter  : Set SecurityContextHolder to anonymous SecurityContext
2026-03-10T19:00:06.728+05:30 DEBUG 14700 --- [http-nio-8080-exec-10] o.s.security.web.FilterChainProxy        : Secured GET /uploads/media/1/generic/b4ba7ced-9876-4b70-a8d5-b6e7606b50ca.png
2026-03-10T19:00:06.738+05:30 DEBUG 14700 --- [http-nio-8080-exec-1] o.s.security.web.FilterChainProxy        : Securing GET /uploads/media/1/profile/399af8b4-7629-4b96-b1a0-e2779793a067.jpg
2026-03-10T19:00:06.738+05:30 DEBUG 14700 --- [http-nio-8080-exec-2] o.s.security.web.FilterChainProxy        : Securing GET /uploads/media/1/generic/66efcb11-e753-40ca-8db2-72d7eb62ea46.jpg
2026-03-10T19:00:06.739+05:30 DEBUG 14700 --- [http-nio-8080-exec-1] o.s.s.w.a.AnonymousAuthenticationFilter  : Set SecurityContextHolder to anonymous SecurityContext
2026-03-10T19:00:06.739+05:30 DEBUG 14700 --- [http-nio-8080-exec-2] o.s.s.w.a.AnonymousAuthenticationFilter  : Set SecurityContextHolder to anonymous SecurityContext
2026-03-10T19:00:06.739+05:30 DEBUG 14700 --- [http-nio-8080-exec-1] o.s.security.web.FilterChainProxy        : Secured GET /uploads/media/1/profile/399af8b4-7629-4b96-b1a0-e2779793a067.jpg
2026-03-10T19:00:06.739+05:30 DEBUG 14700 --- [http-nio-8080-exec-7] o.s.security.web.FilterChainProxy        : Securing GET /uploads/media/1/generic/7fde1b47-8060-46da-9571-91aafb55d03d.jpg
2026-03-10T19:00:06.739+05:30 DEBUG 14700 --- [http-nio-8080-exec-2] o.s.security.web.FilterChainProxy        : Secured GET /uploads/media/1/generic/66efcb11-e753-40ca-8db2-72d7eb62ea46.jpg
2026-03-10T19:00:06.739+05:30 DEBUG 14700 --- [http-nio-8080-exec-7] o.s.s.w.a.AnonymousAuthenticationFilter  : Set SecurityContextHolder to anonymous SecurityContext
2026-03-10T19:00:06.739+05:30 DEBUG 14700 --- [http-nio-8080-exec-7] o.s.security.web.FilterChainProxy        : Secured GET /uploads/media/1/generic/7fde1b47-8060-46da-9571-91aafb55d03d.jpg
2026-03-10T19:00:06.742+05:30  WARN 14700 --- [http-nio-8080-exec-1] .m.m.a.ExceptionHandlerExceptionResolver : Resolved [org.springframework.web.servlet.resource.NoResourceFoundException: No static resource media/1/profile/399af8b4-7629-4b96-b1a0-e2779793a067.jpg.]
2026-03-10T19:00:06.742+05:30  WARN 14700 --- [http-nio-8080-exec-2] .m.m.a.ExceptionHandlerExceptionResolver : Resolved [org.springframework.web.servlet.resource.NoResourceFoundException: No static resource media/1/generic/66efcb11-e753-40ca-8db2-72d7eb62ea46.jpg.]
2026-03-10T19:00:06.742+05:30  WARN 14700 --- [http-nio-8080-exec-7] .m.m.a.ExceptionHandlerExceptionResolver : Resolved [org.springframework.web.servlet.resource.NoResourceFoundException: No static resource media/1/generic/7fde1b47-8060-46da-9571-91aafb55d03d.jpg.]
2026-03-10T19:00:06.742+05:30 DEBUG 14700 --- [http-nio-8080-exec-8] o.s.security.web.FilterChainProxy        : Securing GET /uploads/media/1/generic/fc8ea7db-88b4-4805-bd21-0b39c326bda3.jpg
2026-03-10T19:00:06.743+05:30 DEBUG 14700 --- [http-nio-8080-exec-8] o.s.s.w.a.AnonymousAuthenticationFilter  : Set SecurityContextHolder to anonymous SecurityContext
2026-03-10T19:00:06.743+05:30 DEBUG 14700 --- [http-nio-8080-exec-8] o.s.security.web.FilterChainProxy        : Secured GET /uploads/media/1/generic/fc8ea7db-88b4-4805-bd21-0b39c326bda3.jpg
2026-03-10T19:00:06.745+05:30 DEBUG 14700 --- [http-nio-8080-exec-5] o.s.security.web.FilterChainProxy        : Securing GET /uploads/media/4/profile/1a12ec78-6437-4714-a3b0-c9cbde62ccd7.jpg
2026-03-10T19:00:06.746+05:30 DEBUG 14700 --- [http-nio-8080-exec-5] o.s.s.w.a.AnonymousAuthenticationFilter  : Set SecurityContextHolder to anonymous SecurityContext
2026-03-10T19:00:06.746+05:30 DEBUG 14700 --- [http-nio-8080-exec-5] o.s.security.web.FilterChainProxy        : Secured GET /uploads/media/4/profile/1a12ec78-6437-4714-a3b0-c9cbde62ccd7.jpg
2026-03-10T19:00:06.747+05:30  WARN 14700 --- [http-nio-8080-exec-8] .m.m.a.ExceptionHandlerExceptionResolver : Resolved [org.springframework.web.servlet.resource.NoResourceFoundException: No static resource media/1/generic/fc8ea7db-88b4-4805-bd21-0b39c326bda3.jpg.]
2026-03-10T19:00:06.749+05:30  WARN 14700 --- [http-nio-8080-exec-5] .m.m.a.ExceptionHandlerExceptionResolver : Resolved [org.springframework.web.servlet.resource.NoResourceFoundException: No static resource media/4/profile/1a12ec78-6437-4714-a3b0-c9cbde62ccd7.jpg.]
2026-03-10T19:00:06.758+05:30 DEBUG 14700 --- [http-nio-8080-exec-4] o.s.security.web.FilterChainProxy        : Securing GET /uploads/media/4/generic/42f1ff8b-f4c3-4d2c-80fb-cf0dc1be4f0a.jpg
2026-03-10T19:00:06.759+05:30 DEBUG 14700 --- [http-nio-8080-exec-4] o.s.s.w.a.AnonymousAuthenticationFilter  : Set SecurityContextHolder to anonymous SecurityContext
2026-03-10T19:00:06.759+05:30 DEBUG 14700 --- [http-nio-8080-exec-4] o.s.security.web.FilterChainProxy        : Secured GET /uploads/media/4/generic/42f1ff8b-f4c3-4d2c-80fb-cf0dc1be4f0a.jpg
2026-03-10T19:00:06.761+05:30  WARN 14700 --- [http-nio-8080-exec-4] .m.m.a.ExceptionHandlerExceptionResolver : Resolved [org.springframework.web.servlet.resource.NoResourceFoundException: No static resource media/4/generic/42f1ff8b-f4c3-4d2c-80fb-cf0dc1be4f0a.jpg.]
2026-03-10T19:00:06.762+05:30 DEBUG 14700 --- [http-nio-8080-exec-6] o.s.security.web.FilterChainProxy        : Securing GET /uploads/media/1/generic/02bed9a0-6804-4f35-9ee4-f2ce3ac846f9.jpg
2026-03-10T19:00:06.762+05:30 DEBUG 14700 --- [http-nio-8080-exec-3] o.s.security.web.FilterChainProxy        : Securing GET /uploads/media/11/profile/a98ad951-1fa6-4b6c-84cf-fd97d589c8ea.jpg
2026-03-10T19:00:06.762+05:30 DEBUG 14700 --- [http-nio-8080-exec-6] o.s.s.w.a.AnonymousAuthenticationFilter  : Set SecurityContextHolder to anonymous SecurityContext
2026-03-10T19:00:06.762+05:30 DEBUG 14700 --- [http-nio-8080-exec-3] o.s.s.w.a.AnonymousAuthenticationFilter  : Set SecurityContextHolder to anonymous SecurityContext
2026-03-10T19:00:06.763+05:30 DEBUG 14700 --- [http-nio-8080-exec-6] o.s.security.web.FilterChainProxy        : Secured GET /uploads/media/1/generic/02bed9a0-6804-4f35-9ee4-f2ce3ac846f9.jpg
2026-03-10T19:00:06.763+05:30 DEBUG 14700 --- [http-nio-8080-exec-3] o.s.security.web.FilterChainProxy        : Secured GET /uploads/media/11/profile/a98ad951-1fa6-4b6c-84cf-fd97d589c8ea.jpg
2026-03-10T19:00:06.765+05:30  WARN 14700 --- [http-nio-8080-exec-6] .m.m.a.ExceptionHandlerExceptionResolver : Resolved [org.springframework.web.servlet.resource.NoResourceFoundException: No static resource media/1/generic/02bed9a0-6804-4f35-9ee4-f2ce3ac846f9.jpg.]
2026-03-10T19:00:06.765+05:30  WARN 14700 --- [http-nio-8080-exec-3] .m.m.a.ExceptionHandlerExceptionResolver : Resolved [org.springframework.web.servlet.resource.NoResourceFoundException: No static resource media/11/profile/a98ad951-1fa6-4b6c-84cf-fd97d589c8ea.jpg.]
2026-03-10T19:00:06.767+05:30 DEBUG 14700 --- [http-nio-8080-exec-9] o.s.security.web.FilterChainProxy        : Securing GET /uploads/media/11/generic/2b55566a-0eb2-430d-b653-a14d0939f00b.jpg
2026-03-10T19:00:06.768+05:30 DEBUG 14700 --- [http-nio-8080-exec-9] o.s.s.w.a.AnonymousAuthenticationFilter  : Set SecurityContextHolder to anonymous SecurityContext
2026-03-10T19:00:06.767+05:30 DEBUG 14700 --- [http-nio-8080-exec-10] o.s.security.web.FilterChainProxy        : Securing GET /uploads/media/1/generic/d9a14c8c-b998-4347-8868-3583028a04f0.jpg
2026-03-10T19:00:06.769+05:30 DEBUG 14700 --- [http-nio-8080-exec-9] o.s.security.web.FilterChainProxy        : Secured GET /uploads/media/11/generic/2b55566a-0eb2-430d-b653-a14d0939f00b.jpg
2026-03-10T19:00:06.769+05:30 DEBUG 14700 --- [http-nio-8080-exec-10] o.s.s.w.a.AnonymousAuthenticationFilter  : Set SecurityContextHolder to anonymous SecurityContext
2026-03-10T19:00:06.770+05:30 DEBUG 14700 --- [http-nio-8080-exec-10] o.s.security.web.FilterChainProxy        : Secured GET /uploads/media/1/generic/d9a14c8c-b998-4347-8868-3583028a04f0.jpg
2026-03-10T19:00:06.773+05:30  WARN 14700 --- [http-nio-8080-exec-10] .m.m.a.ExceptionHandlerExceptionResolver : Resolved [org.springframework.web.servlet.resource.NoResourceFoundException: No static resource media/1/generic/d9a14c8c-b998-4347-8868-3583028a04f0.jpg.]
2026-03-10T19:00:06.773+05:30  WARN 14700 --- [http-nio-8080-exec-9] .m.m.a.ExceptionHandlerExceptionResolver : Resolved [org.springframework.web.servlet.resource.NoResourceFoundException: No static resource media/11/generic/2b55566a-0eb2-430d-b653-a14d0939f00b.jpg.]
2026-03-10T19:00:06.779+05:30 DEBUG 14700 --- [http-nio-8080-exec-1] o.s.security.web.FilterChainProxy        : Securing GET /uploads/media/1/generic/e0da4064-3a49-4827-a0c4-02999b8d0910.jpg
2026-03-10T19:00:06.779+05:30 DEBUG 14700 --- [http-nio-8080-exec-1] o.s.s.w.a.AnonymousAuthenticationFilter  : Set SecurityContextHolder to anonymous SecurityContext
2026-03-10T19:00:06.779+05:30 DEBUG 14700 --- [http-nio-8080-exec-1] o.s.security.web.FilterChainProxy        : Secured GET /uploads/media/1/generic/e0da4064-3a49-4827-a0c4-02999b8d0910.jpg
2026-03-10T19:00:06.784+05:30  WARN 14700 --- [http-nio-8080-exec-1] .m.m.a.ExceptionHandlerExceptionResolver : Resolved [org.springframework.web.servlet.resource.NoResourceFoundException: No static resource media/1/generic/e0da4064-3a49-4827-a0c4-02999b8d0910.jpg.]
2026-03-10T19:00:06.787+05:30 DEBUG 14700 --- [http-nio-8080-exec-2] o.s.security.web.FilterChainProxy        : Securing GET /uploads/media/1/generic/b4d921b3-8bb3-4a0b-98f8-1f874919ed8a.jpg
2026-03-10T19:00:06.788+05:30 DEBUG 14700 --- [http-nio-8080-exec-2] o.s.s.w.a.AnonymousAuthenticationFilter  : Set SecurityContextHolder to anonymous SecurityContext
2026-03-10T19:00:06.789+05:30 DEBUG 14700 --- [http-nio-8080-exec-2] o.s.security.web.FilterChainProxy        : Secured GET /uploads/media/1/generic/b4d921b3-8bb3-4a0b-98f8-1f874919ed8a.jpg
2026-03-10T19:00:06.792+05:30  WARN 14700 --- [http-nio-8080-exec-2] .m.m.a.ExceptionHandlerExceptionResolver : Resolved [org.springframework.web.servlet.resource.NoResourceFoundException: No static resource media/1/generic/b4d921b3-8bb3-4a0b-98f8-1f874919ed8a.jpg.]
2026-03-10T19:00:11.517+05:30 DEBUG 14700 --- [http-nio-8080-exec-7] o.s.security.web.FilterChainProxy        : Securing GET /api/users/me
2026-03-10T19:00:11.518+05:30 DEBUG 14700 --- [http-nio-8080-exec-8] o.s.security.web.FilterChainProxy        : Securing GET /api/messages/unread/count
2026-03-10T19:00:11.520+05:30 DEBUG 14700 --- [http-nio-8080-exec-7] o.r.r.service.CustomUserDetailsService   : Loading user by username or email: user1
2026-03-10T19:00:11.520+05:30 DEBUG 14700 --- [http-nio-8080-exec-8] o.r.r.service.CustomUserDetailsService   : Loading user by username or email: user1
2026-03-10T19:00:11.522+05:30 DEBUG 14700 --- [http-nio-8080-exec-5] o.s.security.web.FilterChainProxy        : Securing GET /api/notifications/count
2026-03-10T19:00:11.523+05:30 DEBUG 14700 --- [http-nio-8080-exec-4] o.s.security.web.FilterChainProxy        : Securing GET /api/stories/feed
2026-03-10T19:00:11.524+05:30 DEBUG 14700 --- [http-nio-8080-exec-5] o.r.r.service.CustomUserDetailsService   : Loading user by username or email: user1
2026-03-10T19:00:11.525+05:30 DEBUG 14700 --- [http-nio-8080-exec-4] o.r.r.service.CustomUserDetailsService   : Loading user by username or email: user1
2026-03-10T19:00:11.539+05:30 DEBUG 14700 --- [http-nio-8080-exec-7] o.s.security.web.FilterChainProxy        : Secured GET /api/users/me
2026-03-10T19:00:11.539+05:30 DEBUG 14700 --- [http-nio-8080-exec-8] o.s.security.web.FilterChainProxy        : Secured GET /api/messages/unread/count
2026-03-10T19:00:11.540+05:30 DEBUG 14700 --- [http-nio-8080-exec-5] o.s.security.web.FilterChainProxy        : Secured GET /api/notifications/count
2026-03-10T19:00:11.540+05:30 DEBUG 14700 --- [http-nio-8080-exec-4] o.s.security.web.FilterChainProxy        : Secured GET /api/stories/feed
2026-03-10T19:00:11.540+05:30  INFO 14700 --- [http-nio-8080-exec-5] o.r.r.controller.NotificationController  : Get unread count request
2026-03-10T19:00:11.540+05:30  INFO 14700 --- [http-nio-8080-exec-7] o.r.r.controller.UserController          : Request to get current user profile
2026-03-10T19:00:11.540+05:30  INFO 14700 --- [http-nio-8080-exec-8] o.r.r.controller.MessageController       : Getting unread message count
2026-03-10T19:00:11.541+05:30  INFO 14700 --- [http-nio-8080-exec-7] o.r.revconnect.service.UserService       : Fetching profile for user: user1
2026-03-10T19:00:11.541+05:30  INFO 14700 --- [http-nio-8080-exec-4] o.r.r.controller.StoryController         : Getting stories feed
2026-03-10T19:00:11.541+05:30 DEBUG 14700 --- [http-nio-8080-exec-7] o.r.r.controller.UserController          : Profile retrieved for user: user1
2026-03-10T19:00:11.545+05:30  INFO 14700 --- [http-nio-8080-exec-5] o.r.r.service.NotificationService        : User user1 has 5 unread notifications
2026-03-10T19:00:11.556+05:30 DEBUG 14700 --- [http-nio-8080-exec-3] o.s.security.web.FilterChainProxy        : Securing GET /api/users/me
2026-03-10T19:00:11.557+05:30 DEBUG 14700 --- [http-nio-8080-exec-3] o.r.r.service.CustomUserDetailsService   : Loading user by username or email: user1
2026-03-10T19:00:11.564+05:30 DEBUG 14700 --- [http-nio-8080-exec-6] o.s.security.web.FilterChainProxy        : Securing GET /api/posts/feed/personalized?page=0&size=10
2026-03-10T19:00:11.564+05:30 DEBUG 14700 --- [http-nio-8080-exec-10] o.s.security.web.FilterChainProxy        : Securing GET /api/search/trending
2026-03-10T19:00:11.564+05:30 DEBUG 14700 --- [http-nio-8080-exec-9] o.s.security.web.FilterChainProxy        : Securing GET /api/notifications/count
2026-03-10T19:00:11.565+05:30 DEBUG 14700 --- [http-nio-8080-exec-6] o.r.r.service.CustomUserDetailsService   : Loading user by username or email: user1
2026-03-10T19:00:11.565+05:30 DEBUG 14700 --- [http-nio-8080-exec-10] o.r.r.service.CustomUserDetailsService   : Loading user by username or email: user1
2026-03-10T19:00:11.565+05:30 DEBUG 14700 --- [http-nio-8080-exec-9] o.r.r.service.CustomUserDetailsService   : Loading user by username or email: user1
2026-03-10T19:00:11.569+05:30 DEBUG 14700 --- [http-nio-8080-exec-3] o.s.security.web.FilterChainProxy        : Secured GET /api/users/me
2026-03-10T19:00:11.571+05:30  INFO 14700 --- [http-nio-8080-exec-3] o.r.r.controller.UserController          : Request to get current user profile
2026-03-10T19:00:11.571+05:30  INFO 14700 --- [http-nio-8080-exec-3] o.r.revconnect.service.UserService       : Fetching profile for user: user1
2026-03-10T19:00:11.572+05:30 DEBUG 14700 --- [http-nio-8080-exec-3] o.r.r.controller.UserController          : Profile retrieved for user: user1
2026-03-10T19:00:11.583+05:30 DEBUG 14700 --- [http-nio-8080-exec-6] o.s.security.web.FilterChainProxy        : Secured GET /api/posts/feed/personalized?page=0&size=10
2026-03-10T19:00:11.583+05:30 DEBUG 14700 --- [http-nio-8080-exec-9] o.s.security.web.FilterChainProxy        : Secured GET /api/notifications/count
2026-03-10T19:00:11.583+05:30 DEBUG 14700 --- [http-nio-8080-exec-10] o.s.security.web.FilterChainProxy        : Secured GET /api/search/trending
2026-03-10T19:00:11.585+05:30  INFO 14700 --- [http-nio-8080-exec-9] o.r.r.controller.NotificationController  : Get unread count request
2026-03-10T19:00:11.585+05:30  INFO 14700 --- [http-nio-8080-exec-10] o.r.r.controller.SearchController        : Getting trending searches
2026-03-10T19:00:11.585+05:30  INFO 14700 --- [http-nio-8080-exec-10] o.r.revconnect.service.HashtagService    : Fetching top 10 trending hashtags
2026-03-10T19:00:11.586+05:30  INFO 14700 --- [http-nio-8080-exec-6] o.r.r.controller.PostController          : Get personalized feed request - page: 0, size: 10
2026-03-10T19:00:11.592+05:30 DEBUG 14700 --- [http-nio-8080-exec-1] o.s.security.web.FilterChainProxy        : Securing GET /api/users/me
2026-03-10T19:00:11.594+05:30  INFO 14700 --- [http-nio-8080-exec-9] o.r.r.service.NotificationService        : User user1 has 5 unread notifications
2026-03-10T19:00:11.595+05:30 DEBUG 14700 --- [http-nio-8080-exec-1] o.r.r.service.CustomUserDetailsService   : Loading user by username or email: user1
2026-03-10T19:00:11.610+05:30 DEBUG 14700 --- [http-nio-8080-exec-1] o.s.security.web.FilterChainProxy        : Secured GET /api/users/me
2026-03-10T19:00:11.610+05:30 DEBUG 14700 --- [http-nio-8080-exec-2] o.s.security.web.FilterChainProxy        : Securing GET /uploads/media/1/profile/399af8b4-7629-4b96-b1a0-e2779793a067.jpg
2026-03-10T19:00:11.611+05:30  INFO 14700 --- [http-nio-8080-exec-1] o.r.r.controller.UserController          : Request to get current user profile
2026-03-10T19:00:11.611+05:30  INFO 14700 --- [http-nio-8080-exec-1] o.r.revconnect.service.UserService       : Fetching profile for user: user1
2026-03-10T19:00:11.611+05:30 DEBUG 14700 --- [http-nio-8080-exec-2] o.s.s.w.a.AnonymousAuthenticationFilter  : Set SecurityContextHolder to anonymous SecurityContext
2026-03-10T19:00:11.611+05:30 DEBUG 14700 --- [http-nio-8080-exec-1] o.r.r.controller.UserController          : Profile retrieved for user: user1
2026-03-10T19:00:11.611+05:30 DEBUG 14700 --- [http-nio-8080-exec-2] o.s.security.web.FilterChainProxy        : Secured GET /uploads/media/1/profile/399af8b4-7629-4b96-b1a0-e2779793a067.jpg
2026-03-10T19:00:11.613+05:30  WARN 14700 --- [http-nio-8080-exec-2] .m.m.a.ExceptionHandlerExceptionResolver : Resolved [org.springframework.web.servlet.resource.NoResourceFoundException: No static resource media/1/profile/399af8b4-7629-4b96-b1a0-e2779793a067.jpg.]
2026-03-10T19:00:11.613+05:30  INFO 14700 --- [http-nio-8080-exec-4] o.r.revconnect.service.StoryService      : Fetching stories feed for 7 users
2026-03-10T19:00:11.622+05:30 DEBUG 14700 --- [http-nio-8080-exec-7] o.s.security.web.FilterChainProxy        : Securing GET /api/users/me
2026-03-10T19:00:11.623+05:30 DEBUG 14700 --- [http-nio-8080-exec-7] o.r.r.service.CustomUserDetailsService   : Loading user by username or email: user1
2026-03-10T19:00:11.629+05:30 DEBUG 14700 --- [http-nio-8080-exec-5] o.s.security.web.FilterChainProxy        : Securing GET /api/stories
2026-03-10T19:00:11.631+05:30 DEBUG 14700 --- [http-nio-8080-exec-5] o.r.r.service.CustomUserDetailsService   : Loading user by username or email: user1
2026-03-10T19:00:11.633+05:30 DEBUG 14700 --- [http-nio-8080-exec-7] o.s.security.web.FilterChainProxy        : Secured GET /api/users/me
2026-03-10T19:00:11.634+05:30  INFO 14700 --- [http-nio-8080-exec-7] o.r.r.controller.UserController          : Request to get current user profile
2026-03-10T19:00:11.634+05:30  INFO 14700 --- [http-nio-8080-exec-7] o.r.revconnect.service.UserService       : Fetching profile for user: user1
2026-03-10T19:00:11.634+05:30 DEBUG 14700 --- [http-nio-8080-exec-7] o.r.r.controller.UserController          : Profile retrieved for user: user1
2026-03-10T19:00:11.641+05:30 DEBUG 14700 --- [http-nio-8080-exec-5] o.s.security.web.FilterChainProxy        : Secured GET /api/stories
2026-03-10T19:00:11.641+05:30  INFO 14700 --- [http-nio-8080-exec-5] o.r.r.controller.StoryController         : Getting my stories
2026-03-10T19:00:11.641+05:30  INFO 14700 --- [http-nio-8080-exec-5] o.r.revconnect.service.StoryService      : Fetching active stories for user: user1
2026-03-10T19:00:11.657+05:30 DEBUG 14700 --- [http-nio-8080-exec-8] o.s.security.web.FilterChainProxy        : Securing GET /uploads/media/1/profile/399af8b4-7629-4b96-b1a0-e2779793a067.jpg
2026-03-10T19:00:11.658+05:30 DEBUG 14700 --- [http-nio-8080-exec-8] o.s.s.w.a.AnonymousAuthenticationFilter  : Set SecurityContextHolder to anonymous SecurityContext
2026-03-10T19:00:11.658+05:30 DEBUG 14700 --- [http-nio-8080-exec-8] o.s.security.web.FilterChainProxy        : Secured GET /uploads/media/1/profile/399af8b4-7629-4b96-b1a0-e2779793a067.jpg
2026-03-10T19:00:11.660+05:30  WARN 14700 --- [http-nio-8080-exec-8] .m.m.a.ExceptionHandlerExceptionResolver : Resolved [org.springframework.web.servlet.resource.NoResourceFoundException: No static resource media/1/profile/399af8b4-7629-4b96-b1a0-e2779793a067.jpg.]
2026-03-10T19:00:11.710+05:30 DEBUG 14700 --- [http-nio-8080-exec-3] o.s.security.web.FilterChainProxy        : Securing POST /api/business/posts/79/impression
2026-03-10T19:00:11.710+05:30 DEBUG 14700 --- [http-nio-8080-exec-9] o.s.security.web.FilterChainProxy        : Securing GET /api/bookmarks/posts/79/status
2026-03-10T19:00:11.711+05:30 DEBUG 14700 --- [http-nio-8080-exec-10] o.s.security.web.FilterChainProxy        : Securing GET /api/posts/79/liked
2026-03-10T19:00:11.712+05:30 DEBUG 14700 --- [http-nio-8080-exec-3] o.r.r.service.CustomUserDetailsService   : Loading user by username or email: user1
2026-03-10T19:00:11.712+05:30 DEBUG 14700 --- [http-nio-8080-exec-9] o.r.r.service.CustomUserDetailsService   : Loading user by username or email: user1
2026-03-10T19:00:11.712+05:30 DEBUG 14700 --- [http-nio-8080-exec-10] o.r.r.service.CustomUserDetailsService   : Loading user by username or email: user1
2026-03-10T19:00:11.714+05:30 DEBUG 14700 --- [http-nio-8080-exec-1] o.s.security.web.FilterChainProxy        : Securing POST /api/business/posts/79/view
2026-03-10T19:00:11.714+05:30 DEBUG 14700 --- [http-nio-8080-exec-2] o.s.security.web.FilterChainProxy        : Securing GET /api/posts/76/liked
2026-03-10T19:00:11.715+05:30 DEBUG 14700 --- [http-nio-8080-exec-4] o.s.security.web.FilterChainProxy        : Securing POST /api/business/posts/76/impression
2026-03-10T19:00:11.715+05:30 DEBUG 14700 --- [http-nio-8080-exec-1] o.r.r.service.CustomUserDetailsService   : Loading user by username or email: user1
2026-03-10T19:00:11.716+05:30 DEBUG 14700 --- [http-nio-8080-exec-2] o.r.r.service.CustomUserDetailsService   : Loading user by username or email: user1
2026-03-10T19:00:11.717+05:30 DEBUG 14700 --- [http-nio-8080-exec-4] o.r.r.service.CustomUserDetailsService   : Loading user by username or email: user1
2026-03-10T19:00:11.728+05:30 DEBUG 14700 --- [http-nio-8080-exec-3] o.s.security.web.FilterChainProxy        : Secured POST /api/business/posts/79/impression
2026-03-10T19:00:11.728+05:30 DEBUG 14700 --- [http-nio-8080-exec-9] o.s.security.web.FilterChainProxy        : Secured GET /api/bookmarks/posts/79/status
2026-03-10T19:00:11.728+05:30 DEBUG 14700 --- [http-nio-8080-exec-10] o.s.security.web.FilterChainProxy        : Secured GET /api/posts/79/liked
2026-03-10T19:00:11.730+05:30 DEBUG 14700 --- [http-nio-8080-exec-3] o.r.r.controller.BusinessController      : Recording impression for post: 79
2026-03-10T19:00:11.732+05:30 DEBUG 14700 --- [http-nio-8080-exec-2] o.s.security.web.FilterChainProxy        : Secured GET /api/posts/76/liked
2026-03-10T19:00:11.733+05:30  INFO 14700 --- [http-nio-8080-exec-10] o.r.r.controller.InteractionController   : Check like status for post ID: 79
2026-03-10T19:00:11.734+05:30 DEBUG 14700 --- [http-nio-8080-exec-4] o.s.security.web.FilterChainProxy        : Secured POST /api/business/posts/76/impression
2026-03-10T19:00:11.735+05:30 DEBUG 14700 --- [http-nio-8080-exec-3] o.r.revconnect.service.BusinessService   : Recording impression for post: 79
2026-03-10T19:00:11.732+05:30 DEBUG 14700 --- [http-nio-8080-exec-1] o.s.security.web.FilterChainProxy        : Secured POST /api/business/posts/79/view
2026-03-10T19:00:11.732+05:30  INFO 14700 --- [http-nio-8080-exec-9] o.r.r.controller.BookmarkController      : Check bookmark status for post ID: 79
2026-03-10T19:00:11.737+05:30 DEBUG 14700 --- [http-nio-8080-exec-4] o.r.r.controller.BusinessController      : Recording impression for post: 76
2026-03-10T19:00:11.741+05:30 DEBUG 14700 --- [http-nio-8080-exec-1] o.r.r.controller.BusinessController      : Recording view for post: 79
2026-03-10T19:00:11.741+05:30 DEBUG 14700 --- [http-nio-8080-exec-4] o.r.revconnect.service.BusinessService   : Recording impression for post: 76
2026-03-10T19:00:11.741+05:30  INFO 14700 --- [http-nio-8080-exec-2] o.r.r.controller.InteractionController   : Check like status for post ID: 76
2026-03-10T19:00:11.743+05:30 DEBUG 14700 --- [http-nio-8080-exec-1] o.r.revconnect.service.BusinessService   : Recording view for post: 79
2026-03-10T19:00:11.752+05:30  WARN 14700 --- [http-nio-8080-exec-4] .m.m.a.ExceptionHandlerExceptionResolver : Resolved [org.springframework.dao.IncorrectResultSizeDataAccessException: Query did not return a unique result: 2 results were returned]
2026-03-10T19:00:11.775+05:30 DEBUG 14700 --- [http-nio-8080-exec-7] o.s.security.web.FilterChainProxy        : Securing GET /api/bookmarks/posts/76/status
2026-03-10T19:00:11.776+05:30 DEBUG 14700 --- [http-nio-8080-exec-5] o.s.security.web.FilterChainProxy        : Securing POST /api/business/posts/76/view
2026-03-10T19:00:11.776+05:30 DEBUG 14700 --- [http-nio-8080-exec-7] o.r.r.service.CustomUserDetailsService   : Loading user by username or email: user1
2026-03-10T19:00:11.777+05:30 DEBUG 14700 --- [http-nio-8080-exec-5] o.r.r.service.CustomUserDetailsService   : Loading user by username or email: user1
2026-03-10T19:00:11.779+05:30 DEBUG 14700 --- [http-nio-8080-exec-8] o.s.security.web.FilterChainProxy        : Securing POST /api/business/posts/75/impression
2026-03-10T19:00:11.781+05:30 DEBUG 14700 --- [http-nio-8080-exec-8] o.r.r.service.CustomUserDetailsService   : Loading user by username or email: user1
2026-03-10T19:00:11.786+05:30 DEBUG 14700 --- [http-nio-8080-exec-10] o.s.security.web.FilterChainProxy        : Securing POST /api/business/posts/75/view
2026-03-10T19:00:11.786+05:30 DEBUG 14700 --- [http-nio-8080-exec-5] o.s.security.web.FilterChainProxy        : Secured POST /api/business/posts/76/view
2026-03-10T19:00:11.786+05:30 DEBUG 14700 --- [http-nio-8080-exec-7] o.s.security.web.FilterChainProxy        : Secured GET /api/bookmarks/posts/76/status
2026-03-10T19:00:11.786+05:30 DEBUG 14700 --- [http-nio-8080-exec-6] o.s.security.web.FilterChainProxy        : Securing GET /api/posts/75/liked
2026-03-10T19:00:11.786+05:30 DEBUG 14700 --- [http-nio-8080-exec-2] o.s.security.web.FilterChainProxy        : Securing GET /api/bookmarks/posts/75/status
2026-03-10T19:00:11.787+05:30 DEBUG 14700 --- [http-nio-8080-exec-10] o.r.r.service.CustomUserDetailsService   : Loading user by username or email: user1
2026-03-10T19:00:11.787+05:30 DEBUG 14700 --- [http-nio-8080-exec-2] o.r.r.service.CustomUserDetailsService   : Loading user by username or email: user1
2026-03-10T19:00:11.787+05:30 DEBUG 14700 --- [http-nio-8080-exec-5] o.r.r.controller.BusinessController      : Recording view for post: 76
2026-03-10T19:00:11.787+05:30 DEBUG 14700 --- [http-nio-8080-exec-6] o.r.r.service.CustomUserDetailsService   : Loading user by username or email: user1
2026-03-10T19:00:11.788+05:30  INFO 14700 --- [http-nio-8080-exec-7] o.r.r.controller.BookmarkController      : Check bookmark status for post ID: 76
2026-03-10T19:00:11.788+05:30 DEBUG 14700 --- [http-nio-8080-exec-5] o.r.revconnect.service.BusinessService   : Recording view for post: 76
2026-03-10T19:00:11.791+05:30 DEBUG 14700 --- [http-nio-8080-exec-8] o.s.security.web.FilterChainProxy        : Secured POST /api/business/posts/75/impression
2026-03-10T19:00:11.805+05:30 DEBUG 14700 --- [http-nio-8080-exec-8] o.r.r.controller.BusinessController      : Recording impression for post: 75
2026-03-10T19:00:11.806+05:30  WARN 14700 --- [http-nio-8080-exec-5] .m.m.a.ExceptionHandlerExceptionResolver : Resolved [org.springframework.dao.IncorrectResultSizeDataAccessException: Query did not return a unique result: 2 results were returned]
2026-03-10T19:00:11.807+05:30 DEBUG 14700 --- [http-nio-8080-exec-8] o.r.revconnect.service.BusinessService   : Recording impression for post: 75
2026-03-10T19:00:11.808+05:30 DEBUG 14700 --- [http-nio-8080-exec-6] o.s.security.web.FilterChainProxy        : Secured GET /api/posts/75/liked
2026-03-10T19:00:11.809+05:30  INFO 14700 --- [http-nio-8080-exec-6] o.r.r.controller.InteractionController   : Check like status for post ID: 75
2026-03-10T19:00:11.811+05:30 DEBUG 14700 --- [http-nio-8080-exec-2] o.s.security.web.FilterChainProxy        : Secured GET /api/bookmarks/posts/75/status
2026-03-10T19:00:11.811+05:30 DEBUG 14700 --- [http-nio-8080-exec-10] o.s.security.web.FilterChainProxy        : Secured POST /api/business/posts/75/view
2026-03-10T19:00:11.812+05:30  INFO 14700 --- [http-nio-8080-exec-2] o.r.r.controller.BookmarkController      : Check bookmark status for post ID: 75
2026-03-10T19:00:11.813+05:30 DEBUG 14700 --- [http-nio-8080-exec-10] o.r.r.controller.BusinessController      : Recording view for post: 75
2026-03-10T19:00:11.813+05:30  WARN 14700 --- [http-nio-8080-exec-8] .m.m.a.ExceptionHandlerExceptionResolver : Resolved [org.springframework.dao.IncorrectResultSizeDataAccessException: Query did not return a unique result: 2 results were returned]
2026-03-10T19:00:11.814+05:30 DEBUG 14700 --- [http-nio-8080-exec-10] o.r.revconnect.service.BusinessService   : Recording view for post: 75
2026-03-10T19:00:11.817+05:30 DEBUG 14700 --- [http-nio-8080-exec-4] o.s.security.web.FilterChainProxy        : Securing GET /api/posts/74/liked
2026-03-10T19:00:11.818+05:30 DEBUG 14700 --- [http-nio-8080-exec-4] o.r.r.service.CustomUserDetailsService   : Loading user by username or email: user1
2026-03-10T19:00:11.820+05:30  WARN 14700 --- [http-nio-8080-exec-10] .m.m.a.ExceptionHandlerExceptionResolver : Resolved [org.springframework.dao.IncorrectResultSizeDataAccessException: Query did not return a unique result: 2 results were returned]
2026-03-10T19:00:11.825+05:30 DEBUG 14700 --- [http-nio-8080-exec-4] o.s.security.web.FilterChainProxy        : Secured GET /api/posts/74/liked
2026-03-10T19:00:11.826+05:30  INFO 14700 --- [http-nio-8080-exec-4] o.r.r.controller.InteractionController   : Check like status for post ID: 74
2026-03-10T19:00:11.826+05:30 DEBUG 14700 --- [http-nio-8080-exec-3] o.s.security.web.FilterChainProxy        : Securing POST /api/business/posts/74/impression
2026-03-10T19:00:11.828+05:30 DEBUG 14700 --- [http-nio-8080-exec-3] o.r.r.service.CustomUserDetailsService   : Loading user by username or email: user1
2026-03-10T19:00:11.828+05:30 DEBUG 14700 --- [http-nio-8080-exec-9] o.s.security.web.FilterChainProxy        : Securing POST /api/business/posts/74/view
2026-03-10T19:00:11.828+05:30 DEBUG 14700 --- [http-nio-8080-exec-9] o.r.r.service.CustomUserDetailsService   : Loading user by username or email: user1
2026-03-10T19:00:11.835+05:30 DEBUG 14700 --- [http-nio-8080-exec-1] o.s.security.web.FilterChainProxy        : Securing GET /api/bookmarks/posts/74/status
2026-03-10T19:00:11.835+05:30 DEBUG 14700 --- [http-nio-8080-exec-5] o.s.security.web.FilterChainProxy        : Securing POST /api/business/posts/73/impression
2026-03-10T19:00:11.835+05:30 DEBUG 14700 --- [http-nio-8080-exec-1] o.r.r.service.CustomUserDetailsService   : Loading user by username or email: user1
2026-03-10T19:00:11.836+05:30 DEBUG 14700 --- [http-nio-8080-exec-9] o.s.security.web.FilterChainProxy        : Secured POST /api/business/posts/74/view
2026-03-10T19:00:11.836+05:30 DEBUG 14700 --- [http-nio-8080-exec-3] o.s.security.web.FilterChainProxy        : Secured POST /api/business/posts/74/impression
2026-03-10T19:00:11.836+05:30 DEBUG 14700 --- [http-nio-8080-exec-5] o.r.r.service.CustomUserDetailsService   : Loading user by username or email: user1
2026-03-10T19:00:11.836+05:30 DEBUG 14700 --- [http-nio-8080-exec-9] o.r.r.controller.BusinessController      : Recording view for post: 74
2026-03-10T19:00:11.836+05:30 DEBUG 14700 --- [http-nio-8080-exec-3] o.r.r.controller.BusinessController      : Recording impression for post: 74
2026-03-10T19:00:11.837+05:30 DEBUG 14700 --- [http-nio-8080-exec-9] o.r.revconnect.service.BusinessService   : Recording view for post: 74
2026-03-10T19:00:11.837+05:30 DEBUG 14700 --- [http-nio-8080-exec-3] o.r.revconnect.service.BusinessService   : Recording impression for post: 74
2026-03-10T19:00:11.841+05:30 DEBUG 14700 --- [http-nio-8080-exec-8] o.s.security.web.FilterChainProxy        : Securing POST /api/business/posts/73/view
2026-03-10T19:00:11.841+05:30 DEBUG 14700 --- [http-nio-8080-exec-8] o.r.r.service.CustomUserDetailsService   : Loading user by username or email: user1
2026-03-10T19:00:11.841+05:30 DEBUG 14700 --- [http-nio-8080-exec-5] o.s.security.web.FilterChainProxy        : Secured POST /api/business/posts/73/impression
2026-03-10T19:00:11.841+05:30 DEBUG 14700 --- [http-nio-8080-exec-1] o.s.security.web.FilterChainProxy        : Secured GET /api/bookmarks/posts/74/status
2026-03-10T19:00:11.842+05:30 DEBUG 14700 --- [http-nio-8080-exec-5] o.r.r.controller.BusinessController      : Recording impression for post: 73
2026-03-10T19:00:11.842+05:30  INFO 14700 --- [http-nio-8080-exec-1] o.r.r.controller.BookmarkController      : Check bookmark status for post ID: 74
2026-03-10T19:00:11.843+05:30 DEBUG 14700 --- [http-nio-8080-exec-5] o.r.revconnect.service.BusinessService   : Recording impression for post: 73
2026-03-10T19:00:11.845+05:30 DEBUG 14700 --- [http-nio-8080-exec-7] o.s.security.web.FilterChainProxy        : Securing GET /api/posts/73/liked
2026-03-10T19:00:11.846+05:30 DEBUG 14700 --- [http-nio-8080-exec-7] o.r.r.service.CustomUserDetailsService   : Loading user by username or email: user1
2026-03-10T19:00:11.850+05:30 DEBUG 14700 --- [http-nio-8080-exec-8] o.s.security.web.FilterChainProxy        : Secured POST /api/business/posts/73/view
2026-03-10T19:00:11.851+05:30 DEBUG 14700 --- [http-nio-8080-exec-8] o.r.r.controller.BusinessController      : Recording view for post: 73
2026-03-10T19:00:11.852+05:30 DEBUG 14700 --- [http-nio-8080-exec-8] o.r.revconnect.service.BusinessService   : Recording view for post: 73
2026-03-10T19:00:11.855+05:30 DEBUG 14700 --- [http-nio-8080-exec-7] o.s.security.web.FilterChainProxy        : Secured GET /api/posts/73/liked
2026-03-10T19:00:11.856+05:30  INFO 14700 --- [http-nio-8080-exec-7] o.r.r.controller.InteractionController   : Check like status for post ID: 73
2026-03-10T19:00:11.859+05:30 DEBUG 14700 --- [http-nio-8080-exec-6] o.s.security.web.FilterChainProxy        : Securing GET /api/bookmarks/posts/73/status
2026-03-10T19:00:11.859+05:30 DEBUG 14700 --- [http-nio-8080-exec-6] o.r.r.service.CustomUserDetailsService   : Loading user by username or email: user1
2026-03-10T19:00:11.865+05:30 DEBUG 14700 --- [http-nio-8080-exec-10] o.s.security.web.FilterChainProxy        : Securing GET /api/posts/72/liked
2026-03-10T19:00:11.866+05:30 DEBUG 14700 --- [http-nio-8080-exec-10] o.r.r.service.CustomUserDetailsService   : Loading user by username or email: user1
2026-03-10T19:00:11.867+05:30 DEBUG 14700 --- [http-nio-8080-exec-6] o.s.security.web.FilterChainProxy        : Secured GET /api/bookmarks/posts/73/status
2026-03-10T19:00:11.868+05:30  INFO 14700 --- [http-nio-8080-exec-6] o.r.r.controller.BookmarkController      : Check bookmark status for post ID: 73
2026-03-10T19:00:11.870+05:30 DEBUG 14700 --- [http-nio-8080-exec-2] o.s.security.web.FilterChainProxy        : Securing POST /api/business/posts/72/impression
2026-03-10T19:00:11.870+05:30 DEBUG 14700 --- [http-nio-8080-exec-4] o.s.security.web.FilterChainProxy        : Securing GET /api/bookmarks/posts/72/status
2026-03-10T19:00:11.871+05:30 DEBUG 14700 --- [http-nio-8080-exec-2] o.r.r.service.CustomUserDetailsService   : Loading user by username or email: user1
2026-03-10T19:00:11.871+05:30 DEBUG 14700 --- [http-nio-8080-exec-4] o.r.r.service.CustomUserDetailsService   : Loading user by username or email: user1
2026-03-10T19:00:11.874+05:30 DEBUG 14700 --- [http-nio-8080-exec-10] o.s.security.web.FilterChainProxy        : Secured GET /api/posts/72/liked
2026-03-10T19:00:11.874+05:30  INFO 14700 --- [http-nio-8080-exec-10] o.r.r.controller.InteractionController   : Check like status for post ID: 72
2026-03-10T19:00:11.875+05:30 DEBUG 14700 --- [http-nio-8080-exec-9] o.s.security.web.FilterChainProxy        : Securing POST /api/business/posts/72/view
2026-03-10T19:00:11.875+05:30 DEBUG 14700 --- [http-nio-8080-exec-3] o.s.security.web.FilterChainProxy        : Securing GET /api/posts/71/liked
2026-03-10T19:00:11.875+05:30 DEBUG 14700 --- [http-nio-8080-exec-9] o.r.r.service.CustomUserDetailsService   : Loading user by username or email: user1
2026-03-10T19:00:11.875+05:30 DEBUG 14700 --- [http-nio-8080-exec-3] o.r.r.service.CustomUserDetailsService   : Loading user by username or email: user1
2026-03-10T19:00:11.876+05:30 DEBUG 14700 --- [http-nio-8080-exec-2] o.s.security.web.FilterChainProxy        : Secured POST /api/business/posts/72/impression
2026-03-10T19:00:11.876+05:30 DEBUG 14700 --- [http-nio-8080-exec-4] o.s.security.web.FilterChainProxy        : Secured GET /api/bookmarks/posts/72/status
2026-03-10T19:00:11.877+05:30  INFO 14700 --- [http-nio-8080-exec-4] o.r.r.controller.BookmarkController      : Check bookmark status for post ID: 72
2026-03-10T19:00:11.877+05:30 DEBUG 14700 --- [http-nio-8080-exec-2] o.r.r.controller.BusinessController      : Recording impression for post: 72
2026-03-10T19:00:11.878+05:30 DEBUG 14700 --- [http-nio-8080-exec-2] o.r.revconnect.service.BusinessService   : Recording impression for post: 72
2026-03-10T19:00:11.882+05:30 DEBUG 14700 --- [http-nio-8080-exec-9] o.s.security.web.FilterChainProxy        : Secured POST /api/business/posts/72/view
2026-03-10T19:00:11.882+05:30 DEBUG 14700 --- [http-nio-8080-exec-3] o.s.security.web.FilterChainProxy        : Secured GET /api/posts/71/liked
2026-03-10T19:00:11.883+05:30 DEBUG 14700 --- [http-nio-8080-exec-9] o.r.r.controller.BusinessController      : Recording view for post: 72
2026-03-10T19:00:11.883+05:30  INFO 14700 --- [http-nio-8080-exec-3] o.r.r.controller.InteractionController   : Check like status for post ID: 71
2026-03-10T19:00:11.884+05:30 DEBUG 14700 --- [http-nio-8080-exec-9] o.r.revconnect.service.BusinessService   : Recording view for post: 72
2026-03-10T19:00:11.889+05:30 DEBUG 14700 --- [http-nio-8080-exec-5] o.s.security.web.FilterChainProxy        : Securing GET /api/bookmarks/posts/71/status
2026-03-10T19:00:11.889+05:30 DEBUG 14700 --- [http-nio-8080-exec-1] o.s.security.web.FilterChainProxy        : Securing POST /api/business/posts/71/impression
2026-03-10T19:00:11.890+05:30 DEBUG 14700 --- [http-nio-8080-exec-5] o.r.r.service.CustomUserDetailsService   : Loading user by username or email: user1
2026-03-10T19:00:11.890+05:30 DEBUG 14700 --- [http-nio-8080-exec-1] o.r.r.service.CustomUserDetailsService   : Loading user by username or email: user1
2026-03-10T19:00:11.897+05:30 DEBUG 14700 --- [http-nio-8080-exec-5] o.s.security.web.FilterChainProxy        : Secured GET /api/bookmarks/posts/71/status
2026-03-10T19:00:11.897+05:30 DEBUG 14700 --- [http-nio-8080-exec-1] o.s.security.web.FilterChainProxy        : Secured POST /api/business/posts/71/impression
2026-03-10T19:00:11.898+05:30  INFO 14700 --- [http-nio-8080-exec-5] o.r.r.controller.BookmarkController      : Check bookmark status for post ID: 71
2026-03-10T19:00:11.898+05:30 DEBUG 14700 --- [http-nio-8080-exec-1] o.r.r.controller.BusinessController      : Recording impression for post: 71
2026-03-10T19:00:11.900+05:30 DEBUG 14700 --- [http-nio-8080-exec-1] o.r.revconnect.service.BusinessService   : Recording impression for post: 71
2026-03-10T19:00:11.900+05:30 DEBUG 14700 --- [http-nio-8080-exec-7] o.s.security.web.FilterChainProxy        : Securing POST /api/business/posts/71/view
2026-03-10T19:00:11.901+05:30 DEBUG 14700 --- [http-nio-8080-exec-7] o.r.r.service.CustomUserDetailsService   : Loading user by username or email: user1
2026-03-10T19:00:11.903+05:30 DEBUG 14700 --- [http-nio-8080-exec-8] o.s.security.web.FilterChainProxy        : Securing POST /api/business/posts/70/impression
2026-03-10T19:00:11.904+05:30 DEBUG 14700 --- [http-nio-8080-exec-8] o.r.r.service.CustomUserDetailsService   : Loading user by username or email: user1
2026-03-10T19:00:11.905+05:30 DEBUG 14700 --- [http-nio-8080-exec-6] o.s.security.web.FilterChainProxy        : Securing GET /api/posts/70/liked
2026-03-10T19:00:11.905+05:30 DEBUG 14700 --- [http-nio-8080-exec-6] o.r.r.service.CustomUserDetailsService   : Loading user by username or email: user1
2026-03-10T19:00:11.908+05:30 DEBUG 14700 --- [http-nio-8080-exec-7] o.s.security.web.FilterChainProxy        : Secured POST /api/business/posts/71/view
2026-03-10T19:00:11.908+05:30 DEBUG 14700 --- [http-nio-8080-exec-10] o.s.security.web.FilterChainProxy        : Securing POST /api/business/posts/70/view
2026-03-10T19:00:11.909+05:30 DEBUG 14700 --- [http-nio-8080-exec-10] o.r.r.service.CustomUserDetailsService   : Loading user by username or email: user1
2026-03-10T19:00:11.909+05:30 DEBUG 14700 --- [http-nio-8080-exec-7] o.r.r.controller.BusinessController      : Recording view for post: 71
2026-03-10T19:00:11.909+05:30 DEBUG 14700 --- [http-nio-8080-exec-7] o.r.revconnect.service.BusinessService   : Recording view for post: 71
2026-03-10T19:00:11.910+05:30 DEBUG 14700 --- [http-nio-8080-exec-8] o.s.security.web.FilterChainProxy        : Secured POST /api/business/posts/70/impression
2026-03-10T19:00:11.911+05:30 DEBUG 14700 --- [http-nio-8080-exec-8] o.r.r.controller.BusinessController      : Recording impression for post: 70
2026-03-10T19:00:11.911+05:30 DEBUG 14700 --- [http-nio-8080-exec-6] o.s.security.web.FilterChainProxy        : Secured GET /api/posts/70/liked
2026-03-10T19:00:11.912+05:30  INFO 14700 --- [http-nio-8080-exec-6] o.r.r.controller.InteractionController   : Check like status for post ID: 70
2026-03-10T19:00:11.912+05:30 DEBUG 14700 --- [http-nio-8080-exec-8] o.r.revconnect.service.BusinessService   : Recording impression for post: 70
2026-03-10T19:00:11.915+05:30 DEBUG 14700 --- [http-nio-8080-exec-10] o.s.security.web.FilterChainProxy        : Secured POST /api/business/posts/70/view
2026-03-10T19:00:11.918+05:30 DEBUG 14700 --- [http-nio-8080-exec-10] o.r.r.controller.BusinessController      : Recording view for post: 70
2026-03-10T19:00:11.919+05:30 DEBUG 14700 --- [http-nio-8080-exec-10] o.r.revconnect.service.BusinessService   : Recording view for post: 70
2026-03-10T19:00:11.923+05:30 DEBUG 14700 --- [http-nio-8080-exec-3] o.s.security.web.FilterChainProxy        : Securing GET /api/bookmarks/posts/70/status
2026-03-10T19:00:11.924+05:30 DEBUG 14700 --- [http-nio-8080-exec-2] o.s.security.web.FilterChainProxy        : Securing GET /api/posts/69/liked
2026-03-10T19:00:11.924+05:30 DEBUG 14700 --- [http-nio-8080-exec-3] o.r.r.service.CustomUserDetailsService   : Loading user by username or email: user1
2026-03-10T19:00:11.924+05:30 DEBUG 14700 --- [http-nio-8080-exec-2] o.r.r.service.CustomUserDetailsService   : Loading user by username or email: user1
2026-03-10T19:00:11.927+05:30 DEBUG 14700 --- [http-nio-8080-exec-4] o.s.security.web.FilterChainProxy        : Securing GET /api/bookmarks/posts/69/status
2026-03-10T19:00:11.928+05:30 DEBUG 14700 --- [http-nio-8080-exec-4] o.r.r.service.CustomUserDetailsService   : Loading user by username or email: user1
2026-03-10T19:00:11.931+05:30 DEBUG 14700 --- [http-nio-8080-exec-2] o.s.security.web.FilterChainProxy        : Secured GET /api/posts/69/liked
2026-03-10T19:00:11.931+05:30 DEBUG 14700 --- [http-nio-8080-exec-3] o.s.security.web.FilterChainProxy        : Secured GET /api/bookmarks/posts/70/status
2026-03-10T19:00:11.932+05:30  INFO 14700 --- [http-nio-8080-exec-2] o.r.r.controller.InteractionController   : Check like status for post ID: 69
2026-03-10T19:00:11.932+05:30  INFO 14700 --- [http-nio-8080-exec-3] o.r.r.controller.BookmarkController      : Check bookmark status for post ID: 70
2026-03-10T19:00:11.933+05:30 DEBUG 14700 --- [http-nio-8080-exec-9] o.s.security.web.FilterChainProxy        : Securing POST /api/business/posts/69/impression
2026-03-10T19:00:11.934+05:30 DEBUG 14700 --- [http-nio-8080-exec-9] o.r.r.service.CustomUserDetailsService   : Loading user by username or email: user1
2026-03-10T19:00:11.936+05:30 DEBUG 14700 --- [http-nio-8080-exec-4] o.s.security.web.FilterChainProxy        : Secured GET /api/bookmarks/posts/69/status
2026-03-10T19:00:11.937+05:30 DEBUG 14700 --- [http-nio-8080-exec-1] o.s.security.web.FilterChainProxy        : Securing POST /api/business/posts/69/view
2026-03-10T19:00:11.937+05:30  INFO 14700 --- [http-nio-8080-exec-4] o.r.r.controller.BookmarkController      : Check bookmark status for post ID: 69
2026-03-10T19:00:11.938+05:30 DEBUG 14700 --- [http-nio-8080-exec-1] o.r.r.service.CustomUserDetailsService   : Loading user by username or email: user1
2026-03-10T19:00:11.940+05:30 DEBUG 14700 --- [http-nio-8080-exec-5] o.s.security.web.FilterChainProxy        : Securing POST /api/business/posts/66/impression
2026-03-10T19:00:11.941+05:30 DEBUG 14700 --- [http-nio-8080-exec-9] o.s.security.web.FilterChainProxy        : Secured POST /api/business/posts/69/impression
2026-03-10T19:00:11.941+05:30 DEBUG 14700 --- [http-nio-8080-exec-5] o.r.r.service.CustomUserDetailsService   : Loading user by username or email: user1
2026-03-10T19:00:11.941+05:30 DEBUG 14700 --- [http-nio-8080-exec-9] o.r.r.controller.BusinessController      : Recording impression for post: 69
2026-03-10T19:00:11.942+05:30 DEBUG 14700 --- [http-nio-8080-exec-9] o.r.revconnect.service.BusinessService   : Recording impression for post: 69
2026-03-10T19:00:11.943+05:30 DEBUG 14700 --- [http-nio-8080-exec-1] o.s.security.web.FilterChainProxy        : Secured POST /api/business/posts/69/view
2026-03-10T19:00:11.944+05:30 DEBUG 14700 --- [http-nio-8080-exec-1] o.r.r.controller.BusinessController      : Recording view for post: 69
2026-03-10T19:00:11.944+05:30 DEBUG 14700 --- [http-nio-8080-exec-6] o.s.security.web.FilterChainProxy        : Securing POST /api/business/posts/66/view
2026-03-10T19:00:11.944+05:30 DEBUG 14700 --- [http-nio-8080-exec-1] o.r.revconnect.service.BusinessService   : Recording view for post: 69
2026-03-10T19:00:11.945+05:30 DEBUG 14700 --- [http-nio-8080-exec-6] o.r.r.service.CustomUserDetailsService   : Loading user by username or email: user1
2026-03-10T19:00:11.947+05:30 DEBUG 14700 --- [http-nio-8080-exec-5] o.s.security.web.FilterChainProxy        : Secured POST /api/business/posts/66/impression
2026-03-10T19:00:11.949+05:30 DEBUG 14700 --- [http-nio-8080-exec-5] o.r.r.controller.BusinessController      : Recording impression for post: 66
2026-03-10T19:00:11.950+05:30 DEBUG 14700 --- [http-nio-8080-exec-5] o.r.revconnect.service.BusinessService   : Recording impression for post: 66
2026-03-10T19:00:11.954+05:30 DEBUG 14700 --- [http-nio-8080-exec-6] o.s.security.web.FilterChainProxy        : Secured POST /api/business/posts/66/view
2026-03-10T19:00:11.955+05:30 DEBUG 14700 --- [http-nio-8080-exec-7] o.s.security.web.FilterChainProxy        : Securing GET /api/posts/66/liked
2026-03-10T19:00:11.955+05:30 DEBUG 14700 --- [http-nio-8080-exec-6] o.r.r.controller.BusinessController      : Recording view for post: 66
2026-03-10T19:00:11.956+05:30 DEBUG 14700 --- [http-nio-8080-exec-7] o.r.r.service.CustomUserDetailsService   : Loading user by username or email: user1
2026-03-10T19:00:11.956+05:30 DEBUG 14700 --- [http-nio-8080-exec-6] o.r.revconnect.service.BusinessService   : Recording view for post: 66
2026-03-10T19:00:11.958+05:30 DEBUG 14700 --- [http-nio-8080-exec-8] o.s.security.web.FilterChainProxy        : Securing GET /api/bookmarks/posts/66/status
2026-03-10T19:00:11.959+05:30 DEBUG 14700 --- [http-nio-8080-exec-8] o.r.r.service.CustomUserDetailsService   : Loading user by username or email: user1
2026-03-10T19:00:11.962+05:30 DEBUG 14700 --- [http-nio-8080-exec-7] o.s.security.web.FilterChainProxy        : Secured GET /api/posts/66/liked
2026-03-10T19:00:11.962+05:30 DEBUG 14700 --- [http-nio-8080-exec-10] o.s.security.web.FilterChainProxy        : Securing GET /uploads/media/1/profile/399af8b4-7629-4b96-b1a0-e2779793a067.jpg
2026-03-10T19:00:11.963+05:30 DEBUG 14700 --- [http-nio-8080-exec-10] o.s.s.w.a.AnonymousAuthenticationFilter  : Set SecurityContextHolder to anonymous SecurityContext
2026-03-10T19:00:11.963+05:30 DEBUG 14700 --- [http-nio-8080-exec-10] o.s.security.web.FilterChainProxy        : Secured GET /uploads/media/1/profile/399af8b4-7629-4b96-b1a0-e2779793a067.jpg
2026-03-10T19:00:11.964+05:30  INFO 14700 --- [http-nio-8080-exec-7] o.r.r.controller.InteractionController   : Check like status for post ID: 66
2026-03-10T19:00:11.966+05:30 DEBUG 14700 --- [http-nio-8080-exec-8] o.s.security.web.FilterChainProxy        : Secured GET /api/bookmarks/posts/66/status
2026-03-10T19:00:11.967+05:30  INFO 14700 --- [http-nio-8080-exec-8] o.r.r.controller.BookmarkController      : Check bookmark status for post ID: 66
2026-03-10T19:00:11.968+05:30  WARN 14700 --- [http-nio-8080-exec-10] .m.m.a.ExceptionHandlerExceptionResolver : Resolved [org.springframework.web.servlet.resource.NoResourceFoundException: No static resource media/1/profile/399af8b4-7629-4b96-b1a0-e2779793a067.jpg.]
2026-03-10T19:00:11.970+05:30 DEBUG 14700 --- [http-nio-8080-exec-2] o.s.security.web.FilterChainProxy        : Securing GET /uploads/media/1/generic/b4ba7ced-9876-4b70-a8d5-b6e7606b50ca.png
2026-03-10T19:00:11.970+05:30 DEBUG 14700 --- [http-nio-8080-exec-2] o.s.s.w.a.AnonymousAuthenticationFilter  : Set SecurityContextHolder to anonymous SecurityContext
2026-03-10T19:00:11.971+05:30 DEBUG 14700 --- [http-nio-8080-exec-2] o.s.security.web.FilterChainProxy        : Secured GET /uploads/media/1/generic/b4ba7ced-9876-4b70-a8d5-b6e7606b50ca.png
2026-03-10T19:00:11.980+05:30 DEBUG 14700 --- [http-nio-8080-exec-3] o.s.security.web.FilterChainProxy        : Securing GET /uploads/media/4/profile/1a12ec78-6437-4714-a3b0-c9cbde62ccd7.jpg
2026-03-10T19:00:11.981+05:30 DEBUG 14700 --- [http-nio-8080-exec-3] o.s.s.w.a.AnonymousAuthenticationFilter  : Set SecurityContextHolder to anonymous SecurityContext
2026-03-10T19:00:11.981+05:30 DEBUG 14700 --- [http-nio-8080-exec-3] o.s.security.web.FilterChainProxy        : Secured GET /uploads/media/4/profile/1a12ec78-6437-4714-a3b0-c9cbde62ccd7.jpg
2026-03-10T19:00:11.984+05:30  WARN 14700 --- [http-nio-8080-exec-3] .m.m.a.ExceptionHandlerExceptionResolver : Resolved [org.springframework.web.servlet.resource.NoResourceFoundException: No static resource media/4/profile/1a12ec78-6437-4714-a3b0-c9cbde62ccd7.jpg.]
2026-03-10T19:00:11.985+05:30 DEBUG 14700 --- [http-nio-8080-exec-9] o.s.security.web.FilterChainProxy        : Securing GET /uploads/media/1/generic/7fde1b47-8060-46da-9571-91aafb55d03d.jpg
2026-03-10T19:00:11.985+05:30 DEBUG 14700 --- [http-nio-8080-exec-4] o.s.security.web.FilterChainProxy        : Securing GET /uploads/media/4/generic/afba8f70-b62a-4091-aed6-fae68bce0a65.jpg
2026-03-10T19:00:11.986+05:30 DEBUG 14700 --- [http-nio-8080-exec-9] o.s.s.w.a.AnonymousAuthenticationFilter  : Set SecurityContextHolder to anonymous SecurityContext
2026-03-10T19:00:11.986+05:30 DEBUG 14700 --- [http-nio-8080-exec-4] o.s.s.w.a.AnonymousAuthenticationFilter  : Set SecurityContextHolder to anonymous SecurityContext
2026-03-10T19:00:11.986+05:30 DEBUG 14700 --- [http-nio-8080-exec-9] o.s.security.web.FilterChainProxy        : Secured GET /uploads/media/1/generic/7fde1b47-8060-46da-9571-91aafb55d03d.jpg
2026-03-10T19:00:11.986+05:30 DEBUG 14700 --- [http-nio-8080-exec-4] o.s.security.web.FilterChainProxy        : Secured GET /uploads/media/4/generic/afba8f70-b62a-4091-aed6-fae68bce0a65.jpg
2026-03-10T19:00:11.988+05:30  WARN 14700 --- [http-nio-8080-exec-9] .m.m.a.ExceptionHandlerExceptionResolver : Resolved [org.springframework.web.servlet.resource.NoResourceFoundException: No static resource media/1/generic/7fde1b47-8060-46da-9571-91aafb55d03d.jpg.]
2026-03-10T19:00:11.988+05:30  WARN 14700 --- [http-nio-8080-exec-4] .m.m.a.ExceptionHandlerExceptionResolver : Resolved [org.springframework.web.servlet.resource.NoResourceFoundException: No static resource media/4/generic/afba8f70-b62a-4091-aed6-fae68bce0a65.jpg.]
2026-03-10T19:00:11.989+05:30 DEBUG 14700 --- [http-nio-8080-exec-1] o.s.security.web.FilterChainProxy        : Securing GET /uploads/media/4/generic/ea0f2604-2300-4567-b0df-24461f5dc2be.jpg
2026-03-10T19:00:11.989+05:30 DEBUG 14700 --- [http-nio-8080-exec-5] o.s.security.web.FilterChainProxy        : Securing GET /uploads/media/1/generic/0566907f-e3e4-4d66-9b90-efebf8aa1a77.jpg
2026-03-10T19:00:11.990+05:30 DEBUG 14700 --- [http-nio-8080-exec-1] o.s.s.w.a.AnonymousAuthenticationFilter  : Set SecurityContextHolder to anonymous SecurityContext
2026-03-10T19:00:11.990+05:30 DEBUG 14700 --- [http-nio-8080-exec-5] o.s.s.w.a.AnonymousAuthenticationFilter  : Set SecurityContextHolder to anonymous SecurityContext
2026-03-10T19:00:11.990+05:30 DEBUG 14700 --- [http-nio-8080-exec-1] o.s.security.web.FilterChainProxy        : Secured GET /uploads/media/4/generic/ea0f2604-2300-4567-b0df-24461f5dc2be.jpg
2026-03-10T19:00:11.990+05:30 DEBUG 14700 --- [http-nio-8080-exec-5] o.s.security.web.FilterChainProxy        : Secured GET /uploads/media/1/generic/0566907f-e3e4-4d66-9b90-efebf8aa1a77.jpg
2026-03-10T19:00:11.991+05:30  WARN 14700 --- [http-nio-8080-exec-1] .m.m.a.ExceptionHandlerExceptionResolver : Resolved [org.springframework.web.servlet.resource.NoResourceFoundException: No static resource media/4/generic/ea0f2604-2300-4567-b0df-24461f5dc2be.jpg.]
2026-03-10T19:00:11.991+05:30  WARN 14700 --- [http-nio-8080-exec-5] .m.m.a.ExceptionHandlerExceptionResolver : Resolved [org.springframework.web.servlet.resource.NoResourceFoundException: No static resource media/1/generic/0566907f-e3e4-4d66-9b90-efebf8aa1a77.jpg.]
2026-03-10T19:00:12.002+05:30 DEBUG 14700 --- [http-nio-8080-exec-10] o.s.security.web.FilterChainProxy        : Securing GET /uploads/media/1/generic/66efcb11-e753-40ca-8db2-72d7eb62ea46.jpg
2026-03-10T19:00:12.002+05:30 DEBUG 14700 --- [http-nio-8080-exec-10] o.s.s.w.a.AnonymousAuthenticationFilter  : Set SecurityContextHolder to anonymous SecurityContext
2026-03-10T19:00:12.002+05:30 DEBUG 14700 --- [http-nio-8080-exec-10] o.s.security.web.FilterChainProxy        : Secured GET /uploads/media/1/generic/66efcb11-e753-40ca-8db2-72d7eb62ea46.jpg
2026-03-10T19:00:12.005+05:30  WARN 14700 --- [http-nio-8080-exec-10] .m.m.a.ExceptionHandlerExceptionResolver : Resolved [org.springframework.web.servlet.resource.NoResourceFoundException: No static resource media/1/generic/66efcb11-e753-40ca-8db2-72d7eb62ea46.jpg.]
2026-03-10T19:00:12.006+05:30 DEBUG 14700 --- [http-nio-8080-exec-10] o.s.security.web.FilterChainProxy        : Securing GET /uploads/media/11/generic/e7feafd5-9318-4c78-b84a-1eea8175cca3.jpg
2026-03-10T19:00:12.006+05:30 DEBUG 14700 --- [http-nio-8080-exec-6] o.s.security.web.FilterChainProxy        : Securing GET /uploads/media/11/profile/a98ad951-1fa6-4b6c-84cf-fd97d589c8ea.jpg
2026-03-10T19:00:12.006+05:30 DEBUG 14700 --- [http-nio-8080-exec-10] o.s.s.w.a.AnonymousAuthenticationFilter  : Set SecurityContextHolder to anonymous SecurityContext
2026-03-10T19:00:12.006+05:30 DEBUG 14700 --- [http-nio-8080-exec-6] o.s.s.w.a.AnonymousAuthenticationFilter  : Set SecurityContextHolder to anonymous SecurityContext
2026-03-10T19:00:12.006+05:30 DEBUG 14700 --- [http-nio-8080-exec-10] o.s.security.web.FilterChainProxy        : Secured GET /uploads/media/11/generic/e7feafd5-9318-4c78-b84a-1eea8175cca3.jpg
2026-03-10T19:00:12.006+05:30 DEBUG 14700 --- [http-nio-8080-exec-6] o.s.security.web.FilterChainProxy        : Secured GET /uploads/media/11/profile/a98ad951-1fa6-4b6c-84cf-fd97d589c8ea.jpg
2026-03-10T19:00:12.007+05:30 DEBUG 14700 --- [http-nio-8080-exec-2] o.s.security.web.FilterChainProxy        : Securing GET /uploads/media/4/video/e5b4263b-b2b4-45bd-8671-d1b46b1a6348.mp4
2026-03-10T19:00:12.007+05:30 DEBUG 14700 --- [http-nio-8080-exec-2] o.s.s.w.a.AnonymousAuthenticationFilter  : Set SecurityContextHolder to anonymous SecurityContext
2026-03-10T19:00:12.007+05:30 DEBUG 14700 --- [http-nio-8080-exec-2] o.s.security.web.FilterChainProxy        : Secured GET /uploads/media/4/video/e5b4263b-b2b4-45bd-8671-d1b46b1a6348.mp4
2026-03-10T19:00:12.008+05:30 DEBUG 14700 --- [http-nio-8080-exec-8] o.s.security.web.FilterChainProxy        : Securing GET /uploads/media/1/video/99f88e69-e838-4464-8561-a62b7544a441.mp4
2026-03-10T19:00:12.008+05:30 DEBUG 14700 --- [http-nio-8080-exec-8] o.s.s.w.a.AnonymousAuthenticationFilter  : Set SecurityContextHolder to anonymous SecurityContext
2026-03-10T19:00:12.008+05:30 DEBUG 14700 --- [http-nio-8080-exec-8] o.s.security.web.FilterChainProxy        : Secured GET /uploads/media/1/video/99f88e69-e838-4464-8561-a62b7544a441.mp4
2026-03-10T19:00:12.008+05:30  WARN 14700 --- [http-nio-8080-exec-6] .m.m.a.ExceptionHandlerExceptionResolver : Resolved [org.springframework.web.servlet.resource.NoResourceFoundException: No static resource media/11/profile/a98ad951-1fa6-4b6c-84cf-fd97d589c8ea.jpg.]
2026-03-10T19:00:12.008+05:30  WARN 14700 --- [http-nio-8080-exec-2] .m.m.a.ExceptionHandlerExceptionResolver : Resolved [org.springframework.web.servlet.resource.NoResourceFoundException: No static resource media/4/video/e5b4263b-b2b4-45bd-8671-d1b46b1a6348.mp4.]
2026-03-10T19:00:12.008+05:30  WARN 14700 --- [http-nio-8080-exec-10] .m.m.a.ExceptionHandlerExceptionResolver : Resolved [org.springframework.web.servlet.resource.NoResourceFoundException: No static resource media/11/generic/e7feafd5-9318-4c78-b84a-1eea8175cca3.jpg.]
2026-03-10T19:00:12.008+05:30 DEBUG 14700 --- [http-nio-8080-exec-3] o.s.security.web.FilterChainProxy        : Securing GET /uploads/media/4/video/e856b82e-d555-4135-a76a-920f9532f5ff.mp4
2026-03-10T19:00:12.010+05:30 DEBUG 14700 --- [http-nio-8080-exec-3] o.s.s.w.a.AnonymousAuthenticationFilter  : Set SecurityContextHolder to anonymous SecurityContext
2026-03-10T19:00:12.010+05:30 DEBUG 14700 --- [http-nio-8080-exec-3] o.s.security.web.FilterChainProxy        : Secured GET /uploads/media/4/video/e856b82e-d555-4135-a76a-920f9532f5ff.mp4
2026-03-10T19:00:12.010+05:30  WARN 14700 --- [http-nio-8080-exec-8] .m.m.a.ExceptionHandlerExceptionResolver : Resolved [org.springframework.web.servlet.resource.NoResourceFoundException: No static resource media/1/video/99f88e69-e838-4464-8561-a62b7544a441.mp4.]
2026-03-10T19:00:12.012+05:30  WARN 14700 --- [http-nio-8080-exec-3] .m.m.a.ExceptionHandlerExceptionResolver : Resolved [org.springframework.web.servlet.resource.NoResourceFoundException: No static resource media/4/video/e856b82e-d555-4135-a76a-920f9532f5ff.mp4.]
2026-03-10T19:00:41.529+05:30 DEBUG 14700 --- [http-nio-8080-exec-4] o.s.security.web.FilterChainProxy        : Securing GET /api/messages/unread/count
2026-03-10T19:00:41.531+05:30 DEBUG 14700 --- [http-nio-8080-exec-4] o.r.r.service.CustomUserDetailsService   : Loading user by username or email: user1
2026-03-10T19:00:41.541+05:30 DEBUG 14700 --- [http-nio-8080-exec-4] o.s.security.web.FilterChainProxy        : Secured GET /api/messages/unread/count
2026-03-10T19:00:41.542+05:30  INFO 14700 --- [http-nio-8080-exec-4] o.r.r.controller.MessageController       : Getting unread message count
2026-03-10T19:01:04.488+05:30 DEBUG 14700 --- [http-nio-8080-exec-9] o.s.security.web.FilterChainProxy        : Securing GET /api/users/suggested?page=0&size=5
2026-03-10T19:01:04.488+05:30 DEBUG 14700 --- [http-nio-8080-exec-1] o.s.security.web.FilterChainProxy        : Securing GET /api/users/me
2026-03-10T19:01:04.489+05:30 DEBUG 14700 --- [http-nio-8080-exec-1] o.r.r.service.CustomUserDetailsService   : Loading user by username or email: user1
2026-03-10T19:01:04.490+05:30 DEBUG 14700 --- [http-nio-8080-exec-9] o.r.r.service.CustomUserDetailsService   : Loading user by username or email: user1
2026-03-10T19:01:04.491+05:30 DEBUG 14700 --- [http-nio-8080-exec-5] o.s.security.web.FilterChainProxy        : Securing GET /api/messages/unread/count
2026-03-10T19:01:04.492+05:30 DEBUG 14700 --- [http-nio-8080-exec-7] o.s.security.web.FilterChainProxy        : Securing GET /api/notifications/count
2026-03-10T19:01:04.493+05:30 DEBUG 14700 --- [http-nio-8080-exec-5] o.r.r.service.CustomUserDetailsService   : Loading user by username or email: user1
2026-03-10T19:01:04.501+05:30 DEBUG 14700 --- [http-nio-8080-exec-7] o.r.r.service.CustomUserDetailsService   : Loading user by username or email: user1
2026-03-10T19:01:04.514+05:30 DEBUG 14700 --- [http-nio-8080-exec-1] o.s.security.web.FilterChainProxy        : Secured GET /api/users/me
2026-03-10T19:01:04.514+05:30 DEBUG 14700 --- [http-nio-8080-exec-5] o.s.security.web.FilterChainProxy        : Secured GET /api/messages/unread/count
2026-03-10T19:01:04.515+05:30  INFO 14700 --- [http-nio-8080-exec-1] o.r.r.controller.UserController          : Request to get current user profile
2026-03-10T19:01:04.515+05:30  INFO 14700 --- [http-nio-8080-exec-5] o.r.r.controller.MessageController       : Getting unread message count
2026-03-10T19:01:04.515+05:30 DEBUG 14700 --- [http-nio-8080-exec-9] o.s.security.web.FilterChainProxy        : Secured GET /api/users/suggested?page=0&size=5
2026-03-10T19:01:04.516+05:30  INFO 14700 --- [http-nio-8080-exec-1] o.r.revconnect.service.UserService       : Fetching profile for user: user1
2026-03-10T19:01:04.516+05:30 DEBUG 14700 --- [http-nio-8080-exec-1] o.r.r.controller.UserController          : Profile retrieved for user: user1
2026-03-10T19:01:04.518+05:30  INFO 14700 --- [http-nio-8080-exec-9] o.r.r.controller.UserController          : Request to get suggested users - page: 0, size: 5
2026-03-10T19:01:04.519+05:30 DEBUG 14700 --- [http-nio-8080-exec-7] o.s.security.web.FilterChainProxy        : Secured GET /api/notifications/count
2026-03-10T19:01:04.520+05:30  INFO 14700 --- [http-nio-8080-exec-9] o.r.revconnect.service.UserService       : Getting suggested users for: user1
2026-03-10T19:01:04.520+05:30  INFO 14700 --- [http-nio-8080-exec-7] o.r.r.controller.NotificationController  : Get unread count request
2026-03-10T19:01:04.527+05:30  INFO 14700 --- [http-nio-8080-exec-7] o.r.r.service.NotificationService        : User user1 has 5 unread notifications
2026-03-10T19:01:04.532+05:30 DEBUG 14700 --- [http-nio-8080-exec-10] o.s.security.web.FilterChainProxy        : Securing GET /api/users/me
2026-03-10T19:01:04.533+05:30 DEBUG 14700 --- [http-nio-8080-exec-10] o.r.r.service.CustomUserDetailsService   : Loading user by username or email: user1
2026-03-10T19:01:04.545+05:30 DEBUG 14700 --- [http-nio-8080-exec-10] o.s.security.web.FilterChainProxy        : Secured GET /api/users/me
2026-03-10T19:01:04.546+05:30  INFO 14700 --- [http-nio-8080-exec-10] o.r.r.controller.UserController          : Request to get current user profile
2026-03-10T19:01:04.546+05:30  INFO 14700 --- [http-nio-8080-exec-10] o.r.revconnect.service.UserService       : Fetching profile for user: user1
2026-03-10T19:01:04.546+05:30 DEBUG 14700 --- [http-nio-8080-exec-10] o.r.r.controller.UserController          : Profile retrieved for user: user1
2026-03-10T19:01:04.547+05:30 DEBUG 14700 --- [http-nio-8080-exec-6] o.s.security.web.FilterChainProxy        : Securing GET /api/posts/me?page=0&size=20
2026-03-10T19:01:04.547+05:30 DEBUG 14700 --- [http-nio-8080-exec-2] o.s.security.web.FilterChainProxy        : Securing GET /api/users/1/connection-stats
2026-03-10T19:01:04.548+05:30 DEBUG 14700 --- [http-nio-8080-exec-6] o.r.r.service.CustomUserDetailsService   : Loading user by username or email: user1
2026-03-10T19:01:04.548+05:30 DEBUG 14700 --- [http-nio-8080-exec-2] o.r.r.service.CustomUserDetailsService   : Loading user by username or email: user1
2026-03-10T19:01:04.548+05:30 DEBUG 14700 --- [http-nio-8080-exec-8] o.s.security.web.FilterChainProxy        : Securing GET /api/connections/pending?page=0&size=50
2026-03-10T19:01:04.550+05:30 DEBUG 14700 --- [http-nio-8080-exec-8] o.r.r.service.CustomUserDetailsService   : Loading user by username or email: user1
2026-03-10T19:01:04.555+05:30 DEBUG 14700 --- [http-nio-8080-exec-3] o.s.security.web.FilterChainProxy        : Securing GET /api/notifications/count
2026-03-10T19:01:04.557+05:30 DEBUG 14700 --- [http-nio-8080-exec-3] o.r.r.service.CustomUserDetailsService   : Loading user by username or email: user1
2026-03-10T19:01:04.560+05:30 DEBUG 14700 --- [http-nio-8080-exec-6] o.s.security.web.FilterChainProxy        : Secured GET /api/posts/me?page=0&size=20
2026-03-10T19:01:04.560+05:30 DEBUG 14700 --- [http-nio-8080-exec-2] o.s.security.web.FilterChainProxy        : Secured GET /api/users/1/connection-stats
2026-03-10T19:01:04.563+05:30  INFO 14700 --- [http-nio-8080-exec-6] o.r.r.controller.PostController          : Get my posts request - page: 0, size: 20
2026-03-10T19:01:04.565+05:30  INFO 14700 --- [http-nio-8080-exec-2] o.r.r.controller.ConnectionController    : Get connection stats request for user ID: 1
2026-03-10T19:01:04.566+05:30  INFO 14700 --- [http-nio-8080-exec-2] o.r.r.service.ConnectionService          : Fetching connection stats for user ID: 1
2026-03-10T19:01:04.567+05:30  INFO 14700 --- [http-nio-8080-exec-6] o.r.revconnect.service.PostService       : Fetching posts for user: user1
2026-03-10T19:01:04.573+05:30 DEBUG 14700 --- [http-nio-8080-exec-8] o.s.security.web.FilterChainProxy        : Secured GET /api/connections/pending?page=0&size=50
2026-03-10T19:01:04.575+05:30 DEBUG 14700 --- [http-nio-8080-exec-3] o.s.security.web.FilterChainProxy        : Secured GET /api/notifications/count
2026-03-10T19:01:04.576+05:30  INFO 14700 --- [http-nio-8080-exec-8] o.r.r.controller.ConnectionController    : Get pending connection requests
2026-03-10T19:01:04.577+05:30  INFO 14700 --- [http-nio-8080-exec-8] o.r.r.service.ConnectionService          : Fetching pending requests for user: user1
2026-03-10T19:01:04.576+05:30  INFO 14700 --- [http-nio-8080-exec-3] o.r.r.controller.NotificationController  : Get unread count request
2026-03-10T19:01:04.579+05:30 DEBUG 14700 --- [http-nio-8080-exec-4] o.s.security.web.FilterChainProxy        : Securing GET /api/users/me
2026-03-10T19:01:04.583+05:30 DEBUG 14700 --- [http-nio-8080-exec-4] o.r.r.service.CustomUserDetailsService   : Loading user by username or email: user1
2026-03-10T19:01:04.585+05:30  INFO 14700 --- [http-nio-8080-exec-3] o.r.r.service.NotificationService        : User user1 has 5 unread notifications
2026-03-10T19:01:04.588+05:30  INFO 14700 --- [http-nio-8080-exec-8] o.r.r.service.ConnectionService          : Found 0 pending requests
2026-03-10T19:01:04.595+05:30 DEBUG 14700 --- [http-nio-8080-exec-1] o.s.security.web.FilterChainProxy        : Securing GET /uploads/media/1/profile/399af8b4-7629-4b96-b1a0-e2779793a067.jpg
2026-03-10T19:01:04.595+05:30 DEBUG 14700 --- [http-nio-8080-exec-1] o.s.s.w.a.AnonymousAuthenticationFilter  : Set SecurityContextHolder to anonymous SecurityContext
2026-03-10T19:01:04.596+05:30 DEBUG 14700 --- [http-nio-8080-exec-1] o.s.security.web.FilterChainProxy        : Secured GET /uploads/media/1/profile/399af8b4-7629-4b96-b1a0-e2779793a067.jpg
2026-03-10T19:01:04.601+05:30 DEBUG 14700 --- [http-nio-8080-exec-4] o.s.security.web.FilterChainProxy        : Secured GET /api/users/me
2026-03-10T19:01:04.602+05:30  INFO 14700 --- [http-nio-8080-exec-4] o.r.r.controller.UserController          : Request to get current user profile
2026-03-10T19:01:04.602+05:30  INFO 14700 --- [http-nio-8080-exec-4] o.r.revconnect.service.UserService       : Fetching profile for user: user1
2026-03-10T19:01:04.602+05:30 DEBUG 14700 --- [http-nio-8080-exec-4] o.r.r.controller.UserController          : Profile retrieved for user: user1
2026-03-10T19:01:04.602+05:30  WARN 14700 --- [http-nio-8080-exec-1] .m.m.a.ExceptionHandlerExceptionResolver : Resolved [org.springframework.web.servlet.resource.NoResourceFoundException: No static resource media/1/profile/399af8b4-7629-4b96-b1a0-e2779793a067.jpg.]
2026-03-10T19:01:04.612+05:30 DEBUG 14700 --- [http-nio-8080-exec-5] o.s.security.web.FilterChainProxy        : Securing GET /uploads/media/1/cover/dae63040-0343-4fc7-9aec-6044ae2563cc.jpg
2026-03-10T19:01:04.613+05:30 DEBUG 14700 --- [http-nio-8080-exec-5] o.s.s.w.a.AnonymousAuthenticationFilter  : Set SecurityContextHolder to anonymous SecurityContext
2026-03-10T19:01:04.613+05:30 DEBUG 14700 --- [http-nio-8080-exec-5] o.s.security.web.FilterChainProxy        : Secured GET /uploads/media/1/cover/dae63040-0343-4fc7-9aec-6044ae2563cc.jpg
2026-03-10T19:01:04.615+05:30 DEBUG 14700 --- [http-nio-8080-exec-7] o.s.security.web.FilterChainProxy        : Securing GET /uploads/media/1/profile/399af8b4-7629-4b96-b1a0-e2779793a067.jpg
2026-03-10T19:01:04.616+05:30 DEBUG 14700 --- [http-nio-8080-exec-7] o.s.s.w.a.AnonymousAuthenticationFilter  : Set SecurityContextHolder to anonymous SecurityContext
2026-03-10T19:01:04.616+05:30 DEBUG 14700 --- [http-nio-8080-exec-7] o.s.security.web.FilterChainProxy        : Secured GET /uploads/media/1/profile/399af8b4-7629-4b96-b1a0-e2779793a067.jpg
2026-03-10T19:01:04.617+05:30  WARN 14700 --- [http-nio-8080-exec-5] .m.m.a.ExceptionHandlerExceptionResolver : Resolved [org.springframework.web.servlet.resource.NoResourceFoundException: No static resource media/1/cover/dae63040-0343-4fc7-9aec-6044ae2563cc.jpg.]
2026-03-10T19:01:04.621+05:30  INFO 14700 --- [http-nio-8080-exec-2] o.r.r.service.ConnectionService          : User 1 has 3 followers and 7 following
2026-03-10T19:01:04.621+05:30  WARN 14700 --- [http-nio-8080-exec-7] .m.m.a.ExceptionHandlerExceptionResolver : Resolved [org.springframework.web.servlet.resource.NoResourceFoundException: No static resource media/1/profile/399af8b4-7629-4b96-b1a0-e2779793a067.jpg.]
2026-03-10T19:01:04.638+05:30 DEBUG 14700 --- [http-nio-8080-exec-10] o.s.security.web.FilterChainProxy        : Securing GET /api/connections/pending/sent?page=0&size=50
2026-03-10T19:01:04.639+05:30 DEBUG 14700 --- [http-nio-8080-exec-10] o.r.r.service.CustomUserDetailsService   : Loading user by username or email: user1
2026-03-10T19:01:04.643+05:30 DEBUG 14700 --- [http-nio-8080-exec-10] o.s.security.web.FilterChainProxy        : Secured GET /api/connections/pending/sent?page=0&size=50
2026-03-10T19:01:04.669+05:30 DEBUG 14700 --- [http-nio-8080-exec-9] o.s.security.web.FilterChainProxy        : Securing GET /uploads/media/1/generic/b4ba7ced-9876-4b70-a8d5-b6e7606b50ca.png
2026-03-10T19:01:04.670+05:30 DEBUG 14700 --- [http-nio-8080-exec-9] o.s.s.w.a.AnonymousAuthenticationFilter  : Set SecurityContextHolder to anonymous SecurityContext
2026-03-10T19:01:04.671+05:30 DEBUG 14700 --- [http-nio-8080-exec-9] o.s.security.web.FilterChainProxy        : Secured GET /uploads/media/1/generic/b4ba7ced-9876-4b70-a8d5-b6e7606b50ca.png
2026-03-10T19:01:04.686+05:30 DEBUG 14700 --- [http-nio-8080-exec-3] o.s.security.web.FilterChainProxy        : Securing GET /uploads/media/1/profile/399af8b4-7629-4b96-b1a0-e2779793a067.jpg
2026-03-10T19:01:04.686+05:30 DEBUG 14700 --- [http-nio-8080-exec-8] o.s.security.web.FilterChainProxy        : Securing GET /uploads/media/1/generic/7fde1b47-8060-46da-9571-91aafb55d03d.jpg
2026-03-10T19:01:04.686+05:30 DEBUG 14700 --- [http-nio-8080-exec-1] o.s.security.web.FilterChainProxy        : Securing GET /uploads/media/1/generic/0566907f-e3e4-4d66-9b90-efebf8aa1a77.jpg
2026-03-10T19:01:04.686+05:30 DEBUG 14700 --- [http-nio-8080-exec-4] o.s.security.web.FilterChainProxy        : Securing GET /uploads/media/1/generic/66efcb11-e753-40ca-8db2-72d7eb62ea46.jpg
2026-03-10T19:01:04.686+05:30 DEBUG 14700 --- [http-nio-8080-exec-3] o.s.s.w.a.AnonymousAuthenticationFilter  : Set SecurityContextHolder to anonymous SecurityContext
2026-03-10T19:01:04.686+05:30 DEBUG 14700 --- [http-nio-8080-exec-1] o.s.s.w.a.AnonymousAuthenticationFilter  : Set SecurityContextHolder to anonymous SecurityContext
2026-03-10T19:01:04.686+05:30 DEBUG 14700 --- [http-nio-8080-exec-8] o.s.s.w.a.AnonymousAuthenticationFilter  : Set SecurityContextHolder to anonymous SecurityContext
2026-03-10T19:01:04.686+05:30 DEBUG 14700 --- [http-nio-8080-exec-4] o.s.s.w.a.AnonymousAuthenticationFilter  : Set SecurityContextHolder to anonymous SecurityContext
2026-03-10T19:01:04.687+05:30 DEBUG 14700 --- [http-nio-8080-exec-8] o.s.security.web.FilterChainProxy        : Secured GET /uploads/media/1/generic/7fde1b47-8060-46da-9571-91aafb55d03d.jpg
2026-03-10T19:01:04.687+05:30 DEBUG 14700 --- [http-nio-8080-exec-4] o.s.security.web.FilterChainProxy        : Secured GET /uploads/media/1/generic/66efcb11-e753-40ca-8db2-72d7eb62ea46.jpg
2026-03-10T19:01:04.686+05:30 DEBUG 14700 --- [http-nio-8080-exec-3] o.s.security.web.FilterChainProxy        : Secured GET /uploads/media/1/profile/399af8b4-7629-4b96-b1a0-e2779793a067.jpg
2026-03-10T19:01:04.687+05:30 DEBUG 14700 --- [http-nio-8080-exec-1] o.s.security.web.FilterChainProxy        : Secured GET /uploads/media/1/generic/0566907f-e3e4-4d66-9b90-efebf8aa1a77.jpg
2026-03-10T19:01:04.692+05:30  WARN 14700 --- [http-nio-8080-exec-3] .m.m.a.ExceptionHandlerExceptionResolver : Resolved [org.springframework.web.servlet.resource.NoResourceFoundException: No static resource media/1/profile/399af8b4-7629-4b96-b1a0-e2779793a067.jpg.]
2026-03-10T19:01:04.695+05:30 DEBUG 14700 --- [http-nio-8080-exec-5] o.s.security.web.FilterChainProxy        : Securing GET /uploads/media/1/generic/02bed9a0-6804-4f35-9ee4-f2ce3ac846f9.jpg
2026-03-10T19:01:04.696+05:30  WARN 14700 --- [http-nio-8080-exec-4] .m.m.a.ExceptionHandlerExceptionResolver : Resolved [org.springframework.web.servlet.resource.NoResourceFoundException: No static resource media/1/generic/66efcb11-e753-40ca-8db2-72d7eb62ea46.jpg.]
2026-03-10T19:01:04.698+05:30  WARN 14700 --- [http-nio-8080-exec-8] .m.m.a.ExceptionHandlerExceptionResolver : Resolved [org.springframework.web.servlet.resource.NoResourceFoundException: No static resource media/1/generic/7fde1b47-8060-46da-9571-91aafb55d03d.jpg.]
2026-03-10T19:01:04.696+05:30  WARN 14700 --- [http-nio-8080-exec-1] .m.m.a.ExceptionHandlerExceptionResolver : Resolved [org.springframework.web.servlet.resource.NoResourceFoundException: No static resource media/1/generic/0566907f-e3e4-4d66-9b90-efebf8aa1a77.jpg.]
2026-03-10T19:01:04.698+05:30 DEBUG 14700 --- [http-nio-8080-exec-5] o.s.s.w.a.AnonymousAuthenticationFilter  : Set SecurityContextHolder to anonymous SecurityContext
2026-03-10T19:01:04.699+05:30 DEBUG 14700 --- [http-nio-8080-exec-5] o.s.security.web.FilterChainProxy        : Secured GET /uploads/media/1/generic/02bed9a0-6804-4f35-9ee4-f2ce3ac846f9.jpg
2026-03-10T19:01:04.702+05:30  WARN 14700 --- [http-nio-8080-exec-5] .m.m.a.ExceptionHandlerExceptionResolver : Resolved [org.springframework.web.servlet.resource.NoResourceFoundException: No static resource media/1/generic/02bed9a0-6804-4f35-9ee4-f2ce3ac846f9.jpg.]
2026-03-10T19:01:04.707+05:30 DEBUG 14700 --- [http-nio-8080-exec-7] o.s.security.web.FilterChainProxy        : Securing GET /uploads/media/1/generic/fc8ea7db-88b4-4805-bd21-0b39c326bda3.jpg
2026-03-10T19:01:04.707+05:30 DEBUG 14700 --- [http-nio-8080-exec-7] o.s.s.w.a.AnonymousAuthenticationFilter  : Set SecurityContextHolder to anonymous SecurityContext
2026-03-10T19:01:04.708+05:30 DEBUG 14700 --- [http-nio-8080-exec-7] o.s.security.web.FilterChainProxy        : Secured GET /uploads/media/1/generic/fc8ea7db-88b4-4805-bd21-0b39c326bda3.jpg
2026-03-10T19:01:04.710+05:30  WARN 14700 --- [http-nio-8080-exec-7] .m.m.a.ExceptionHandlerExceptionResolver : Resolved [org.springframework.web.servlet.resource.NoResourceFoundException: No static resource media/1/generic/fc8ea7db-88b4-4805-bd21-0b39c326bda3.jpg.]
2026-03-10T19:01:04.719+05:30 DEBUG 14700 --- [http-nio-8080-exec-6] o.s.security.web.FilterChainProxy        : Securing GET /uploads/media/1/generic/e0da4064-3a49-4827-a0c4-02999b8d0910.jpg
2026-03-10T19:01:04.719+05:30 DEBUG 14700 --- [http-nio-8080-exec-2] o.s.security.web.FilterChainProxy        : Securing GET /uploads/media/1/generic/d9a14c8c-b998-4347-8868-3583028a04f0.jpg
2026-03-10T19:01:04.719+05:30 DEBUG 14700 --- [http-nio-8080-exec-10] o.s.security.web.FilterChainProxy        : Securing GET /uploads/media/1/generic/4e5bc1e6-fa89-4c03-a633-2e99898218e5.jpg
2026-03-10T19:01:04.719+05:30 DEBUG 14700 --- [http-nio-8080-exec-6] o.s.s.w.a.AnonymousAuthenticationFilter  : Set SecurityContextHolder to anonymous SecurityContext
2026-03-10T19:01:04.719+05:30 DEBUG 14700 --- [http-nio-8080-exec-2] o.s.s.w.a.AnonymousAuthenticationFilter  : Set SecurityContextHolder to anonymous SecurityContext
2026-03-10T19:01:04.719+05:30 DEBUG 14700 --- [http-nio-8080-exec-10] o.s.s.w.a.AnonymousAuthenticationFilter  : Set SecurityContextHolder to anonymous SecurityContext
2026-03-10T19:01:04.719+05:30 DEBUG 14700 --- [http-nio-8080-exec-6] o.s.security.web.FilterChainProxy        : Secured GET /uploads/media/1/generic/e0da4064-3a49-4827-a0c4-02999b8d0910.jpg
2026-03-10T19:01:04.719+05:30 DEBUG 14700 --- [http-nio-8080-exec-2] o.s.security.web.FilterChainProxy        : Secured GET /uploads/media/1/generic/d9a14c8c-b998-4347-8868-3583028a04f0.jpg
2026-03-10T19:01:04.719+05:30 DEBUG 14700 --- [http-nio-8080-exec-10] o.s.security.web.FilterChainProxy        : Secured GET /uploads/media/1/generic/4e5bc1e6-fa89-4c03-a633-2e99898218e5.jpg
2026-03-10T19:01:04.721+05:30  WARN 14700 --- [http-nio-8080-exec-6] .m.m.a.ExceptionHandlerExceptionResolver : Resolved [org.springframework.web.servlet.resource.NoResourceFoundException: No static resource media/1/generic/e0da4064-3a49-4827-a0c4-02999b8d0910.jpg.]
2026-03-10T19:01:04.723+05:30  WARN 14700 --- [http-nio-8080-exec-10] .m.m.a.ExceptionHandlerExceptionResolver : Resolved [org.springframework.web.servlet.resource.NoResourceFoundException: No static resource media/1/generic/4e5bc1e6-fa89-4c03-a633-2e99898218e5.jpg.]
2026-03-10T19:01:04.723+05:30 DEBUG 14700 --- [http-nio-8080-exec-9] o.s.security.web.FilterChainProxy        : Securing GET /uploads/media/1/generic/b4d921b3-8bb3-4a0b-98f8-1f874919ed8a.jpg
2026-03-10T19:01:04.723+05:30 DEBUG 14700 --- [http-nio-8080-exec-9] o.s.s.w.a.AnonymousAuthenticationFilter  : Set SecurityContextHolder to anonymous SecurityContext
2026-03-10T19:01:04.723+05:30 DEBUG 14700 --- [http-nio-8080-exec-3] o.s.security.web.FilterChainProxy        : Securing GET /uploads/media/1/video/99f88e69-e838-4464-8561-a62b7544a441.mp4
2026-03-10T19:01:04.723+05:30 DEBUG 14700 --- [http-nio-8080-exec-9] o.s.security.web.FilterChainProxy        : Secured GET /uploads/media/1/generic/b4d921b3-8bb3-4a0b-98f8-1f874919ed8a.jpg
2026-03-10T19:01:04.723+05:30 DEBUG 14700 --- [http-nio-8080-exec-3] o.s.s.w.a.AnonymousAuthenticationFilter  : Set SecurityContextHolder to anonymous SecurityContext
2026-03-10T19:01:04.724+05:30 DEBUG 14700 --- [http-nio-8080-exec-3] o.s.security.web.FilterChainProxy        : Secured GET /uploads/media/1/video/99f88e69-e838-4464-8561-a62b7544a441.mp4
2026-03-10T19:01:04.724+05:30  WARN 14700 --- [http-nio-8080-exec-2] .m.m.a.ExceptionHandlerExceptionResolver : Resolved [org.springframework.web.servlet.resource.NoResourceFoundException: No static resource media/1/generic/d9a14c8c-b998-4347-8868-3583028a04f0.jpg.]
2026-03-10T19:01:04.726+05:30  WARN 14700 --- [http-nio-8080-exec-3] .m.m.a.ExceptionHandlerExceptionResolver : Resolved [org.springframework.web.servlet.resource.NoResourceFoundException: No static resource media/1/video/99f88e69-e838-4464-8561-a62b7544a441.mp4.]
2026-03-10T19:01:04.726+05:30  WARN 14700 --- [http-nio-8080-exec-9] .m.m.a.ExceptionHandlerExceptionResolver : Resolved [org.springframework.web.servlet.resource.NoResourceFoundException: No static resource media/1/generic/b4d921b3-8bb3-4a0b-98f8-1f874919ed8a.jpg.]
2026-03-10T19:01:04.731+05:30 DEBUG 14700 --- [http-nio-8080-exec-4] o.s.security.web.FilterChainProxy        : Securing GET /uploads/media/1/video/d2d16f28-c872-4cb7-8293-64a93bd8e7b1.mp4
2026-03-10T19:01:04.731+05:30 DEBUG 14700 --- [http-nio-8080-exec-4] o.s.s.w.a.AnonymousAuthenticationFilter  : Set SecurityContextHolder to anonymous SecurityContext
2026-03-10T19:01:04.732+05:30 DEBUG 14700 --- [http-nio-8080-exec-4] o.s.security.web.FilterChainProxy        : Secured GET /uploads/media/1/video/d2d16f28-c872-4cb7-8293-64a93bd8e7b1.mp4
2026-03-10T19:01:04.734+05:30  WARN 14700 --- [http-nio-8080-exec-4] .m.m.a.ExceptionHandlerExceptionResolver : Resolved [org.springframework.web.servlet.resource.NoResourceFoundException: No static resource media/1/video/d2d16f28-c872-4cb7-8293-64a93bd8e7b1.mp4.]
2026-03-10T19:01:08.517+05:30 DEBUG 14700 --- [http-nio-8080-exec-8] o.s.security.web.FilterChainProxy        : Securing GET /api/settings/account/external-links
2026-03-10T19:01:08.519+05:30 DEBUG 14700 --- [http-nio-8080-exec-8] o.r.r.service.CustomUserDetailsService   : Loading user by username or email: user1
2026-03-10T19:01:08.534+05:30 DEBUG 14700 --- [http-nio-8080-exec-1] o.s.security.web.FilterChainProxy        : Securing GET /api/settings/notifications
2026-03-10T19:01:08.536+05:30 DEBUG 14700 --- [http-nio-8080-exec-1] o.r.r.service.CustomUserDetailsService   : Loading user by username or email: user1
2026-03-10T19:01:08.538+05:30 DEBUG 14700 --- [http-nio-8080-exec-8] o.s.security.web.FilterChainProxy        : Secured GET /api/settings/account/external-links
2026-03-10T19:01:08.541+05:30 DEBUG 14700 --- [http-nio-8080-exec-5] o.s.security.web.FilterChainProxy        : Securing GET /api/settings/privacy
2026-03-10T19:01:08.543+05:30 DEBUG 14700 --- [http-nio-8080-exec-5] o.r.r.service.CustomUserDetailsService   : Loading user by username or email: user1
2026-03-10T19:01:08.550+05:30 DEBUG 14700 --- [http-nio-8080-exec-7] o.s.security.web.FilterChainProxy        : Securing GET /api/messages/unread/count
2026-03-10T19:01:08.551+05:30 DEBUG 14700 --- [http-nio-8080-exec-10] o.s.security.web.FilterChainProxy        : Securing GET /api/users/me
2026-03-10T19:01:08.551+05:30 DEBUG 14700 --- [http-nio-8080-exec-6] o.s.security.web.FilterChainProxy        : Securing GET /api/notifications/count
2026-03-10T19:01:08.552+05:30 DEBUG 14700 --- [http-nio-8080-exec-7] o.r.r.service.CustomUserDetailsService   : Loading user by username or email: user1
2026-03-10T19:01:08.552+05:30 DEBUG 14700 --- [http-nio-8080-exec-10] o.r.r.service.CustomUserDetailsService   : Loading user by username or email: user1
2026-03-10T19:01:08.554+05:30 DEBUG 14700 --- [http-nio-8080-exec-1] o.s.security.web.FilterChainProxy        : Secured GET /api/settings/notifications
2026-03-10T19:01:08.555+05:30 DEBUG 14700 --- [http-nio-8080-exec-6] o.r.r.service.CustomUserDetailsService   : Loading user by username or email: user1
2026-03-10T19:01:08.557+05:30  INFO 14700 --- [http-nio-8080-exec-1] o.r.r.controller.SettingsController      : Getting notification settings
2026-03-10T19:01:08.564+05:30 DEBUG 14700 --- [http-nio-8080-exec-5] o.s.security.web.FilterChainProxy        : Secured GET /api/settings/privacy
2026-03-10T19:01:08.568+05:30  INFO 14700 --- [http-nio-8080-exec-5] o.r.r.controller.SettingsController      : Getting privacy settings
2026-03-10T19:01:08.575+05:30 DEBUG 14700 --- [http-nio-8080-exec-10] o.s.security.web.FilterChainProxy        : Secured GET /api/users/me
2026-03-10T19:01:08.576+05:30 DEBUG 14700 --- [http-nio-8080-exec-6] o.s.security.web.FilterChainProxy        : Secured GET /api/notifications/count
2026-03-10T19:01:08.576+05:30 DEBUG 14700 --- [http-nio-8080-exec-7] o.s.security.web.FilterChainProxy        : Secured GET /api/messages/unread/count
2026-03-10T19:01:08.577+05:30  INFO 14700 --- [http-nio-8080-exec-6] o.r.r.controller.NotificationController  : Get unread count request
2026-03-10T19:01:08.577+05:30  INFO 14700 --- [http-nio-8080-exec-7] o.r.r.controller.MessageController       : Getting unread message count
2026-03-10T19:01:08.577+05:30  INFO 14700 --- [http-nio-8080-exec-10] o.r.r.controller.UserController          : Request to get current user profile
2026-03-10T19:01:08.577+05:30  INFO 14700 --- [http-nio-8080-exec-10] o.r.revconnect.service.UserService       : Fetching profile for user: user1
2026-03-10T19:01:08.578+05:30 DEBUG 14700 --- [http-nio-8080-exec-10] o.r.r.controller.UserController          : Profile retrieved for user: user1
2026-03-10T19:01:08.584+05:30  INFO 14700 --- [http-nio-8080-exec-6] o.r.r.service.NotificationService        : User user1 has 5 unread notifications
2026-03-10T19:01:08.605+05:30 DEBUG 14700 --- [http-nio-8080-exec-2] o.s.security.web.FilterChainProxy        : Securing GET /api/users/me
2026-03-10T19:01:08.606+05:30 DEBUG 14700 --- [http-nio-8080-exec-2] o.r.r.service.CustomUserDetailsService   : Loading user by username or email: user1
2026-03-10T19:01:08.607+05:30 DEBUG 14700 --- [http-nio-8080-exec-9] o.s.security.web.FilterChainProxy        : Securing GET /api/notifications/count
2026-03-10T19:01:08.608+05:30 DEBUG 14700 --- [http-nio-8080-exec-3] o.s.security.web.FilterChainProxy        : Securing GET /uploads/media/1/profile/399af8b4-7629-4b96-b1a0-e2779793a067.jpg
2026-03-10T19:01:08.608+05:30 DEBUG 14700 --- [http-nio-8080-exec-3] o.s.s.w.a.AnonymousAuthenticationFilter  : Set SecurityContextHolder to anonymous SecurityContext
2026-03-10T19:01:08.608+05:30 DEBUG 14700 --- [http-nio-8080-exec-3] o.s.security.web.FilterChainProxy        : Secured GET /uploads/media/1/profile/399af8b4-7629-4b96-b1a0-e2779793a067.jpg
2026-03-10T19:01:08.609+05:30 DEBUG 14700 --- [http-nio-8080-exec-9] o.r.r.service.CustomUserDetailsService   : Loading user by username or email: user1
2026-03-10T19:01:08.611+05:30  WARN 14700 --- [http-nio-8080-exec-3] .m.m.a.ExceptionHandlerExceptionResolver : Resolved [org.springframework.web.servlet.resource.NoResourceFoundException: No static resource media/1/profile/399af8b4-7629-4b96-b1a0-e2779793a067.jpg.]
2026-03-10T19:01:08.615+05:30 DEBUG 14700 --- [http-nio-8080-exec-2] o.s.security.web.FilterChainProxy        : Secured GET /api/users/me
2026-03-10T19:01:08.615+05:30  INFO 14700 --- [http-nio-8080-exec-2] o.r.r.controller.UserController          : Request to get current user profile
2026-03-10T19:01:08.615+05:30  INFO 14700 --- [http-nio-8080-exec-2] o.r.revconnect.service.UserService       : Fetching profile for user: user1
2026-03-10T19:01:08.615+05:30 DEBUG 14700 --- [http-nio-8080-exec-2] o.r.r.controller.UserController          : Profile retrieved for user: user1
2026-03-10T19:01:08.617+05:30 DEBUG 14700 --- [http-nio-8080-exec-9] o.s.security.web.FilterChainProxy        : Secured GET /api/notifications/count
2026-03-10T19:01:08.617+05:30  INFO 14700 --- [http-nio-8080-exec-9] o.r.r.controller.NotificationController  : Get unread count request
2026-03-10T19:01:08.620+05:30  INFO 14700 --- [http-nio-8080-exec-9] o.r.r.service.NotificationService        : User user1 has 5 unread notifications
2026-03-10T19:01:08.625+05:30 DEBUG 14700 --- [http-nio-8080-exec-4] o.s.security.web.FilterChainProxy        : Securing GET /uploads/media/1/profile/399af8b4-7629-4b96-b1a0-e2779793a067.jpg
2026-03-10T19:01:08.625+05:30 DEBUG 14700 --- [http-nio-8080-exec-4] o.s.s.w.a.AnonymousAuthenticationFilter  : Set SecurityContextHolder to anonymous SecurityContext
2026-03-10T19:01:08.625+05:30 DEBUG 14700 --- [http-nio-8080-exec-4] o.s.security.web.FilterChainProxy        : Secured GET /uploads/media/1/profile/399af8b4-7629-4b96-b1a0-e2779793a067.jpg
2026-03-10T19:01:08.626+05:30  WARN 14700 --- [http-nio-8080-exec-4] .m.m.a.ExceptionHandlerExceptionResolver : Resolved [org.springframework.web.servlet.resource.NoResourceFoundException: No static resource media/1/profile/399af8b4-7629-4b96-b1a0-e2779793a067.jpg.]
2026-03-10T19:01:11.417+05:30 DEBUG 14700 --- [http-nio-8080-exec-8] o.s.security.web.FilterChainProxy        : Securing GET /api/bookmarks?page=0&size=20
2026-03-10T19:01:11.419+05:30 DEBUG 14700 --- [http-nio-8080-exec-10] o.s.security.web.FilterChainProxy        : Securing GET /api/messages/unread/count
2026-03-10T19:01:11.419+05:30 DEBUG 14700 --- [http-nio-8080-exec-1] o.s.security.web.FilterChainProxy        : Securing GET /api/users/me
2026-03-10T19:01:11.419+05:30 DEBUG 14700 --- [http-nio-8080-exec-8] o.r.r.service.CustomUserDetailsService   : Loading user by username or email: user1
2026-03-10T19:01:11.420+05:30 DEBUG 14700 --- [http-nio-8080-exec-1] o.r.r.service.CustomUserDetailsService   : Loading user by username or email: user1
2026-03-10T19:01:11.420+05:30 DEBUG 14700 --- [http-nio-8080-exec-10] o.r.r.service.CustomUserDetailsService   : Loading user by username or email: user1
2026-03-10T19:01:11.421+05:30 DEBUG 14700 --- [http-nio-8080-exec-5] o.s.security.web.FilterChainProxy        : Securing GET /api/notifications/count
2026-03-10T19:01:11.424+05:30 DEBUG 14700 --- [http-nio-8080-exec-5] o.r.r.service.CustomUserDetailsService   : Loading user by username or email: user1
2026-03-10T19:01:11.438+05:30 DEBUG 14700 --- [http-nio-8080-exec-10] o.s.security.web.FilterChainProxy        : Secured GET /api/messages/unread/count
2026-03-10T19:01:11.438+05:30 DEBUG 14700 --- [http-nio-8080-exec-1] o.s.security.web.FilterChainProxy        : Secured GET /api/users/me
2026-03-10T19:01:11.438+05:30 DEBUG 14700 --- [http-nio-8080-exec-8] o.s.security.web.FilterChainProxy        : Secured GET /api/bookmarks?page=0&size=20
2026-03-10T19:01:11.439+05:30  INFO 14700 --- [http-nio-8080-exec-10] o.r.r.controller.MessageController       : Getting unread message count
2026-03-10T19:01:11.439+05:30  INFO 14700 --- [http-nio-8080-exec-1] o.r.r.controller.UserController          : Request to get current user profile
2026-03-10T19:01:11.439+05:30 DEBUG 14700 --- [http-nio-8080-exec-5] o.s.security.web.FilterChainProxy        : Secured GET /api/notifications/count
2026-03-10T19:01:11.439+05:30  INFO 14700 --- [http-nio-8080-exec-1] o.r.revconnect.service.UserService       : Fetching profile for user: user1
2026-03-10T19:01:11.439+05:30 DEBUG 14700 --- [http-nio-8080-exec-1] o.r.r.controller.UserController          : Profile retrieved for user: user1
2026-03-10T19:01:11.439+05:30  INFO 14700 --- [http-nio-8080-exec-5] o.r.r.controller.NotificationController  : Get unread count request
2026-03-10T19:01:11.439+05:30  INFO 14700 --- [http-nio-8080-exec-8] o.r.r.controller.BookmarkController      : Get bookmarks request - page: 0, size: 20
2026-03-10T19:01:11.446+05:30  INFO 14700 --- [http-nio-8080-exec-5] o.r.r.service.NotificationService        : User user1 has 5 unread notifications
2026-03-10T19:01:11.457+05:30 DEBUG 14700 --- [http-nio-8080-exec-6] o.s.security.web.FilterChainProxy        : Securing GET /api/users/me
2026-03-10T19:01:11.459+05:30 DEBUG 14700 --- [http-nio-8080-exec-6] o.r.r.service.CustomUserDetailsService   : Loading user by username or email: user1
2026-03-10T19:01:11.476+05:30 DEBUG 14700 --- [http-nio-8080-exec-3] o.s.security.web.FilterChainProxy        : Securing GET /api/notifications/count
2026-03-10T19:01:11.476+05:30 DEBUG 14700 --- [http-nio-8080-exec-7] o.s.security.web.FilterChainProxy        : Securing GET /uploads/media/1/profile/399af8b4-7629-4b96-b1a0-e2779793a067.jpg
2026-03-10T19:01:11.476+05:30 DEBUG 14700 --- [http-nio-8080-exec-7] o.s.s.w.a.AnonymousAuthenticationFilter  : Set SecurityContextHolder to anonymous SecurityContext
2026-03-10T19:01:11.477+05:30 DEBUG 14700 --- [http-nio-8080-exec-3] o.r.r.service.CustomUserDetailsService   : Loading user by username or email: user1
2026-03-10T19:01:11.478+05:30 DEBUG 14700 --- [http-nio-8080-exec-7] o.s.security.web.FilterChainProxy        : Secured GET /uploads/media/1/profile/399af8b4-7629-4b96-b1a0-e2779793a067.jpg
2026-03-10T19:01:11.478+05:30 DEBUG 14700 --- [http-nio-8080-exec-6] o.s.security.web.FilterChainProxy        : Secured GET /api/users/me
2026-03-10T19:01:11.479+05:30  INFO 14700 --- [http-nio-8080-exec-6] o.r.r.controller.UserController          : Request to get current user profile
2026-03-10T19:01:11.481+05:30  INFO 14700 --- [http-nio-8080-exec-6] o.r.revconnect.service.UserService       : Fetching profile for user: user1
2026-03-10T19:01:11.481+05:30 DEBUG 14700 --- [http-nio-8080-exec-6] o.r.r.controller.UserController          : Profile retrieved for user: user1
2026-03-10T19:01:11.486+05:30  WARN 14700 --- [http-nio-8080-exec-7] .m.m.a.ExceptionHandlerExceptionResolver : Resolved [org.springframework.web.servlet.resource.NoResourceFoundException: No static resource media/1/profile/399af8b4-7629-4b96-b1a0-e2779793a067.jpg.]
2026-03-10T19:01:11.500+05:30 DEBUG 14700 --- [http-nio-8080-exec-3] o.s.security.web.FilterChainProxy        : Secured GET /api/notifications/count
2026-03-10T19:01:11.502+05:30  INFO 14700 --- [http-nio-8080-exec-3] o.r.r.controller.NotificationController  : Get unread count request
2026-03-10T19:01:11.508+05:30  INFO 14700 --- [http-nio-8080-exec-3] o.r.r.service.NotificationService        : User user1 has 5 unread notifications
2026-03-10T19:01:11.510+05:30 DEBUG 14700 --- [http-nio-8080-exec-2] o.s.security.web.FilterChainProxy        : Securing GET /uploads/media/1/profile/399af8b4-7629-4b96-b1a0-e2779793a067.jpg
2026-03-10T19:01:11.511+05:30 DEBUG 14700 --- [http-nio-8080-exec-2] o.s.s.w.a.AnonymousAuthenticationFilter  : Set SecurityContextHolder to anonymous SecurityContext
2026-03-10T19:01:11.511+05:30 DEBUG 14700 --- [http-nio-8080-exec-2] o.s.security.web.FilterChainProxy        : Secured GET /uploads/media/1/profile/399af8b4-7629-4b96-b1a0-e2779793a067.jpg
2026-03-10T19:01:11.516+05:30  WARN 14700 --- [http-nio-8080-exec-2] .m.m.a.ExceptionHandlerExceptionResolver : Resolved [org.springframework.web.servlet.resource.NoResourceFoundException: No static resource media/1/profile/399af8b4-7629-4b96-b1a0-e2779793a067.jpg.]
2026-03-10T19:01:11.643+05:30 DEBUG 14700 --- [http-nio-8080-exec-9] o.s.security.web.FilterChainProxy        : Securing GET /uploads/media/1/generic/b4ba7ced-9876-4b70-a8d5-b6e7606b50ca.png
2026-03-10T19:01:11.644+05:30 DEBUG 14700 --- [http-nio-8080-exec-9] o.s.s.w.a.AnonymousAuthenticationFilter  : Set SecurityContextHolder to anonymous SecurityContext
2026-03-10T19:01:11.645+05:30 DEBUG 14700 --- [http-nio-8080-exec-9] o.s.security.web.FilterChainProxy        : Secured GET /uploads/media/1/generic/b4ba7ced-9876-4b70-a8d5-b6e7606b50ca.png
2026-03-10T19:01:11.673+05:30 DEBUG 14700 --- [http-nio-8080-exec-1] o.s.security.web.FilterChainProxy        : Securing GET /uploads/media/1/generic/66efcb11-e753-40ca-8db2-72d7eb62ea46.jpg
2026-03-10T19:01:11.673+05:30 DEBUG 14700 --- [http-nio-8080-exec-4] o.s.security.web.FilterChainProxy        : Securing GET /uploads/media/1/profile/399af8b4-7629-4b96-b1a0-e2779793a067.jpg
2026-03-10T19:01:11.673+05:30 DEBUG 14700 --- [http-nio-8080-exec-5] o.s.security.web.FilterChainProxy        : Securing GET /uploads/media/1/generic/7fde1b47-8060-46da-9571-91aafb55d03d.jpg
2026-03-10T19:01:11.674+05:30 DEBUG 14700 --- [http-nio-8080-exec-1] o.s.s.w.a.AnonymousAuthenticationFilter  : Set SecurityContextHolder to anonymous SecurityContext
2026-03-10T19:01:11.674+05:30 DEBUG 14700 --- [http-nio-8080-exec-4] o.s.s.w.a.AnonymousAuthenticationFilter  : Set SecurityContextHolder to anonymous SecurityContext
2026-03-10T19:01:11.674+05:30 DEBUG 14700 --- [http-nio-8080-exec-5] o.s.s.w.a.AnonymousAuthenticationFilter  : Set SecurityContextHolder to anonymous SecurityContext
2026-03-10T19:01:11.674+05:30 DEBUG 14700 --- [http-nio-8080-exec-1] o.s.security.web.FilterChainProxy        : Secured GET /uploads/media/1/generic/66efcb11-e753-40ca-8db2-72d7eb62ea46.jpg
2026-03-10T19:01:11.674+05:30 DEBUG 14700 --- [http-nio-8080-exec-4] o.s.security.web.FilterChainProxy        : Secured GET /uploads/media/1/profile/399af8b4-7629-4b96-b1a0-e2779793a067.jpg
2026-03-10T19:01:11.674+05:30 DEBUG 14700 --- [http-nio-8080-exec-5] o.s.security.web.FilterChainProxy        : Secured GET /uploads/media/1/generic/7fde1b47-8060-46da-9571-91aafb55d03d.jpg
2026-03-10T19:01:11.680+05:30 DEBUG 14700 --- [http-nio-8080-exec-10] o.s.security.web.FilterChainProxy        : Securing GET /uploads/media/1/generic/fc8ea7db-88b4-4805-bd21-0b39c326bda3.jpg
2026-03-10T19:01:11.680+05:30  WARN 14700 --- [http-nio-8080-exec-5] .m.m.a.ExceptionHandlerExceptionResolver : Resolved [org.springframework.web.servlet.resource.NoResourceFoundException: No static resource media/1/generic/7fde1b47-8060-46da-9571-91aafb55d03d.jpg.]
2026-03-10T19:01:11.680+05:30  WARN 14700 --- [http-nio-8080-exec-1] .m.m.a.ExceptionHandlerExceptionResolver : Resolved [org.springframework.web.servlet.resource.NoResourceFoundException: No static resource media/1/generic/66efcb11-e753-40ca-8db2-72d7eb62ea46.jpg.]
2026-03-10T19:01:11.680+05:30  WARN 14700 --- [http-nio-8080-exec-4] .m.m.a.ExceptionHandlerExceptionResolver : Resolved [org.springframework.web.servlet.resource.NoResourceFoundException: No static resource media/1/profile/399af8b4-7629-4b96-b1a0-e2779793a067.jpg.]
2026-03-10T19:01:11.680+05:30 DEBUG 14700 --- [http-nio-8080-exec-10] o.s.s.w.a.AnonymousAuthenticationFilter  : Set SecurityContextHolder to anonymous SecurityContext
2026-03-10T19:01:11.682+05:30 DEBUG 14700 --- [http-nio-8080-exec-10] o.s.security.web.FilterChainProxy        : Secured GET /uploads/media/1/generic/fc8ea7db-88b4-4805-bd21-0b39c326bda3.jpg
2026-03-10T19:01:11.682+05:30 DEBUG 14700 --- [http-nio-8080-exec-7] o.s.security.web.FilterChainProxy        : Securing GET /uploads/media/4/profile/1a12ec78-6437-4714-a3b0-c9cbde62ccd7.jpg
2026-03-10T19:01:11.682+05:30 DEBUG 14700 --- [http-nio-8080-exec-7] o.s.s.w.a.AnonymousAuthenticationFilter  : Set SecurityContextHolder to anonymous SecurityContext
2026-03-10T19:01:11.684+05:30 DEBUG 14700 --- [http-nio-8080-exec-7] o.s.security.web.FilterChainProxy        : Secured GET /uploads/media/4/profile/1a12ec78-6437-4714-a3b0-c9cbde62ccd7.jpg
2026-03-10T19:01:11.688+05:30  WARN 14700 --- [http-nio-8080-exec-10] .m.m.a.ExceptionHandlerExceptionResolver : Resolved [org.springframework.web.servlet.resource.NoResourceFoundException: No static resource media/1/generic/fc8ea7db-88b4-4805-bd21-0b39c326bda3.jpg.]
2026-03-10T19:01:11.689+05:30  WARN 14700 --- [http-nio-8080-exec-7] .m.m.a.ExceptionHandlerExceptionResolver : Resolved [org.springframework.web.servlet.resource.NoResourceFoundException: No static resource media/4/profile/1a12ec78-6437-4714-a3b0-c9cbde62ccd7.jpg.]
2026-03-10T19:01:11.704+05:30 DEBUG 14700 --- [http-nio-8080-exec-6] o.s.security.web.FilterChainProxy        : Securing GET /uploads/media/4/generic/42f1ff8b-f4c3-4d2c-80fb-cf0dc1be4f0a.jpg
2026-03-10T19:01:11.704+05:30 DEBUG 14700 --- [http-nio-8080-exec-6] o.s.s.w.a.AnonymousAuthenticationFilter  : Set SecurityContextHolder to anonymous SecurityContext
2026-03-10T19:01:11.704+05:30 DEBUG 14700 --- [http-nio-8080-exec-6] o.s.security.web.FilterChainProxy        : Secured GET /uploads/media/4/generic/42f1ff8b-f4c3-4d2c-80fb-cf0dc1be4f0a.jpg
2026-03-10T19:01:11.709+05:30  WARN 14700 --- [http-nio-8080-exec-6] .m.m.a.ExceptionHandlerExceptionResolver : Resolved [org.springframework.web.servlet.resource.NoResourceFoundException: No static resource media/4/generic/42f1ff8b-f4c3-4d2c-80fb-cf0dc1be4f0a.jpg.]
2026-03-10T19:01:11.722+05:30 DEBUG 14700 --- [http-nio-8080-exec-3] o.s.security.web.FilterChainProxy        : Securing GET /uploads/media/1/generic/02bed9a0-6804-4f35-9ee4-f2ce3ac846f9.jpg
2026-03-10T19:01:11.722+05:30 DEBUG 14700 --- [http-nio-8080-exec-2] o.s.security.web.FilterChainProxy        : Securing GET /uploads/media/11/profile/a98ad951-1fa6-4b6c-84cf-fd97d589c8ea.jpg
2026-03-10T19:01:11.723+05:30 DEBUG 14700 --- [http-nio-8080-exec-3] o.s.s.w.a.AnonymousAuthenticationFilter  : Set SecurityContextHolder to anonymous SecurityContext
2026-03-10T19:01:11.723+05:30 DEBUG 14700 --- [http-nio-8080-exec-2] o.s.s.w.a.AnonymousAuthenticationFilter  : Set SecurityContextHolder to anonymous SecurityContext
2026-03-10T19:01:11.723+05:30 DEBUG 14700 --- [http-nio-8080-exec-3] o.s.security.web.FilterChainProxy        : Secured GET /uploads/media/1/generic/02bed9a0-6804-4f35-9ee4-f2ce3ac846f9.jpg
2026-03-10T19:01:11.723+05:30 DEBUG 14700 --- [http-nio-8080-exec-8] o.s.security.web.FilterChainProxy        : Securing GET /uploads/media/11/generic/2b55566a-0eb2-430d-b653-a14d0939f00b.jpg
2026-03-10T19:01:11.723+05:30 DEBUG 14700 --- [http-nio-8080-exec-2] o.s.security.web.FilterChainProxy        : Secured GET /uploads/media/11/profile/a98ad951-1fa6-4b6c-84cf-fd97d589c8ea.jpg
2026-03-10T19:01:11.724+05:30 DEBUG 14700 --- [http-nio-8080-exec-8] o.s.s.w.a.AnonymousAuthenticationFilter  : Set SecurityContextHolder to anonymous SecurityContext
2026-03-10T19:01:11.724+05:30 DEBUG 14700 --- [http-nio-8080-exec-9] o.s.security.web.FilterChainProxy        : Securing GET /uploads/media/1/generic/d9a14c8c-b998-4347-8868-3583028a04f0.jpg
2026-03-10T19:01:11.724+05:30 DEBUG 14700 --- [http-nio-8080-exec-8] o.s.security.web.FilterChainProxy        : Secured GET /uploads/media/11/generic/2b55566a-0eb2-430d-b653-a14d0939f00b.jpg
2026-03-10T19:01:11.724+05:30 DEBUG 14700 --- [http-nio-8080-exec-9] o.s.s.w.a.AnonymousAuthenticationFilter  : Set SecurityContextHolder to anonymous SecurityContext
2026-03-10T19:01:11.724+05:30 DEBUG 14700 --- [http-nio-8080-exec-9] o.s.security.web.FilterChainProxy        : Secured GET /uploads/media/1/generic/d9a14c8c-b998-4347-8868-3583028a04f0.jpg
2026-03-10T19:01:11.725+05:30 DEBUG 14700 --- [http-nio-8080-exec-5] o.s.security.web.FilterChainProxy        : Securing GET /uploads/media/1/generic/e0da4064-3a49-4827-a0c4-02999b8d0910.jpg
2026-03-10T19:01:11.726+05:30 DEBUG 14700 --- [http-nio-8080-exec-5] o.s.s.w.a.AnonymousAuthenticationFilter  : Set SecurityContextHolder to anonymous SecurityContext
2026-03-10T19:01:11.727+05:30 DEBUG 14700 --- [http-nio-8080-exec-5] o.s.security.web.FilterChainProxy        : Secured GET /uploads/media/1/generic/e0da4064-3a49-4827-a0c4-02999b8d0910.jpg
2026-03-10T19:01:11.727+05:30  WARN 14700 --- [http-nio-8080-exec-8] .m.m.a.ExceptionHandlerExceptionResolver : Resolved [org.springframework.web.servlet.resource.NoResourceFoundException: No static resource media/11/generic/2b55566a-0eb2-430d-b653-a14d0939f00b.jpg.]
2026-03-10T19:01:11.727+05:30  WARN 14700 --- [http-nio-8080-exec-3] .m.m.a.ExceptionHandlerExceptionResolver : Resolved [org.springframework.web.servlet.resource.NoResourceFoundException: No static resource media/1/generic/02bed9a0-6804-4f35-9ee4-f2ce3ac846f9.jpg.]
2026-03-10T19:01:11.728+05:30  WARN 14700 --- [http-nio-8080-exec-2] .m.m.a.ExceptionHandlerExceptionResolver : Resolved [org.springframework.web.servlet.resource.NoResourceFoundException: No static resource media/11/profile/a98ad951-1fa6-4b6c-84cf-fd97d589c8ea.jpg.]
2026-03-10T19:01:11.728+05:30  WARN 14700 --- [http-nio-8080-exec-9] .m.m.a.ExceptionHandlerExceptionResolver : Resolved [org.springframework.web.servlet.resource.NoResourceFoundException: No static resource media/1/generic/d9a14c8c-b998-4347-8868-3583028a04f0.jpg.]
2026-03-10T19:01:11.731+05:30  WARN 14700 --- [http-nio-8080-exec-5] .m.m.a.ExceptionHandlerExceptionResolver : Resolved [org.springframework.web.servlet.resource.NoResourceFoundException: No static resource media/1/generic/e0da4064-3a49-4827-a0c4-02999b8d0910.jpg.]
2026-03-10T19:01:11.737+05:30 DEBUG 14700 --- [http-nio-8080-exec-1] o.s.security.web.FilterChainProxy        : Securing GET /uploads/media/1/generic/b4d921b3-8bb3-4a0b-98f8-1f874919ed8a.jpg
2026-03-10T19:01:11.737+05:30 DEBUG 14700 --- [http-nio-8080-exec-1] o.s.s.w.a.AnonymousAuthenticationFilter  : Set SecurityContextHolder to anonymous SecurityContext
2026-03-10T19:01:11.737+05:30 DEBUG 14700 --- [http-nio-8080-exec-1] o.s.security.web.FilterChainProxy        : Secured GET /uploads/media/1/generic/b4d921b3-8bb3-4a0b-98f8-1f874919ed8a.jpg
2026-03-10T19:01:11.739+05:30  WARN 14700 --- [http-nio-8080-exec-1] .m.m.a.ExceptionHandlerExceptionResolver : Resolved [org.springframework.web.servlet.resource.NoResourceFoundException: No static resource media/1/generic/b4d921b3-8bb3-4a0b-98f8-1f874919ed8a.jpg.]
2026-03-10T19:01:16.407+05:30 DEBUG 14700 --- [http-nio-8080-exec-4] o.s.security.web.FilterChainProxy        : Securing GET /api/search/trending
2026-03-10T19:01:16.408+05:30 DEBUG 14700 --- [http-nio-8080-exec-10] o.s.security.web.FilterChainProxy        : Securing GET /api/search/recent
2026-03-10T19:01:16.408+05:30 DEBUG 14700 --- [http-nio-8080-exec-7] o.s.security.web.FilterChainProxy        : Securing GET /api/users/suggested?page=0&size=5
2026-03-10T19:01:16.409+05:30 DEBUG 14700 --- [http-nio-8080-exec-4] o.r.r.service.CustomUserDetailsService   : Loading user by username or email: user1
2026-03-10T19:01:16.409+05:30 DEBUG 14700 --- [http-nio-8080-exec-7] o.r.r.service.CustomUserDetailsService   : Loading user by username or email: user1
2026-03-10T19:01:16.409+05:30 DEBUG 14700 --- [http-nio-8080-exec-10] o.r.r.service.CustomUserDetailsService   : Loading user by username or email: user1
2026-03-10T19:01:16.420+05:30 DEBUG 14700 --- [http-nio-8080-exec-6] o.s.security.web.FilterChainProxy        : Securing GET /api/users/me
2026-03-10T19:01:16.420+05:30 DEBUG 14700 --- [http-nio-8080-exec-6] o.r.r.service.CustomUserDetailsService   : Loading user by username or email: user1
2026-03-10T19:01:16.421+05:30 DEBUG 14700 --- [http-nio-8080-exec-10] o.s.security.web.FilterChainProxy        : Secured GET /api/search/recent
2026-03-10T19:01:16.421+05:30 DEBUG 14700 --- [http-nio-8080-exec-2] o.s.security.web.FilterChainProxy        : Securing GET /api/search/all?query=%23Dancer&limit=10
2026-03-10T19:01:16.421+05:30  INFO 14700 --- [http-nio-8080-exec-10] o.r.r.controller.SearchController        : Getting recent searches
2026-03-10T19:01:16.421+05:30 DEBUG 14700 --- [http-nio-8080-exec-2] o.r.r.service.CustomUserDetailsService   : Loading user by username or email: user1
2026-03-10T19:01:16.421+05:30 DEBUG 14700 --- [http-nio-8080-exec-8] o.s.security.web.FilterChainProxy        : Securing GET /api/messages/unread/count
2026-03-10T19:01:16.422+05:30 DEBUG 14700 --- [http-nio-8080-exec-7] o.s.security.web.FilterChainProxy        : Secured GET /api/users/suggested?page=0&size=5
2026-03-10T19:01:16.422+05:30 DEBUG 14700 --- [http-nio-8080-exec-8] o.r.r.service.CustomUserDetailsService   : Loading user by username or email: user1
2026-03-10T19:01:16.422+05:30  INFO 14700 --- [http-nio-8080-exec-7] o.r.r.controller.UserController          : Request to get suggested users - page: 0, size: 5
2026-03-10T19:01:16.422+05:30  INFO 14700 --- [http-nio-8080-exec-7] o.r.revconnect.service.UserService       : Getting suggested users for: user1
2026-03-10T19:01:16.422+05:30 DEBUG 14700 --- [http-nio-8080-exec-4] o.s.security.web.FilterChainProxy        : Secured GET /api/search/trending
2026-03-10T19:01:16.423+05:30  INFO 14700 --- [http-nio-8080-exec-4] o.r.r.controller.SearchController        : Getting trending searches
2026-03-10T19:01:16.423+05:30  INFO 14700 --- [http-nio-8080-exec-4] o.r.revconnect.service.HashtagService    : Fetching top 10 trending hashtags
2026-03-10T19:01:16.427+05:30 DEBUG 14700 --- [http-nio-8080-exec-6] o.s.security.web.FilterChainProxy        : Secured GET /api/users/me
2026-03-10T19:01:16.427+05:30 DEBUG 14700 --- [http-nio-8080-exec-2] o.s.security.web.FilterChainProxy        : Secured GET /api/search/all?query=%23Dancer&limit=10
2026-03-10T19:01:16.427+05:30  INFO 14700 --- [http-nio-8080-exec-6] o.r.r.controller.UserController          : Request to get current user profile
2026-03-10T19:01:16.427+05:30  INFO 14700 --- [http-nio-8080-exec-6] o.r.revconnect.service.UserService       : Fetching profile for user: user1
2026-03-10T19:01:16.427+05:30 DEBUG 14700 --- [http-nio-8080-exec-6] o.r.r.controller.UserController          : Profile retrieved for user: user1
2026-03-10T19:01:16.428+05:30 DEBUG 14700 --- [http-nio-8080-exec-8] o.s.security.web.FilterChainProxy        : Secured GET /api/messages/unread/count
2026-03-10T19:01:16.429+05:30  INFO 14700 --- [http-nio-8080-exec-8] o.r.r.controller.MessageController       : Getting unread message count
2026-03-10T19:01:16.432+05:30 DEBUG 14700 --- [http-nio-8080-exec-3] o.s.security.web.FilterChainProxy        : Securing GET /api/notifications/count
2026-03-10T19:01:16.432+05:30  INFO 14700 --- [http-nio-8080-exec-2] o.r.r.controller.SearchController        : Global search for: #Dancer
2026-03-10T19:01:16.433+05:30 DEBUG 14700 --- [http-nio-8080-exec-3] o.r.r.service.CustomUserDetailsService   : Loading user by username or email: user1
2026-03-10T19:01:16.437+05:30  INFO 14700 --- [http-nio-8080-exec-2] o.r.revconnect.service.SearchService     : Global search for: #Dancer
2026-03-10T19:01:16.437+05:30 DEBUG 14700 --- [http-nio-8080-exec-9] o.s.security.web.FilterChainProxy        : Securing GET /api/users/me
2026-03-10T19:01:16.438+05:30 DEBUG 14700 --- [http-nio-8080-exec-9] o.r.r.service.CustomUserDetailsService   : Loading user by username or email: user1
2026-03-10T19:01:16.445+05:30 DEBUG 14700 --- [http-nio-8080-exec-3] o.s.security.web.FilterChainProxy        : Secured GET /api/notifications/count
2026-03-10T19:01:16.446+05:30  INFO 14700 --- [http-nio-8080-exec-3] o.r.r.controller.NotificationController  : Get unread count request
2026-03-10T19:01:16.449+05:30 DEBUG 14700 --- [http-nio-8080-exec-9] o.s.security.web.FilterChainProxy        : Secured GET /api/users/me
2026-03-10T19:01:16.449+05:30  INFO 14700 --- [http-nio-8080-exec-3] o.r.r.service.NotificationService        : User user1 has 5 unread notifications
2026-03-10T19:01:16.449+05:30  INFO 14700 --- [http-nio-8080-exec-9] o.r.r.controller.UserController          : Request to get current user profile
2026-03-10T19:01:16.449+05:30  INFO 14700 --- [http-nio-8080-exec-9] o.r.revconnect.service.UserService       : Fetching profile for user: user1
2026-03-10T19:01:16.450+05:30 DEBUG 14700 --- [http-nio-8080-exec-9] o.r.r.controller.UserController          : Profile retrieved for user: user1
2026-03-10T19:01:16.459+05:30  INFO 14700 --- [http-nio-8080-exec-2] o.r.revconnect.service.HashtagService    : Searching hashtags with query: #Dancer
2026-03-10T19:01:16.462+05:30 DEBUG 14700 --- [http-nio-8080-exec-5] o.s.security.web.FilterChainProxy        : Securing GET /api/notifications/count
2026-03-10T19:01:16.463+05:30 DEBUG 14700 --- [http-nio-8080-exec-5] o.r.r.service.CustomUserDetailsService   : Loading user by username or email: user1
2026-03-10T19:01:16.466+05:30 DEBUG 14700 --- [http-nio-8080-exec-1] o.s.security.web.FilterChainProxy        : Securing GET /api/users/me
2026-03-10T19:01:16.468+05:30 DEBUG 14700 --- [http-nio-8080-exec-1] o.r.r.service.CustomUserDetailsService   : Loading user by username or email: user1
2026-03-10T19:01:16.472+05:30 DEBUG 14700 --- [http-nio-8080-exec-10] o.s.security.web.FilterChainProxy        : Securing GET /uploads/media/1/profile/399af8b4-7629-4b96-b1a0-e2779793a067.jpg
2026-03-10T19:01:16.472+05:30 DEBUG 14700 --- [http-nio-8080-exec-10] o.s.s.w.a.AnonymousAuthenticationFilter  : Set SecurityContextHolder to anonymous SecurityContext
2026-03-10T19:01:16.472+05:30 DEBUG 14700 --- [http-nio-8080-exec-10] o.s.security.web.FilterChainProxy        : Secured GET /uploads/media/1/profile/399af8b4-7629-4b96-b1a0-e2779793a067.jpg
2026-03-10T19:01:16.474+05:30 DEBUG 14700 --- [http-nio-8080-exec-4] o.s.security.web.FilterChainProxy        : Securing GET /uploads/media/21/profile/01be5b29-1b6b-4ccb-b5a6-d9bde54abf3d.jpg
2026-03-10T19:01:16.474+05:30 DEBUG 14700 --- [http-nio-8080-exec-5] o.s.security.web.FilterChainProxy        : Secured GET /api/notifications/count
2026-03-10T19:01:16.474+05:30 DEBUG 14700 --- [http-nio-8080-exec-6] o.s.security.web.FilterChainProxy        : Securing GET /uploads/media/18/profile/abe8efcf-d63a-462e-9b0c-9d9e69019b1c.jpg
2026-03-10T19:01:16.474+05:30 DEBUG 14700 --- [http-nio-8080-exec-4] o.s.s.w.a.AnonymousAuthenticationFilter  : Set SecurityContextHolder to anonymous SecurityContext
2026-03-10T19:01:16.475+05:30 DEBUG 14700 --- [http-nio-8080-exec-6] o.s.s.w.a.AnonymousAuthenticationFilter  : Set SecurityContextHolder to anonymous SecurityContext
2026-03-10T19:01:16.475+05:30 DEBUG 14700 --- [http-nio-8080-exec-4] o.s.security.web.FilterChainProxy        : Secured GET /uploads/media/21/profile/01be5b29-1b6b-4ccb-b5a6-d9bde54abf3d.jpg
2026-03-10T19:01:16.475+05:30 DEBUG 14700 --- [http-nio-8080-exec-6] o.s.security.web.FilterChainProxy        : Secured GET /uploads/media/18/profile/abe8efcf-d63a-462e-9b0c-9d9e69019b1c.jpg
2026-03-10T19:01:16.475+05:30  WARN 14700 --- [http-nio-8080-exec-10] .m.m.a.ExceptionHandlerExceptionResolver : Resolved [org.springframework.web.servlet.resource.NoResourceFoundException: No static resource media/1/profile/399af8b4-7629-4b96-b1a0-e2779793a067.jpg.]
2026-03-10T19:01:16.475+05:30  INFO 14700 --- [http-nio-8080-exec-5] o.r.r.controller.NotificationController  : Get unread count request
2026-03-10T19:01:16.477+05:30 DEBUG 14700 --- [http-nio-8080-exec-1] o.s.security.web.FilterChainProxy        : Secured GET /api/users/me
2026-03-10T19:01:16.478+05:30  WARN 14700 --- [http-nio-8080-exec-6] .m.m.a.ExceptionHandlerExceptionResolver : Resolved [org.springframework.web.servlet.resource.NoResourceFoundException: No static resource media/18/profile/abe8efcf-d63a-462e-9b0c-9d9e69019b1c.jpg.]
2026-03-10T19:01:16.478+05:30  INFO 14700 --- [http-nio-8080-exec-1] o.r.r.controller.UserController          : Request to get current user profile
2026-03-10T19:01:16.478+05:30  INFO 14700 --- [http-nio-8080-exec-1] o.r.revconnect.service.UserService       : Fetching profile for user: user1
2026-03-10T19:01:16.478+05:30 DEBUG 14700 --- [http-nio-8080-exec-1] o.r.r.controller.UserController          : Profile retrieved for user: user1
2026-03-10T19:01:16.479+05:30  INFO 14700 --- [http-nio-8080-exec-5] o.r.r.service.NotificationService        : User user1 has 5 unread notifications
2026-03-10T19:01:16.479+05:30  WARN 14700 --- [http-nio-8080-exec-4] .m.m.a.ExceptionHandlerExceptionResolver : Resolved [org.springframework.web.servlet.resource.NoResourceFoundException: No static resource media/21/profile/01be5b29-1b6b-4ccb-b5a6-d9bde54abf3d.jpg.]
2026-03-10T19:01:16.492+05:30 DEBUG 14700 --- [http-nio-8080-exec-8] o.s.security.web.FilterChainProxy        : Securing GET /uploads/media/1/profile/399af8b4-7629-4b96-b1a0-e2779793a067.jpg
2026-03-10T19:01:16.492+05:30 DEBUG 14700 --- [http-nio-8080-exec-8] o.s.s.w.a.AnonymousAuthenticationFilter  : Set SecurityContextHolder to anonymous SecurityContext
2026-03-10T19:01:16.492+05:30 DEBUG 14700 --- [http-nio-8080-exec-8] o.s.security.web.FilterChainProxy        : Secured GET /uploads/media/1/profile/399af8b4-7629-4b96-b1a0-e2779793a067.jpg
2026-03-10T19:01:16.494+05:30  WARN 14700 --- [http-nio-8080-exec-8] .m.m.a.ExceptionHandlerExceptionResolver : Resolved [org.springframework.web.servlet.resource.NoResourceFoundException: No static resource media/1/profile/399af8b4-7629-4b96-b1a0-e2779793a067.jpg.]
2026-03-10T19:01:16.495+05:30 DEBUG 14700 --- [http-nio-8080-exec-9] o.s.security.web.FilterChainProxy        : Securing GET /api/connections/pending/sent?page=0&size=50
2026-03-10T19:01:16.495+05:30 DEBUG 14700 --- [http-nio-8080-exec-9] o.r.r.service.CustomUserDetailsService   : Loading user by username or email: user1
2026-03-10T19:01:16.498+05:30 DEBUG 14700 --- [http-nio-8080-exec-3] o.s.security.web.FilterChainProxy        : Securing GET /uploads/media/1/generic/66efcb11-e753-40ca-8db2-72d7eb62ea46.jpg
2026-03-10T19:01:16.499+05:30 DEBUG 14700 --- [http-nio-8080-exec-3] o.s.s.w.a.AnonymousAuthenticationFilter  : Set SecurityContextHolder to anonymous SecurityContext
2026-03-10T19:01:16.499+05:30 DEBUG 14700 --- [http-nio-8080-exec-3] o.s.security.web.FilterChainProxy        : Secured GET /uploads/media/1/generic/66efcb11-e753-40ca-8db2-72d7eb62ea46.jpg
2026-03-10T19:01:16.500+05:30  WARN 14700 --- [http-nio-8080-exec-3] .m.m.a.ExceptionHandlerExceptionResolver : Resolved [org.springframework.web.servlet.resource.NoResourceFoundException: No static resource media/1/generic/66efcb11-e753-40ca-8db2-72d7eb62ea46.jpg.]
2026-03-10T19:01:16.501+05:30 DEBUG 14700 --- [http-nio-8080-exec-9] o.s.security.web.FilterChainProxy        : Secured GET /api/connections/pending/sent?page=0&size=50
2026-03-10T19:01:16.521+05:30 DEBUG 14700 --- [http-nio-8080-exec-7] o.s.security.web.FilterChainProxy        : Securing GET /api/users/1/following?page=0&size=100
2026-03-10T19:01:16.522+05:30 DEBUG 14700 --- [http-nio-8080-exec-7] o.r.r.service.CustomUserDetailsService   : Loading user by username or email: user1
2026-03-10T19:01:16.532+05:30 DEBUG 14700 --- [http-nio-8080-exec-7] o.s.security.web.FilterChainProxy        : Secured GET /api/users/1/following?page=0&size=100
2026-03-10T19:01:16.536+05:30  INFO 14700 --- [http-nio-8080-exec-7] o.r.r.controller.ConnectionController    : Get following request for user ID: 1
2026-03-10T19:01:16.537+05:30  INFO 14700 --- [http-nio-8080-exec-7] o.r.r.service.ConnectionService          : Fetching following for user ID: 1
2026-03-10T19:01:16.551+05:30  INFO 14700 --- [http-nio-8080-exec-7] o.r.r.service.ConnectionService          : Found 7 following for user 1
2026-03-10T19:01:19.565+05:30 DEBUG 14700 --- [http-nio-8080-exec-10] o.s.security.web.FilterChainProxy        : Securing GET /api/bookmarks?page=0&size=20
2026-03-10T19:01:19.567+05:30 DEBUG 14700 --- [http-nio-8080-exec-10] o.r.r.service.CustomUserDetailsService   : Loading user by username or email: user1
2026-03-10T19:01:19.578+05:30 DEBUG 14700 --- [http-nio-8080-exec-6] o.s.security.web.FilterChainProxy        : Securing GET /api/messages/unread/count
2026-03-10T19:01:19.579+05:30 DEBUG 14700 --- [http-nio-8080-exec-4] o.s.security.web.FilterChainProxy        : Securing GET /api/users/me
2026-03-10T19:01:19.579+05:30 DEBUG 14700 --- [http-nio-8080-exec-1] o.s.security.web.FilterChainProxy        : Securing GET /api/notifications/count
2026-03-10T19:01:19.579+05:30 DEBUG 14700 --- [http-nio-8080-exec-6] o.r.r.service.CustomUserDetailsService   : Loading user by username or email: user1
2026-03-10T19:01:19.581+05:30 DEBUG 14700 --- [http-nio-8080-exec-4] o.r.r.service.CustomUserDetailsService   : Loading user by username or email: user1
2026-03-10T19:01:19.580+05:30 DEBUG 14700 --- [http-nio-8080-exec-1] o.r.r.service.CustomUserDetailsService   : Loading user by username or email: user1
2026-03-10T19:01:19.586+05:30 DEBUG 14700 --- [http-nio-8080-exec-10] o.s.security.web.FilterChainProxy        : Secured GET /api/bookmarks?page=0&size=20
2026-03-10T19:01:19.588+05:30  INFO 14700 --- [http-nio-8080-exec-10] o.r.r.controller.BookmarkController      : Get bookmarks request - page: 0, size: 20
2026-03-10T19:01:19.596+05:30 DEBUG 14700 --- [http-nio-8080-exec-6] o.s.security.web.FilterChainProxy        : Secured GET /api/messages/unread/count
2026-03-10T19:01:19.596+05:30 DEBUG 14700 --- [http-nio-8080-exec-1] o.s.security.web.FilterChainProxy        : Secured GET /api/notifications/count
2026-03-10T19:01:19.597+05:30 DEBUG 14700 --- [http-nio-8080-exec-4] o.s.security.web.FilterChainProxy        : Secured GET /api/users/me
2026-03-10T19:01:19.597+05:30  INFO 14700 --- [http-nio-8080-exec-1] o.r.r.controller.NotificationController  : Get unread count request
2026-03-10T19:01:19.597+05:30  INFO 14700 --- [http-nio-8080-exec-6] o.r.r.controller.MessageController       : Getting unread message count
2026-03-10T19:01:19.598+05:30  INFO 14700 --- [http-nio-8080-exec-4] o.r.r.controller.UserController          : Request to get current user profile
2026-03-10T19:01:19.598+05:30  INFO 14700 --- [http-nio-8080-exec-4] o.r.revconnect.service.UserService       : Fetching profile for user: user1
2026-03-10T19:01:19.598+05:30 DEBUG 14700 --- [http-nio-8080-exec-4] o.r.r.controller.UserController          : Profile retrieved for user: user1
2026-03-10T19:01:19.603+05:30  INFO 14700 --- [http-nio-8080-exec-1] o.r.r.service.NotificationService        : User user1 has 5 unread notifications
2026-03-10T19:01:19.613+05:30 DEBUG 14700 --- [http-nio-8080-exec-5] o.s.security.web.FilterChainProxy        : Securing GET /api/users/me
2026-03-10T19:01:19.614+05:30 DEBUG 14700 --- [http-nio-8080-exec-5] o.r.r.service.CustomUserDetailsService   : Loading user by username or email: user1
2026-03-10T19:01:19.622+05:30 DEBUG 14700 --- [http-nio-8080-exec-2] o.s.security.web.FilterChainProxy        : Securing GET /api/notifications/count
2026-03-10T19:01:19.623+05:30 DEBUG 14700 --- [http-nio-8080-exec-8] o.s.security.web.FilterChainProxy        : Securing GET /uploads/media/1/profile/399af8b4-7629-4b96-b1a0-e2779793a067.jpg
2026-03-10T19:01:19.623+05:30 DEBUG 14700 --- [http-nio-8080-exec-2] o.r.r.service.CustomUserDetailsService   : Loading user by username or email: user1
2026-03-10T19:01:19.623+05:30 DEBUG 14700 --- [http-nio-8080-exec-8] o.s.s.w.a.AnonymousAuthenticationFilter  : Set SecurityContextHolder to anonymous SecurityContext
2026-03-10T19:01:19.623+05:30 DEBUG 14700 --- [http-nio-8080-exec-8] o.s.security.web.FilterChainProxy        : Secured GET /uploads/media/1/profile/399af8b4-7629-4b96-b1a0-e2779793a067.jpg
2026-03-10T19:01:19.625+05:30 DEBUG 14700 --- [http-nio-8080-exec-5] o.s.security.web.FilterChainProxy        : Secured GET /api/users/me
2026-03-10T19:01:19.627+05:30  INFO 14700 --- [http-nio-8080-exec-5] o.r.r.controller.UserController          : Request to get current user profile
2026-03-10T19:01:19.627+05:30  INFO 14700 --- [http-nio-8080-exec-5] o.r.revconnect.service.UserService       : Fetching profile for user: user1
2026-03-10T19:01:19.628+05:30 DEBUG 14700 --- [http-nio-8080-exec-5] o.r.r.controller.UserController          : Profile retrieved for user: user1
2026-03-10T19:01:19.630+05:30  WARN 14700 --- [http-nio-8080-exec-8] .m.m.a.ExceptionHandlerExceptionResolver : Resolved [org.springframework.web.servlet.resource.NoResourceFoundException: No static resource media/1/profile/399af8b4-7629-4b96-b1a0-e2779793a067.jpg.]
2026-03-10T19:01:19.639+05:30 DEBUG 14700 --- [http-nio-8080-exec-2] o.s.security.web.FilterChainProxy        : Secured GET /api/notifications/count
2026-03-10T19:01:19.640+05:30  INFO 14700 --- [http-nio-8080-exec-2] o.r.r.controller.NotificationController  : Get unread count request
2026-03-10T19:01:19.645+05:30  INFO 14700 --- [http-nio-8080-exec-2] o.r.r.service.NotificationService        : User user1 has 5 unread notifications
2026-03-10T19:01:19.650+05:30 DEBUG 14700 --- [http-nio-8080-exec-3] o.s.security.web.FilterChainProxy        : Securing GET /uploads/media/1/profile/399af8b4-7629-4b96-b1a0-e2779793a067.jpg
2026-03-10T19:01:19.650+05:30 DEBUG 14700 --- [http-nio-8080-exec-3] o.s.s.w.a.AnonymousAuthenticationFilter  : Set SecurityContextHolder to anonymous SecurityContext
2026-03-10T19:01:19.651+05:30 DEBUG 14700 --- [http-nio-8080-exec-3] o.s.security.web.FilterChainProxy        : Secured GET /uploads/media/1/profile/399af8b4-7629-4b96-b1a0-e2779793a067.jpg
2026-03-10T19:01:19.655+05:30  WARN 14700 --- [http-nio-8080-exec-3] .m.m.a.ExceptionHandlerExceptionResolver : Resolved [org.springframework.web.servlet.resource.NoResourceFoundException: No static resource media/1/profile/399af8b4-7629-4b96-b1a0-e2779793a067.jpg.]
2026-03-10T19:01:19.752+05:30 DEBUG 14700 --- [http-nio-8080-exec-9] o.s.security.web.FilterChainProxy        : Securing GET /uploads/media/1/generic/b4ba7ced-9876-4b70-a8d5-b6e7606b50ca.png
2026-03-10T19:01:19.753+05:30 DEBUG 14700 --- [http-nio-8080-exec-9] o.s.s.w.a.AnonymousAuthenticationFilter  : Set SecurityContextHolder to anonymous SecurityContext
2026-03-10T19:01:19.754+05:30 DEBUG 14700 --- [http-nio-8080-exec-9] o.s.security.web.FilterChainProxy        : Secured GET /uploads/media/1/generic/b4ba7ced-9876-4b70-a8d5-b6e7606b50ca.png
2026-03-10T19:01:19.778+05:30 DEBUG 14700 --- [http-nio-8080-exec-7] o.s.security.web.FilterChainProxy        : Securing GET /uploads/media/1/generic/fc8ea7db-88b4-4805-bd21-0b39c326bda3.jpg
2026-03-10T19:01:19.779+05:30 DEBUG 14700 --- [http-nio-8080-exec-4] o.s.security.web.FilterChainProxy        : Securing GET /uploads/media/1/profile/399af8b4-7629-4b96-b1a0-e2779793a067.jpg
2026-03-10T19:01:19.779+05:30 DEBUG 14700 --- [http-nio-8080-exec-1] o.s.security.web.FilterChainProxy        : Securing GET /uploads/media/1/generic/66efcb11-e753-40ca-8db2-72d7eb62ea46.jpg
2026-03-10T19:01:19.779+05:30 DEBUG 14700 --- [http-nio-8080-exec-4] o.s.s.w.a.AnonymousAuthenticationFilter  : Set SecurityContextHolder to anonymous SecurityContext
2026-03-10T19:01:19.779+05:30 DEBUG 14700 --- [http-nio-8080-exec-7] o.s.s.w.a.AnonymousAuthenticationFilter  : Set SecurityContextHolder to anonymous SecurityContext
2026-03-10T19:01:19.780+05:30 DEBUG 14700 --- [http-nio-8080-exec-4] o.s.security.web.FilterChainProxy        : Secured GET /uploads/media/1/profile/399af8b4-7629-4b96-b1a0-e2779793a067.jpg
2026-03-10T19:01:19.780+05:30 DEBUG 14700 --- [http-nio-8080-exec-7] o.s.security.web.FilterChainProxy        : Secured GET /uploads/media/1/generic/fc8ea7db-88b4-4805-bd21-0b39c326bda3.jpg
2026-03-10T19:01:19.780+05:30 DEBUG 14700 --- [http-nio-8080-exec-1] o.s.s.w.a.AnonymousAuthenticationFilter  : Set SecurityContextHolder to anonymous SecurityContext
2026-03-10T19:01:19.780+05:30 DEBUG 14700 --- [http-nio-8080-exec-6] o.s.security.web.FilterChainProxy        : Securing GET /uploads/media/1/generic/7fde1b47-8060-46da-9571-91aafb55d03d.jpg
2026-03-10T19:01:19.780+05:30 DEBUG 14700 --- [http-nio-8080-exec-1] o.s.security.web.FilterChainProxy        : Secured GET /uploads/media/1/generic/66efcb11-e753-40ca-8db2-72d7eb62ea46.jpg
2026-03-10T19:01:19.780+05:30 DEBUG 14700 --- [http-nio-8080-exec-5] o.s.security.web.FilterChainProxy        : Securing GET /uploads/media/4/profile/1a12ec78-6437-4714-a3b0-c9cbde62ccd7.jpg
2026-03-10T19:01:19.780+05:30 DEBUG 14700 --- [http-nio-8080-exec-6] o.s.s.w.a.AnonymousAuthenticationFilter  : Set SecurityContextHolder to anonymous SecurityContext
2026-03-10T19:01:19.783+05:30 DEBUG 14700 --- [http-nio-8080-exec-5] o.s.s.w.a.AnonymousAuthenticationFilter  : Set SecurityContextHolder to anonymous SecurityContext
2026-03-10T19:01:19.784+05:30 DEBUG 14700 --- [http-nio-8080-exec-6] o.s.security.web.FilterChainProxy        : Secured GET /uploads/media/1/generic/7fde1b47-8060-46da-9571-91aafb55d03d.jpg
2026-03-10T19:01:19.784+05:30 DEBUG 14700 --- [http-nio-8080-exec-5] o.s.security.web.FilterChainProxy        : Secured GET /uploads/media/4/profile/1a12ec78-6437-4714-a3b0-c9cbde62ccd7.jpg
2026-03-10T19:01:19.787+05:30  WARN 14700 --- [http-nio-8080-exec-4] .m.m.a.ExceptionHandlerExceptionResolver : Resolved [org.springframework.web.servlet.resource.NoResourceFoundException: No static resource media/1/profile/399af8b4-7629-4b96-b1a0-e2779793a067.jpg.]
2026-03-10T19:01:19.787+05:30  WARN 14700 --- [http-nio-8080-exec-1] .m.m.a.ExceptionHandlerExceptionResolver : Resolved [org.springframework.web.servlet.resource.NoResourceFoundException: No static resource media/1/generic/66efcb11-e753-40ca-8db2-72d7eb62ea46.jpg.]
2026-03-10T19:01:19.789+05:30  WARN 14700 --- [http-nio-8080-exec-7] .m.m.a.ExceptionHandlerExceptionResolver : Resolved [org.springframework.web.servlet.resource.NoResourceFoundException: No static resource media/1/generic/fc8ea7db-88b4-4805-bd21-0b39c326bda3.jpg.]
2026-03-10T19:01:19.791+05:30  WARN 14700 --- [http-nio-8080-exec-6] .m.m.a.ExceptionHandlerExceptionResolver : Resolved [org.springframework.web.servlet.resource.NoResourceFoundException: No static resource media/1/generic/7fde1b47-8060-46da-9571-91aafb55d03d.jpg.]
2026-03-10T19:01:19.791+05:30  WARN 14700 --- [http-nio-8080-exec-5] .m.m.a.ExceptionHandlerExceptionResolver : Resolved [org.springframework.web.servlet.resource.NoResourceFoundException: No static resource media/4/profile/1a12ec78-6437-4714-a3b0-c9cbde62ccd7.jpg.]
2026-03-10T19:01:19.801+05:30 DEBUG 14700 --- [http-nio-8080-exec-8] o.s.security.web.FilterChainProxy        : Securing GET /uploads/media/4/generic/42f1ff8b-f4c3-4d2c-80fb-cf0dc1be4f0a.jpg
2026-03-10T19:01:19.802+05:30 DEBUG 14700 --- [http-nio-8080-exec-8] o.s.s.w.a.AnonymousAuthenticationFilter  : Set SecurityContextHolder to anonymous SecurityContext
2026-03-10T19:01:19.802+05:30 DEBUG 14700 --- [http-nio-8080-exec-8] o.s.security.web.FilterChainProxy        : Secured GET /uploads/media/4/generic/42f1ff8b-f4c3-4d2c-80fb-cf0dc1be4f0a.jpg
2026-03-10T19:01:19.806+05:30  WARN 14700 --- [http-nio-8080-exec-8] .m.m.a.ExceptionHandlerExceptionResolver : Resolved [org.springframework.web.servlet.resource.NoResourceFoundException: No static resource media/4/generic/42f1ff8b-f4c3-4d2c-80fb-cf0dc1be4f0a.jpg.]
2026-03-10T19:01:19.825+05:30 DEBUG 14700 --- [http-nio-8080-exec-3] o.s.security.web.FilterChainProxy        : Securing GET /uploads/media/11/profile/a98ad951-1fa6-4b6c-84cf-fd97d589c8ea.jpg
2026-03-10T19:01:19.825+05:30 DEBUG 14700 --- [http-nio-8080-exec-2] o.s.security.web.FilterChainProxy        : Securing GET /uploads/media/1/generic/02bed9a0-6804-4f35-9ee4-f2ce3ac846f9.jpg
2026-03-10T19:01:19.825+05:30 DEBUG 14700 --- [http-nio-8080-exec-3] o.s.s.w.a.AnonymousAuthenticationFilter  : Set SecurityContextHolder to anonymous SecurityContext
2026-03-10T19:01:19.825+05:30 DEBUG 14700 --- [http-nio-8080-exec-10] o.s.security.web.FilterChainProxy        : Securing GET /uploads/media/11/generic/2b55566a-0eb2-430d-b653-a14d0939f00b.jpg
2026-03-10T19:01:19.826+05:30 DEBUG 14700 --- [http-nio-8080-exec-3] o.s.security.web.FilterChainProxy        : Secured GET /uploads/media/11/profile/a98ad951-1fa6-4b6c-84cf-fd97d589c8ea.jpg
2026-03-10T19:01:19.826+05:30 DEBUG 14700 --- [http-nio-8080-exec-10] o.s.s.w.a.AnonymousAuthenticationFilter  : Set SecurityContextHolder to anonymous SecurityContext
2026-03-10T19:01:19.826+05:30 DEBUG 14700 --- [http-nio-8080-exec-2] o.s.s.w.a.AnonymousAuthenticationFilter  : Set SecurityContextHolder to anonymous SecurityContext
2026-03-10T19:01:19.826+05:30 DEBUG 14700 --- [http-nio-8080-exec-10] o.s.security.web.FilterChainProxy        : Secured GET /uploads/media/11/generic/2b55566a-0eb2-430d-b653-a14d0939f00b.jpg
2026-03-10T19:01:19.826+05:30 DEBUG 14700 --- [http-nio-8080-exec-2] o.s.security.web.FilterChainProxy        : Secured GET /uploads/media/1/generic/02bed9a0-6804-4f35-9ee4-f2ce3ac846f9.jpg
2026-03-10T19:01:19.828+05:30 DEBUG 14700 --- [http-nio-8080-exec-9] o.s.security.web.FilterChainProxy        : Securing GET /uploads/media/1/generic/d9a14c8c-b998-4347-8868-3583028a04f0.jpg
2026-03-10T19:01:19.828+05:30 DEBUG 14700 --- [http-nio-8080-exec-4] o.s.security.web.FilterChainProxy        : Securing GET /uploads/media/1/generic/e0da4064-3a49-4827-a0c4-02999b8d0910.jpg
2026-03-10T19:01:19.828+05:30 DEBUG 14700 --- [http-nio-8080-exec-9] o.s.s.w.a.AnonymousAuthenticationFilter  : Set SecurityContextHolder to anonymous SecurityContext
2026-03-10T19:01:19.828+05:30 DEBUG 14700 --- [http-nio-8080-exec-4] o.s.s.w.a.AnonymousAuthenticationFilter  : Set SecurityContextHolder to anonymous SecurityContext
2026-03-10T19:01:19.828+05:30 DEBUG 14700 --- [http-nio-8080-exec-9] o.s.security.web.FilterChainProxy        : Secured GET /uploads/media/1/generic/d9a14c8c-b998-4347-8868-3583028a04f0.jpg
2026-03-10T19:01:19.828+05:30 DEBUG 14700 --- [http-nio-8080-exec-4] o.s.security.web.FilterChainProxy        : Secured GET /uploads/media/1/generic/e0da4064-3a49-4827-a0c4-02999b8d0910.jpg
2026-03-10T19:01:19.829+05:30  WARN 14700 --- [http-nio-8080-exec-10] .m.m.a.ExceptionHandlerExceptionResolver : Resolved [org.springframework.web.servlet.resource.NoResourceFoundException: No static resource media/11/generic/2b55566a-0eb2-430d-b653-a14d0939f00b.jpg.]
2026-03-10T19:01:19.829+05:30  WARN 14700 --- [http-nio-8080-exec-3] .m.m.a.ExceptionHandlerExceptionResolver : Resolved [org.springframework.web.servlet.resource.NoResourceFoundException: No static resource media/11/profile/a98ad951-1fa6-4b6c-84cf-fd97d589c8ea.jpg.]
2026-03-10T19:01:19.830+05:30  WARN 14700 --- [http-nio-8080-exec-2] .m.m.a.ExceptionHandlerExceptionResolver : Resolved [org.springframework.web.servlet.resource.NoResourceFoundException: No static resource media/1/generic/02bed9a0-6804-4f35-9ee4-f2ce3ac846f9.jpg.]
2026-03-10T19:01:19.833+05:30  WARN 14700 --- [http-nio-8080-exec-4] .m.m.a.ExceptionHandlerExceptionResolver : Resolved [org.springframework.web.servlet.resource.NoResourceFoundException: No static resource media/1/generic/e0da4064-3a49-4827-a0c4-02999b8d0910.jpg.]
2026-03-10T19:01:19.833+05:30  WARN 14700 --- [http-nio-8080-exec-9] .m.m.a.ExceptionHandlerExceptionResolver : Resolved [org.springframework.web.servlet.resource.NoResourceFoundException: No static resource media/1/generic/d9a14c8c-b998-4347-8868-3583028a04f0.jpg.]
2026-03-10T19:01:19.834+05:30 DEBUG 14700 --- [http-nio-8080-exec-1] o.s.security.web.FilterChainProxy        : Securing GET /uploads/media/1/generic/b4d921b3-8bb3-4a0b-98f8-1f874919ed8a.jpg
2026-03-10T19:01:19.835+05:30 DEBUG 14700 --- [http-nio-8080-exec-1] o.s.s.w.a.AnonymousAuthenticationFilter  : Set SecurityContextHolder to anonymous SecurityContext
2026-03-10T19:01:19.835+05:30 DEBUG 14700 --- [http-nio-8080-exec-1] o.s.security.web.FilterChainProxy        : Secured GET /uploads/media/1/generic/b4d921b3-8bb3-4a0b-98f8-1f874919ed8a.jpg
2026-03-10T19:01:19.837+05:30  WARN 14700 --- [http-nio-8080-exec-1] .m.m.a.ExceptionHandlerExceptionResolver : Resolved [org.springframework.web.servlet.resource.NoResourceFoundException: No static resource media/1/generic/b4d921b3-8bb3-4a0b-98f8-1f874919ed8a.jpg.]
2026-03-10T19:01:22.006+05:30 DEBUG 14700 --- [http-nio-8080-exec-7] o.s.security.web.FilterChainProxy        : Securing GET /api/users/suggested?page=0&size=5
2026-03-10T19:01:22.007+05:30 DEBUG 14700 --- [http-nio-8080-exec-6] o.s.security.web.FilterChainProxy        : Securing GET /api/users/me
2026-03-10T19:01:22.007+05:30 DEBUG 14700 --- [http-nio-8080-exec-5] o.s.security.web.FilterChainProxy        : Securing GET /api/messages/unread/count
2026-03-10T19:01:22.008+05:30 DEBUG 14700 --- [http-nio-8080-exec-8] o.s.security.web.FilterChainProxy        : Securing GET /api/notifications/count
2026-03-10T19:01:22.008+05:30 DEBUG 14700 --- [http-nio-8080-exec-7] o.r.r.service.CustomUserDetailsService   : Loading user by username or email: user1
2026-03-10T19:01:22.008+05:30 DEBUG 14700 --- [http-nio-8080-exec-6] o.r.r.service.CustomUserDetailsService   : Loading user by username or email: user1
2026-03-10T19:01:22.009+05:30 DEBUG 14700 --- [http-nio-8080-exec-5] o.r.r.service.CustomUserDetailsService   : Loading user by username or email: user1
2026-03-10T19:01:22.009+05:30 DEBUG 14700 --- [http-nio-8080-exec-8] o.r.r.service.CustomUserDetailsService   : Loading user by username or email: user1
2026-03-10T19:01:22.023+05:30 DEBUG 14700 --- [http-nio-8080-exec-7] o.s.security.web.FilterChainProxy        : Secured GET /api/users/suggested?page=0&size=5
2026-03-10T19:01:22.023+05:30 DEBUG 14700 --- [http-nio-8080-exec-6] o.s.security.web.FilterChainProxy        : Secured GET /api/users/me
2026-03-10T19:01:22.024+05:30 DEBUG 14700 --- [http-nio-8080-exec-5] o.s.security.web.FilterChainProxy        : Secured GET /api/messages/unread/count
2026-03-10T19:01:22.024+05:30 DEBUG 14700 --- [http-nio-8080-exec-8] o.s.security.web.FilterChainProxy        : Secured GET /api/notifications/count
2026-03-10T19:01:22.024+05:30  INFO 14700 --- [http-nio-8080-exec-6] o.r.r.controller.UserController          : Request to get current user profile
2026-03-10T19:01:22.024+05:30  INFO 14700 --- [http-nio-8080-exec-5] o.r.r.controller.MessageController       : Getting unread message count
2026-03-10T19:01:22.024+05:30  INFO 14700 --- [http-nio-8080-exec-6] o.r.revconnect.service.UserService       : Fetching profile for user: user1
2026-03-10T19:01:22.024+05:30  INFO 14700 --- [http-nio-8080-exec-8] o.r.r.controller.NotificationController  : Get unread count request
2026-03-10T19:01:22.025+05:30 DEBUG 14700 --- [http-nio-8080-exec-6] o.r.r.controller.UserController          : Profile retrieved for user: user1
2026-03-10T19:01:22.024+05:30  INFO 14700 --- [http-nio-8080-exec-7] o.r.r.controller.UserController          : Request to get suggested users - page: 0, size: 5
2026-03-10T19:01:22.025+05:30  INFO 14700 --- [http-nio-8080-exec-7] o.r.revconnect.service.UserService       : Getting suggested users for: user1
2026-03-10T19:01:22.030+05:30  INFO 14700 --- [http-nio-8080-exec-8] o.r.r.service.NotificationService        : User user1 has 5 unread notifications
2026-03-10T19:01:22.040+05:30 DEBUG 14700 --- [http-nio-8080-exec-3] o.s.security.web.FilterChainProxy        : Securing GET /api/users/me
2026-03-10T19:01:22.041+05:30 DEBUG 14700 --- [http-nio-8080-exec-3] o.r.r.service.CustomUserDetailsService   : Loading user by username or email: user1
2026-03-10T19:01:22.048+05:30 DEBUG 14700 --- [http-nio-8080-exec-10] o.s.security.web.FilterChainProxy        : Securing GET /api/notifications/count
2026-03-10T19:01:22.048+05:30 DEBUG 14700 --- [http-nio-8080-exec-2] o.s.security.web.FilterChainProxy        : Securing GET /api/posts/me?page=0&size=20
2026-03-10T19:01:22.049+05:30 DEBUG 14700 --- [http-nio-8080-exec-2] o.r.r.service.CustomUserDetailsService   : Loading user by username or email: user1
2026-03-10T19:01:22.049+05:30 DEBUG 14700 --- [http-nio-8080-exec-10] o.r.r.service.CustomUserDetailsService   : Loading user by username or email: user1
2026-03-10T19:01:22.050+05:30 DEBUG 14700 --- [http-nio-8080-exec-9] o.s.security.web.FilterChainProxy        : Securing GET /api/connections/pending?page=0&size=50
2026-03-10T19:01:22.050+05:30 DEBUG 14700 --- [http-nio-8080-exec-4] o.s.security.web.FilterChainProxy        : Securing GET /api/users/1/connection-stats
2026-03-10T19:01:22.051+05:30 DEBUG 14700 --- [http-nio-8080-exec-9] o.r.r.service.CustomUserDetailsService   : Loading user by username or email: user1
2026-03-10T19:01:22.051+05:30 DEBUG 14700 --- [http-nio-8080-exec-4] o.r.r.service.CustomUserDetailsService   : Loading user by username or email: user1
2026-03-10T19:01:22.051+05:30 DEBUG 14700 --- [http-nio-8080-exec-3] o.s.security.web.FilterChainProxy        : Secured GET /api/users/me
2026-03-10T19:01:22.052+05:30  INFO 14700 --- [http-nio-8080-exec-3] o.r.r.controller.UserController          : Request to get current user profile
2026-03-10T19:01:22.052+05:30  INFO 14700 --- [http-nio-8080-exec-3] o.r.revconnect.service.UserService       : Fetching profile for user: user1
2026-03-10T19:01:22.052+05:30 DEBUG 14700 --- [http-nio-8080-exec-3] o.r.r.controller.UserController          : Profile retrieved for user: user1
2026-03-10T19:01:22.057+05:30 DEBUG 14700 --- [http-nio-8080-exec-2] o.s.security.web.FilterChainProxy        : Secured GET /api/posts/me?page=0&size=20
2026-03-10T19:01:22.058+05:30  INFO 14700 --- [http-nio-8080-exec-2] o.r.r.controller.PostController          : Get my posts request - page: 0, size: 20
2026-03-10T19:01:22.058+05:30  INFO 14700 --- [http-nio-8080-exec-2] o.r.revconnect.service.PostService       : Fetching posts for user: user1
2026-03-10T19:01:22.058+05:30 DEBUG 14700 --- [http-nio-8080-exec-10] o.s.security.web.FilterChainProxy        : Secured GET /api/notifications/count
2026-03-10T19:01:22.058+05:30 DEBUG 14700 --- [http-nio-8080-exec-9] o.s.security.web.FilterChainProxy        : Secured GET /api/connections/pending?page=0&size=50
2026-03-10T19:01:22.059+05:30  INFO 14700 --- [http-nio-8080-exec-10] o.r.r.controller.NotificationController  : Get unread count request
2026-03-10T19:01:22.059+05:30  INFO 14700 --- [http-nio-8080-exec-9] o.r.r.controller.ConnectionController    : Get pending connection requests
2026-03-10T19:01:22.060+05:30 DEBUG 14700 --- [http-nio-8080-exec-4] o.s.security.web.FilterChainProxy        : Secured GET /api/users/1/connection-stats
2026-03-10T19:01:22.060+05:30  INFO 14700 --- [http-nio-8080-exec-9] o.r.r.service.ConnectionService          : Fetching pending requests for user: user1
2026-03-10T19:01:22.060+05:30 DEBUG 14700 --- [http-nio-8080-exec-1] o.s.security.web.FilterChainProxy        : Securing GET /uploads/media/1/cover/dae63040-0343-4fc7-9aec-6044ae2563cc.jpg
2026-03-10T19:01:22.061+05:30 DEBUG 14700 --- [http-nio-8080-exec-1] o.s.s.w.a.AnonymousAuthenticationFilter  : Set SecurityContextHolder to anonymous SecurityContext
2026-03-10T19:01:22.061+05:30  INFO 14700 --- [http-nio-8080-exec-4] o.r.r.controller.ConnectionController    : Get connection stats request for user ID: 1
2026-03-10T19:01:22.061+05:30 DEBUG 14700 --- [http-nio-8080-exec-1] o.s.security.web.FilterChainProxy        : Secured GET /uploads/media/1/cover/dae63040-0343-4fc7-9aec-6044ae2563cc.jpg
2026-03-10T19:01:22.061+05:30  INFO 14700 --- [http-nio-8080-exec-4] o.r.r.service.ConnectionService          : Fetching connection stats for user ID: 1
2026-03-10T19:01:22.062+05:30  INFO 14700 --- [http-nio-8080-exec-10] o.r.r.service.NotificationService        : User user1 has 5 unread notifications
2026-03-10T19:01:22.062+05:30  INFO 14700 --- [http-nio-8080-exec-9] o.r.r.service.ConnectionService          : Found 0 pending requests
2026-03-10T19:01:22.063+05:30  WARN 14700 --- [http-nio-8080-exec-1] .m.m.a.ExceptionHandlerExceptionResolver : Resolved [org.springframework.web.servlet.resource.NoResourceFoundException: No static resource media/1/cover/dae63040-0343-4fc7-9aec-6044ae2563cc.jpg.]
2026-03-10T19:01:22.070+05:30 DEBUG 14700 --- [http-nio-8080-exec-6] o.s.security.web.FilterChainProxy        : Securing GET /uploads/media/1/profile/399af8b4-7629-4b96-b1a0-e2779793a067.jpg
2026-03-10T19:01:22.070+05:30 DEBUG 14700 --- [http-nio-8080-exec-6] o.s.s.w.a.AnonymousAuthenticationFilter  : Set SecurityContextHolder to anonymous SecurityContext
2026-03-10T19:01:22.070+05:30 DEBUG 14700 --- [http-nio-8080-exec-6] o.s.security.web.FilterChainProxy        : Secured GET /uploads/media/1/profile/399af8b4-7629-4b96-b1a0-e2779793a067.jpg
2026-03-10T19:01:22.071+05:30 DEBUG 14700 --- [http-nio-8080-exec-8] o.s.security.web.FilterChainProxy        : Securing GET /api/users/me
2026-03-10T19:01:22.071+05:30 DEBUG 14700 --- [http-nio-8080-exec-8] o.r.r.service.CustomUserDetailsService   : Loading user by username or email: user1
2026-03-10T19:01:22.072+05:30  WARN 14700 --- [http-nio-8080-exec-6] .m.m.a.ExceptionHandlerExceptionResolver : Resolved [org.springframework.web.servlet.resource.NoResourceFoundException: No static resource media/1/profile/399af8b4-7629-4b96-b1a0-e2779793a067.jpg.]
2026-03-10T19:01:22.076+05:30 DEBUG 14700 --- [http-nio-8080-exec-8] o.s.security.web.FilterChainProxy        : Secured GET /api/users/me
2026-03-10T19:01:22.077+05:30  INFO 14700 --- [http-nio-8080-exec-8] o.r.r.controller.UserController          : Request to get current user profile
2026-03-10T19:01:22.077+05:30  INFO 14700 --- [http-nio-8080-exec-8] o.r.revconnect.service.UserService       : Fetching profile for user: user1
2026-03-10T19:01:22.077+05:30 DEBUG 14700 --- [http-nio-8080-exec-8] o.r.r.controller.UserController          : Profile retrieved for user: user1
2026-03-10T19:01:22.081+05:30  INFO 14700 --- [http-nio-8080-exec-4] o.r.r.service.ConnectionService          : User 1 has 3 followers and 7 following
2026-03-10T19:01:22.090+05:30 DEBUG 14700 --- [http-nio-8080-exec-5] o.s.security.web.FilterChainProxy        : Securing GET /uploads/media/1/profile/399af8b4-7629-4b96-b1a0-e2779793a067.jpg
2026-03-10T19:01:22.090+05:30 DEBUG 14700 --- [http-nio-8080-exec-5] o.s.s.w.a.AnonymousAuthenticationFilter  : Set SecurityContextHolder to anonymous SecurityContext
2026-03-10T19:01:22.090+05:30 DEBUG 14700 --- [http-nio-8080-exec-5] o.s.security.web.FilterChainProxy        : Secured GET /uploads/media/1/profile/399af8b4-7629-4b96-b1a0-e2779793a067.jpg
2026-03-10T19:01:22.090+05:30 DEBUG 14700 --- [http-nio-8080-exec-3] o.s.security.web.FilterChainProxy        : Securing GET /api/connections/pending/sent?page=0&size=50
2026-03-10T19:01:22.091+05:30 DEBUG 14700 --- [http-nio-8080-exec-3] o.r.r.service.CustomUserDetailsService   : Loading user by username or email: user1
2026-03-10T19:01:22.091+05:30  WARN 14700 --- [http-nio-8080-exec-5] .m.m.a.ExceptionHandlerExceptionResolver : Resolved [org.springframework.web.servlet.resource.NoResourceFoundException: No static resource media/1/profile/399af8b4-7629-4b96-b1a0-e2779793a067.jpg.]
2026-03-10T19:01:22.097+05:30 DEBUG 14700 --- [http-nio-8080-exec-3] o.s.security.web.FilterChainProxy        : Secured GET /api/connections/pending/sent?page=0&size=50
2026-03-10T19:01:22.134+05:30 DEBUG 14700 --- [http-nio-8080-exec-7] o.s.security.web.FilterChainProxy        : Securing GET /uploads/media/1/generic/b4ba7ced-9876-4b70-a8d5-b6e7606b50ca.png
2026-03-10T19:01:22.135+05:30 DEBUG 14700 --- [http-nio-8080-exec-7] o.s.s.w.a.AnonymousAuthenticationFilter  : Set SecurityContextHolder to anonymous SecurityContext
2026-03-10T19:01:22.135+05:30 DEBUG 14700 --- [http-nio-8080-exec-7] o.s.security.web.FilterChainProxy        : Secured GET /uploads/media/1/generic/b4ba7ced-9876-4b70-a8d5-b6e7606b50ca.png
2026-03-10T19:01:22.153+05:30 DEBUG 14700 --- [http-nio-8080-exec-9] o.s.security.web.FilterChainProxy        : Securing GET /uploads/media/1/profile/399af8b4-7629-4b96-b1a0-e2779793a067.jpg
2026-03-10T19:01:22.154+05:30 DEBUG 14700 --- [http-nio-8080-exec-9] o.s.s.w.a.AnonymousAuthenticationFilter  : Set SecurityContextHolder to anonymous SecurityContext
2026-03-10T19:01:22.154+05:30 DEBUG 14700 --- [http-nio-8080-exec-10] o.s.security.web.FilterChainProxy        : Securing GET /uploads/media/1/generic/7fde1b47-8060-46da-9571-91aafb55d03d.jpg
2026-03-10T19:01:22.154+05:30 DEBUG 14700 --- [http-nio-8080-exec-1] o.s.security.web.FilterChainProxy        : Securing GET /uploads/media/1/generic/0566907f-e3e4-4d66-9b90-efebf8aa1a77.jpg
2026-03-10T19:01:22.154+05:30 DEBUG 14700 --- [http-nio-8080-exec-9] o.s.security.web.FilterChainProxy        : Secured GET /uploads/media/1/profile/399af8b4-7629-4b96-b1a0-e2779793a067.jpg
2026-03-10T19:01:22.155+05:30 DEBUG 14700 --- [http-nio-8080-exec-1] o.s.s.w.a.AnonymousAuthenticationFilter  : Set SecurityContextHolder to anonymous SecurityContext
2026-03-10T19:01:22.155+05:30 DEBUG 14700 --- [http-nio-8080-exec-10] o.s.s.w.a.AnonymousAuthenticationFilter  : Set SecurityContextHolder to anonymous SecurityContext
2026-03-10T19:01:22.156+05:30 DEBUG 14700 --- [http-nio-8080-exec-1] o.s.security.web.FilterChainProxy        : Secured GET /uploads/media/1/generic/0566907f-e3e4-4d66-9b90-efebf8aa1a77.jpg
2026-03-10T19:01:22.156+05:30 DEBUG 14700 --- [http-nio-8080-exec-10] o.s.security.web.FilterChainProxy        : Secured GET /uploads/media/1/generic/7fde1b47-8060-46da-9571-91aafb55d03d.jpg
2026-03-10T19:01:22.156+05:30 DEBUG 14700 --- [http-nio-8080-exec-6] o.s.security.web.FilterChainProxy        : Securing GET /uploads/media/1/generic/66efcb11-e753-40ca-8db2-72d7eb62ea46.jpg
2026-03-10T19:01:22.158+05:30 DEBUG 14700 --- [http-nio-8080-exec-6] o.s.s.w.a.AnonymousAuthenticationFilter  : Set SecurityContextHolder to anonymous SecurityContext
2026-03-10T19:01:22.159+05:30 DEBUG 14700 --- [http-nio-8080-exec-6] o.s.security.web.FilterChainProxy        : Secured GET /uploads/media/1/generic/66efcb11-e753-40ca-8db2-72d7eb62ea46.jpg
2026-03-10T19:01:22.160+05:30  WARN 14700 --- [http-nio-8080-exec-9] .m.m.a.ExceptionHandlerExceptionResolver : Resolved [org.springframework.web.servlet.resource.NoResourceFoundException: No static resource media/1/profile/399af8b4-7629-4b96-b1a0-e2779793a067.jpg.]
2026-03-10T19:01:22.162+05:30  WARN 14700 --- [http-nio-8080-exec-10] .m.m.a.ExceptionHandlerExceptionResolver : Resolved [org.springframework.web.servlet.resource.NoResourceFoundException: No static resource media/1/generic/7fde1b47-8060-46da-9571-91aafb55d03d.jpg.]
2026-03-10T19:01:22.162+05:30  WARN 14700 --- [http-nio-8080-exec-1] .m.m.a.ExceptionHandlerExceptionResolver : Resolved [org.springframework.web.servlet.resource.NoResourceFoundException: No static resource media/1/generic/0566907f-e3e4-4d66-9b90-efebf8aa1a77.jpg.]
2026-03-10T19:01:22.164+05:30  WARN 14700 --- [http-nio-8080-exec-6] .m.m.a.ExceptionHandlerExceptionResolver : Resolved [org.springframework.web.servlet.resource.NoResourceFoundException: No static resource media/1/generic/66efcb11-e753-40ca-8db2-72d7eb62ea46.jpg.]
2026-03-10T19:01:22.167+05:30 DEBUG 14700 --- [http-nio-8080-exec-8] o.s.security.web.FilterChainProxy        : Securing GET /uploads/media/1/generic/02bed9a0-6804-4f35-9ee4-f2ce3ac846f9.jpg
2026-03-10T19:01:22.169+05:30 DEBUG 14700 --- [http-nio-8080-exec-8] o.s.s.w.a.AnonymousAuthenticationFilter  : Set SecurityContextHolder to anonymous SecurityContext
2026-03-10T19:01:22.169+05:30 DEBUG 14700 --- [http-nio-8080-exec-4] o.s.security.web.FilterChainProxy        : Securing GET /uploads/media/1/generic/fc8ea7db-88b4-4805-bd21-0b39c326bda3.jpg
2026-03-10T19:01:22.170+05:30 DEBUG 14700 --- [http-nio-8080-exec-8] o.s.security.web.FilterChainProxy        : Secured GET /uploads/media/1/generic/02bed9a0-6804-4f35-9ee4-f2ce3ac846f9.jpg
2026-03-10T19:01:22.170+05:30 DEBUG 14700 --- [http-nio-8080-exec-4] o.s.s.w.a.AnonymousAuthenticationFilter  : Set SecurityContextHolder to anonymous SecurityContext
2026-03-10T19:01:22.171+05:30 DEBUG 14700 --- [http-nio-8080-exec-4] o.s.security.web.FilterChainProxy        : Secured GET /uploads/media/1/generic/fc8ea7db-88b4-4805-bd21-0b39c326bda3.jpg
2026-03-10T19:01:22.178+05:30  WARN 14700 --- [http-nio-8080-exec-8] .m.m.a.ExceptionHandlerExceptionResolver : Resolved [org.springframework.web.servlet.resource.NoResourceFoundException: No static resource media/1/generic/02bed9a0-6804-4f35-9ee4-f2ce3ac846f9.jpg.]
2026-03-10T19:01:22.179+05:30  WARN 14700 --- [http-nio-8080-exec-4] .m.m.a.ExceptionHandlerExceptionResolver : Resolved [org.springframework.web.servlet.resource.NoResourceFoundException: No static resource media/1/generic/fc8ea7db-88b4-4805-bd21-0b39c326bda3.jpg.]
2026-03-10T19:01:22.213+05:30 DEBUG 14700 --- [http-nio-8080-exec-5] o.s.security.web.FilterChainProxy        : Securing GET /uploads/media/1/generic/d9a14c8c-b998-4347-8868-3583028a04f0.jpg
2026-03-10T19:01:22.213+05:30 DEBUG 14700 --- [http-nio-8080-exec-3] o.s.security.web.FilterChainProxy        : Securing GET /uploads/media/1/generic/e0da4064-3a49-4827-a0c4-02999b8d0910.jpg
2026-03-10T19:01:22.213+05:30 DEBUG 14700 --- [http-nio-8080-exec-2] o.s.security.web.FilterChainProxy        : Securing GET /uploads/media/1/generic/4e5bc1e6-fa89-4c03-a633-2e99898218e5.jpg
2026-03-10T19:01:22.213+05:30 DEBUG 14700 --- [http-nio-8080-exec-5] o.s.s.w.a.AnonymousAuthenticationFilter  : Set SecurityContextHolder to anonymous SecurityContext
2026-03-10T19:01:22.214+05:30 DEBUG 14700 --- [http-nio-8080-exec-3] o.s.s.w.a.AnonymousAuthenticationFilter  : Set SecurityContextHolder to anonymous SecurityContext
2026-03-10T19:01:22.214+05:30 DEBUG 14700 --- [http-nio-8080-exec-5] o.s.security.web.FilterChainProxy        : Secured GET /uploads/media/1/generic/d9a14c8c-b998-4347-8868-3583028a04f0.jpg
2026-03-10T19:01:22.214+05:30 DEBUG 14700 --- [http-nio-8080-exec-3] o.s.security.web.FilterChainProxy        : Secured GET /uploads/media/1/generic/e0da4064-3a49-4827-a0c4-02999b8d0910.jpg
2026-03-10T19:01:22.214+05:30 DEBUG 14700 --- [http-nio-8080-exec-2] o.s.s.w.a.AnonymousAuthenticationFilter  : Set SecurityContextHolder to anonymous SecurityContext
2026-03-10T19:01:22.215+05:30 DEBUG 14700 --- [http-nio-8080-exec-2] o.s.security.web.FilterChainProxy        : Secured GET /uploads/media/1/generic/4e5bc1e6-fa89-4c03-a633-2e99898218e5.jpg
2026-03-10T19:01:22.215+05:30 DEBUG 14700 --- [http-nio-8080-exec-7] o.s.security.web.FilterChainProxy        : Securing GET /uploads/media/1/generic/b4d921b3-8bb3-4a0b-98f8-1f874919ed8a.jpg
2026-03-10T19:01:22.216+05:30 DEBUG 14700 --- [http-nio-8080-exec-7] o.s.s.w.a.AnonymousAuthenticationFilter  : Set SecurityContextHolder to anonymous SecurityContext
2026-03-10T19:01:22.216+05:30 DEBUG 14700 --- [http-nio-8080-exec-9] o.s.security.web.FilterChainProxy        : Securing GET /uploads/media/1/video/99f88e69-e838-4464-8561-a62b7544a441.mp4
2026-03-10T19:01:22.217+05:30 DEBUG 14700 --- [http-nio-8080-exec-7] o.s.security.web.FilterChainProxy        : Secured GET /uploads/media/1/generic/b4d921b3-8bb3-4a0b-98f8-1f874919ed8a.jpg
2026-03-10T19:01:22.217+05:30 DEBUG 14700 --- [http-nio-8080-exec-9] o.s.s.w.a.AnonymousAuthenticationFilter  : Set SecurityContextHolder to anonymous SecurityContext
2026-03-10T19:01:22.217+05:30 DEBUG 14700 --- [http-nio-8080-exec-9] o.s.security.web.FilterChainProxy        : Secured GET /uploads/media/1/video/99f88e69-e838-4464-8561-a62b7544a441.mp4
2026-03-10T19:01:22.218+05:30 DEBUG 14700 --- [http-nio-8080-exec-1] o.s.security.web.FilterChainProxy        : Securing GET /uploads/media/1/video/d2d16f28-c872-4cb7-8293-64a93bd8e7b1.mp4
2026-03-10T19:01:22.218+05:30 DEBUG 14700 --- [http-nio-8080-exec-1] o.s.s.w.a.AnonymousAuthenticationFilter  : Set SecurityContextHolder to anonymous SecurityContext
2026-03-10T19:01:22.219+05:30  WARN 14700 --- [http-nio-8080-exec-5] .m.m.a.ExceptionHandlerExceptionResolver : Resolved [org.springframework.web.servlet.resource.NoResourceFoundException: No static resource media/1/generic/d9a14c8c-b998-4347-8868-3583028a04f0.jpg.]
2026-03-10T19:01:22.219+05:30  WARN 14700 --- [http-nio-8080-exec-3] .m.m.a.ExceptionHandlerExceptionResolver : Resolved [org.springframework.web.servlet.resource.NoResourceFoundException: No static resource media/1/generic/e0da4064-3a49-4827-a0c4-02999b8d0910.jpg.]
2026-03-10T19:01:22.219+05:30 DEBUG 14700 --- [http-nio-8080-exec-1] o.s.security.web.FilterChainProxy        : Secured GET /uploads/media/1/video/d2d16f28-c872-4cb7-8293-64a93bd8e7b1.mp4
2026-03-10T19:01:22.224+05:30  WARN 14700 --- [http-nio-8080-exec-7] .m.m.a.ExceptionHandlerExceptionResolver : Resolved [org.springframework.web.servlet.resource.NoResourceFoundException: No static resource media/1/generic/b4d921b3-8bb3-4a0b-98f8-1f874919ed8a.jpg.]
2026-03-10T19:01:22.224+05:30  WARN 14700 --- [http-nio-8080-exec-2] .m.m.a.ExceptionHandlerExceptionResolver : Resolved [org.springframework.web.servlet.resource.NoResourceFoundException: No static resource media/1/generic/4e5bc1e6-fa89-4c03-a633-2e99898218e5.jpg.]
2026-03-10T19:01:22.224+05:30  WARN 14700 --- [http-nio-8080-exec-9] .m.m.a.ExceptionHandlerExceptionResolver : Resolved [org.springframework.web.servlet.resource.NoResourceFoundException: No static resource media/1/video/99f88e69-e838-4464-8561-a62b7544a441.mp4.]
2026-03-10T19:01:22.227+05:30  WARN 14700 --- [http-nio-8080-exec-1] .m.m.a.ExceptionHandlerExceptionResolver : Resolved [org.springframework.web.servlet.resource.NoResourceFoundException: No static resource media/1/video/d2d16f28-c872-4cb7-8293-64a93bd8e7b1.mp4.]
2026-03-10T19:01:24.358+05:30 DEBUG 14700 --- [http-nio-8080-exec-6] o.s.security.web.FilterChainProxy        : Securing GET /api/messages/unread/count
2026-03-10T19:01:24.358+05:30 DEBUG 14700 --- [http-nio-8080-exec-10] o.s.security.web.FilterChainProxy        : Securing GET /api/users/me
2026-03-10T19:01:24.359+05:30 DEBUG 14700 --- [http-nio-8080-exec-6] o.r.r.service.CustomUserDetailsService   : Loading user by username or email: user1
2026-03-10T19:01:24.359+05:30 DEBUG 14700 --- [http-nio-8080-exec-10] o.r.r.service.CustomUserDetailsService   : Loading user by username or email: user1
2026-03-10T19:01:24.360+05:30 DEBUG 14700 --- [http-nio-8080-exec-8] o.s.security.web.FilterChainProxy        : Securing GET /api/notifications/count
2026-03-10T19:01:24.363+05:30 DEBUG 14700 --- [http-nio-8080-exec-8] o.r.r.service.CustomUserDetailsService   : Loading user by username or email: user1
2026-03-10T19:01:24.365+05:30 DEBUG 14700 --- [http-nio-8080-exec-4] o.s.security.web.FilterChainProxy        : Securing GET /api/stories/feed
2026-03-10T19:01:24.368+05:30 DEBUG 14700 --- [http-nio-8080-exec-4] o.r.r.service.CustomUserDetailsService   : Loading user by username or email: user1
2026-03-10T19:01:24.376+05:30 DEBUG 14700 --- [http-nio-8080-exec-6] o.s.security.web.FilterChainProxy        : Secured GET /api/messages/unread/count
2026-03-10T19:01:24.376+05:30 DEBUG 14700 --- [http-nio-8080-exec-10] o.s.security.web.FilterChainProxy        : Secured GET /api/users/me
2026-03-10T19:01:24.377+05:30  INFO 14700 --- [http-nio-8080-exec-6] o.r.r.controller.MessageController       : Getting unread message count
2026-03-10T19:01:24.377+05:30  INFO 14700 --- [http-nio-8080-exec-10] o.r.r.controller.UserController          : Request to get current user profile
2026-03-10T19:01:24.377+05:30  INFO 14700 --- [http-nio-8080-exec-10] o.r.revconnect.service.UserService       : Fetching profile for user: user1
2026-03-10T19:01:24.377+05:30 DEBUG 14700 --- [http-nio-8080-exec-10] o.r.r.controller.UserController          : Profile retrieved for user: user1
2026-03-10T19:01:24.379+05:30 DEBUG 14700 --- [http-nio-8080-exec-8] o.s.security.web.FilterChainProxy        : Secured GET /api/notifications/count
2026-03-10T19:01:24.380+05:30  INFO 14700 --- [http-nio-8080-exec-8] o.r.r.controller.NotificationController  : Get unread count request
2026-03-10T19:01:24.383+05:30 DEBUG 14700 --- [http-nio-8080-exec-4] o.s.security.web.FilterChainProxy        : Secured GET /api/stories/feed
2026-03-10T19:01:24.385+05:30  INFO 14700 --- [http-nio-8080-exec-4] o.r.r.controller.StoryController         : Getting stories feed
2026-03-10T19:01:24.386+05:30  INFO 14700 --- [http-nio-8080-exec-8] o.r.r.service.NotificationService        : User user1 has 5 unread notifications
2026-03-10T19:01:24.397+05:30 DEBUG 14700 --- [http-nio-8080-exec-3] o.s.security.web.FilterChainProxy        : Securing GET /api/users/me
2026-03-10T19:01:24.398+05:30 DEBUG 14700 --- [http-nio-8080-exec-3] o.r.r.service.CustomUserDetailsService   : Loading user by username or email: user1
2026-03-10T19:01:24.405+05:30 DEBUG 14700 --- [http-nio-8080-exec-5] o.s.security.web.FilterChainProxy        : Securing GET /api/search/trending
2026-03-10T19:01:24.406+05:30 DEBUG 14700 --- [http-nio-8080-exec-2] o.s.security.web.FilterChainProxy        : Securing GET /api/posts/feed/personalized?page=0&size=10
2026-03-10T19:01:24.406+05:30 DEBUG 14700 --- [http-nio-8080-exec-7] o.s.security.web.FilterChainProxy        : Securing GET /api/notifications/count
2026-03-10T19:01:24.407+05:30 DEBUG 14700 --- [http-nio-8080-exec-5] o.r.r.service.CustomUserDetailsService   : Loading user by username or email: user1
2026-03-10T19:01:24.407+05:30 DEBUG 14700 --- [http-nio-8080-exec-7] o.r.r.service.CustomUserDetailsService   : Loading user by username or email: user1
2026-03-10T19:01:24.407+05:30 DEBUG 14700 --- [http-nio-8080-exec-2] o.r.r.service.CustomUserDetailsService   : Loading user by username or email: user1
2026-03-10T19:01:24.409+05:30 DEBUG 14700 --- [http-nio-8080-exec-3] o.s.security.web.FilterChainProxy        : Secured GET /api/users/me
2026-03-10T19:01:24.410+05:30  INFO 14700 --- [http-nio-8080-exec-3] o.r.r.controller.UserController          : Request to get current user profile
2026-03-10T19:01:24.410+05:30  INFO 14700 --- [http-nio-8080-exec-3] o.r.revconnect.service.UserService       : Fetching profile for user: user1
2026-03-10T19:01:24.410+05:30 DEBUG 14700 --- [http-nio-8080-exec-3] o.r.r.controller.UserController          : Profile retrieved for user: user1
2026-03-10T19:01:24.426+05:30 DEBUG 14700 --- [http-nio-8080-exec-7] o.s.security.web.FilterChainProxy        : Secured GET /api/notifications/count
2026-03-10T19:01:24.426+05:30 DEBUG 14700 --- [http-nio-8080-exec-2] o.s.security.web.FilterChainProxy        : Secured GET /api/posts/feed/personalized?page=0&size=10
2026-03-10T19:01:24.427+05:30  INFO 14700 --- [http-nio-8080-exec-7] o.r.r.controller.NotificationController  : Get unread count request
2026-03-10T19:01:24.428+05:30 DEBUG 14700 --- [http-nio-8080-exec-5] o.s.security.web.FilterChainProxy        : Secured GET /api/search/trending
2026-03-10T19:01:24.428+05:30  INFO 14700 --- [http-nio-8080-exec-2] o.r.r.controller.PostController          : Get personalized feed request - page: 0, size: 10
2026-03-10T19:01:24.429+05:30 DEBUG 14700 --- [http-nio-8080-exec-9] o.s.security.web.FilterChainProxy        : Securing GET /api/users/me
2026-03-10T19:01:24.429+05:30  INFO 14700 --- [http-nio-8080-exec-5] o.r.r.controller.SearchController        : Getting trending searches
2026-03-10T19:01:24.430+05:30  INFO 14700 --- [http-nio-8080-exec-5] o.r.revconnect.service.HashtagService    : Fetching top 10 trending hashtags
2026-03-10T19:01:24.430+05:30 DEBUG 14700 --- [http-nio-8080-exec-9] o.r.r.service.CustomUserDetailsService   : Loading user by username or email: user1
2026-03-10T19:01:24.433+05:30  INFO 14700 --- [http-nio-8080-exec-7] o.r.r.service.NotificationService        : User user1 has 5 unread notifications
2026-03-10T19:01:24.446+05:30 DEBUG 14700 --- [http-nio-8080-exec-9] o.s.security.web.FilterChainProxy        : Secured GET /api/users/me
2026-03-10T19:01:24.447+05:30  INFO 14700 --- [http-nio-8080-exec-9] o.r.r.controller.UserController          : Request to get current user profile
2026-03-10T19:01:24.448+05:30  INFO 14700 --- [http-nio-8080-exec-9] o.r.revconnect.service.UserService       : Fetching profile for user: user1
2026-03-10T19:01:24.448+05:30 DEBUG 14700 --- [http-nio-8080-exec-9] o.r.r.controller.UserController          : Profile retrieved for user: user1
2026-03-10T19:01:24.457+05:30 DEBUG 14700 --- [http-nio-8080-exec-1] o.s.security.web.FilterChainProxy        : Securing GET /uploads/media/1/profile/399af8b4-7629-4b96-b1a0-e2779793a067.jpg
2026-03-10T19:01:24.459+05:30 DEBUG 14700 --- [http-nio-8080-exec-1] o.s.s.w.a.AnonymousAuthenticationFilter  : Set SecurityContextHolder to anonymous SecurityContext
2026-03-10T19:01:24.460+05:30 DEBUG 14700 --- [http-nio-8080-exec-1] o.s.security.web.FilterChainProxy        : Secured GET /uploads/media/1/profile/399af8b4-7629-4b96-b1a0-e2779793a067.jpg
2026-03-10T19:01:24.463+05:30  INFO 14700 --- [http-nio-8080-exec-4] o.r.revconnect.service.StoryService      : Fetching stories feed for 7 users
2026-03-10T19:01:24.464+05:30  WARN 14700 --- [http-nio-8080-exec-1] .m.m.a.ExceptionHandlerExceptionResolver : Resolved [org.springframework.web.servlet.resource.NoResourceFoundException: No static resource media/1/profile/399af8b4-7629-4b96-b1a0-e2779793a067.jpg.]
2026-03-10T19:01:24.470+05:30 DEBUG 14700 --- [http-nio-8080-exec-10] o.s.security.web.FilterChainProxy        : Securing GET /api/users/me
2026-03-10T19:01:24.472+05:30 DEBUG 14700 --- [http-nio-8080-exec-10] o.r.r.service.CustomUserDetailsService   : Loading user by username or email: user1
2026-03-10T19:01:24.483+05:30 DEBUG 14700 --- [http-nio-8080-exec-10] o.s.security.web.FilterChainProxy        : Secured GET /api/users/me
2026-03-10T19:01:24.483+05:30  INFO 14700 --- [http-nio-8080-exec-10] o.r.r.controller.UserController          : Request to get current user profile
2026-03-10T19:01:24.483+05:30  INFO 14700 --- [http-nio-8080-exec-10] o.r.revconnect.service.UserService       : Fetching profile for user: user1
2026-03-10T19:01:24.484+05:30 DEBUG 14700 --- [http-nio-8080-exec-10] o.r.r.controller.UserController          : Profile retrieved for user: user1
2026-03-10T19:01:24.484+05:30 DEBUG 14700 --- [http-nio-8080-exec-8] o.s.security.web.FilterChainProxy        : Securing GET /api/stories
2026-03-10T19:01:24.485+05:30 DEBUG 14700 --- [http-nio-8080-exec-8] o.r.r.service.CustomUserDetailsService   : Loading user by username or email: user1
2026-03-10T19:01:24.493+05:30 DEBUG 14700 --- [http-nio-8080-exec-8] o.s.security.web.FilterChainProxy        : Secured GET /api/stories
2026-03-10T19:01:24.494+05:30  INFO 14700 --- [http-nio-8080-exec-8] o.r.r.controller.StoryController         : Getting my stories
2026-03-10T19:01:24.494+05:30  INFO 14700 --- [http-nio-8080-exec-8] o.r.revconnect.service.StoryService      : Fetching active stories for user: user1
2026-03-10T19:01:24.509+05:30 DEBUG 14700 --- [http-nio-8080-exec-6] o.s.security.web.FilterChainProxy        : Securing GET /uploads/media/1/profile/399af8b4-7629-4b96-b1a0-e2779793a067.jpg
2026-03-10T19:01:24.509+05:30 DEBUG 14700 --- [http-nio-8080-exec-6] o.s.s.w.a.AnonymousAuthenticationFilter  : Set SecurityContextHolder to anonymous SecurityContext
2026-03-10T19:01:24.509+05:30 DEBUG 14700 --- [http-nio-8080-exec-6] o.s.security.web.FilterChainProxy        : Secured GET /uploads/media/1/profile/399af8b4-7629-4b96-b1a0-e2779793a067.jpg
2026-03-10T19:01:24.511+05:30  WARN 14700 --- [http-nio-8080-exec-6] .m.m.a.ExceptionHandlerExceptionResolver : Resolved [org.springframework.web.servlet.resource.NoResourceFoundException: No static resource media/1/profile/399af8b4-7629-4b96-b1a0-e2779793a067.jpg.]
2026-03-10T19:01:24.547+05:30 DEBUG 14700 --- [http-nio-8080-exec-3] o.s.security.web.FilterChainProxy        : Securing POST /api/business/posts/79/impression
2026-03-10T19:01:24.547+05:30 DEBUG 14700 --- [http-nio-8080-exec-7] o.s.security.web.FilterChainProxy        : Securing GET /api/posts/79/liked
2026-03-10T19:01:24.549+05:30 DEBUG 14700 --- [http-nio-8080-exec-7] o.r.r.service.CustomUserDetailsService   : Loading user by username or email: user1
2026-03-10T19:01:24.576+05:30 DEBUG 14700 --- [http-nio-8080-exec-3] o.r.r.service.CustomUserDetailsService   : Loading user by username or email: user1
2026-03-10T19:01:24.592+05:30 DEBUG 14700 --- [http-nio-8080-exec-1] o.s.security.web.FilterChainProxy        : Securing GET /api/posts/76/liked
2026-03-10T19:01:24.593+05:30 DEBUG 14700 --- [http-nio-8080-exec-5] o.s.security.web.FilterChainProxy        : Securing GET /api/bookmarks/posts/79/status
2026-03-10T19:01:24.599+05:30 DEBUG 14700 --- [http-nio-8080-exec-5] o.r.r.service.CustomUserDetailsService   : Loading user by username or email: user1
2026-03-10T19:01:24.620+05:30 DEBUG 14700 --- [http-nio-8080-exec-9] o.s.security.web.FilterChainProxy        : Securing POST /api/business/posts/79/view
2026-03-10T19:01:24.625+05:30 DEBUG 14700 --- [http-nio-8080-exec-9] o.r.r.service.CustomUserDetailsService   : Loading user by username or email: user1
2026-03-10T19:01:24.623+05:30 DEBUG 14700 --- [http-nio-8080-exec-4] o.s.security.web.FilterChainProxy        : Securing POST /api/business/posts/76/impression
2026-03-10T19:01:24.621+05:30 DEBUG 14700 --- [http-nio-8080-exec-1] o.r.r.service.CustomUserDetailsService   : Loading user by username or email: user1
2026-03-10T19:01:24.627+05:30 DEBUG 14700 --- [http-nio-8080-exec-4] o.r.r.service.CustomUserDetailsService   : Loading user by username or email: user1
2026-03-10T19:01:24.635+05:30 DEBUG 14700 --- [http-nio-8080-exec-3] o.s.security.web.FilterChainProxy        : Secured POST /api/business/posts/79/impression
2026-03-10T19:01:24.636+05:30 DEBUG 14700 --- [http-nio-8080-exec-5] o.s.security.web.FilterChainProxy        : Secured GET /api/bookmarks/posts/79/status
2026-03-10T19:01:24.662+05:30  INFO 14700 --- [http-nio-8080-exec-5] o.r.r.controller.BookmarkController      : Check bookmark status for post ID: 79
2026-03-10T19:01:24.664+05:30 DEBUG 14700 --- [http-nio-8080-exec-3] o.r.r.controller.BusinessController      : Recording impression for post: 79
2026-03-10T19:01:24.665+05:30 DEBUG 14700 --- [http-nio-8080-exec-3] o.r.revconnect.service.BusinessService   : Recording impression for post: 79
2026-03-10T19:01:24.668+05:30 DEBUG 14700 --- [http-nio-8080-exec-9] o.s.security.web.FilterChainProxy        : Secured POST /api/business/posts/79/view
2026-03-10T19:01:24.669+05:30 DEBUG 14700 --- [http-nio-8080-exec-1] o.s.security.web.FilterChainProxy        : Secured GET /api/posts/76/liked
2026-03-10T19:01:24.670+05:30 DEBUG 14700 --- [http-nio-8080-exec-9] o.r.r.controller.BusinessController      : Recording view for post: 79
2026-03-10T19:01:24.670+05:30 DEBUG 14700 --- [http-nio-8080-exec-4] o.s.security.web.FilterChainProxy        : Secured POST /api/business/posts/76/impression
2026-03-10T19:01:24.665+05:30 DEBUG 14700 --- [http-nio-8080-exec-7] o.s.security.web.FilterChainProxy        : Secured GET /api/posts/79/liked
2026-03-10T19:01:24.671+05:30 DEBUG 14700 --- [http-nio-8080-exec-4] o.r.r.controller.BusinessController      : Recording impression for post: 76
2026-03-10T19:01:24.670+05:30  INFO 14700 --- [http-nio-8080-exec-1] o.r.r.controller.InteractionController   : Check like status for post ID: 76
2026-03-10T19:01:24.673+05:30  INFO 14700 --- [http-nio-8080-exec-7] o.r.r.controller.InteractionController   : Check like status for post ID: 79
2026-03-10T19:01:24.675+05:30 DEBUG 14700 --- [http-nio-8080-exec-9] o.r.revconnect.service.BusinessService   : Recording view for post: 79
2026-03-10T19:01:24.676+05:30  WARN 14700 --- [http-nio-8080-exec-3] .m.m.a.ExceptionHandlerExceptionResolver : Resolved [org.springframework.dao.IncorrectResultSizeDataAccessException: Query did not return a unique result: 2 results were returned]
2026-03-10T19:01:24.676+05:30 DEBUG 14700 --- [http-nio-8080-exec-4] o.r.revconnect.service.BusinessService   : Recording impression for post: 76
2026-03-10T19:01:24.687+05:30  WARN 14700 --- [http-nio-8080-exec-9] .m.m.a.ExceptionHandlerExceptionResolver : Resolved [org.springframework.dao.IncorrectResultSizeDataAccessException: Query did not return a unique result: 2 results were returned]
2026-03-10T19:01:24.689+05:30  WARN 14700 --- [http-nio-8080-exec-4] .m.m.a.ExceptionHandlerExceptionResolver : Resolved [org.springframework.dao.IncorrectResultSizeDataAccessException: Query did not return a unique result: 2 results were returned]
2026-03-10T19:01:24.689+05:30 DEBUG 14700 --- [http-nio-8080-exec-10] o.s.security.web.FilterChainProxy        : Securing POST /api/business/posts/76/view
2026-03-10T19:01:24.690+05:30 DEBUG 14700 --- [http-nio-8080-exec-10] o.r.r.service.CustomUserDetailsService   : Loading user by username or email: user1
2026-03-10T19:01:24.691+05:30 DEBUG 14700 --- [http-nio-8080-exec-8] o.s.security.web.FilterChainProxy        : Securing GET /api/bookmarks/posts/76/status
2026-03-10T19:01:24.691+05:30 DEBUG 14700 --- [http-nio-8080-exec-8] o.r.r.service.CustomUserDetailsService   : Loading user by username or email: user1
2026-03-10T19:01:24.698+05:30 DEBUG 14700 --- [http-nio-8080-exec-10] o.s.security.web.FilterChainProxy        : Secured POST /api/business/posts/76/view
2026-03-10T19:01:24.699+05:30 DEBUG 14700 --- [http-nio-8080-exec-10] o.r.r.controller.BusinessController      : Recording view for post: 76
2026-03-10T19:01:24.699+05:30 DEBUG 14700 --- [http-nio-8080-exec-8] o.s.security.web.FilterChainProxy        : Secured GET /api/bookmarks/posts/76/status
2026-03-10T19:01:24.700+05:30 DEBUG 14700 --- [http-nio-8080-exec-10] o.r.revconnect.service.BusinessService   : Recording view for post: 76
2026-03-10T19:01:24.700+05:30  INFO 14700 --- [http-nio-8080-exec-8] o.r.r.controller.BookmarkController      : Check bookmark status for post ID: 76
2026-03-10T19:01:24.701+05:30 DEBUG 14700 --- [http-nio-8080-exec-2] o.s.security.web.FilterChainProxy        : Securing POST /api/business/posts/75/impression
2026-03-10T19:01:24.701+05:30 DEBUG 14700 --- [http-nio-8080-exec-6] o.s.security.web.FilterChainProxy        : Securing GET /api/posts/75/liked
2026-03-10T19:01:24.702+05:30 DEBUG 14700 --- [http-nio-8080-exec-2] o.r.r.service.CustomUserDetailsService   : Loading user by username or email: user1
2026-03-10T19:01:24.702+05:30 DEBUG 14700 --- [http-nio-8080-exec-6] o.r.r.service.CustomUserDetailsService   : Loading user by username or email: user1
2026-03-10T19:01:24.702+05:30 DEBUG 14700 --- [http-nio-8080-exec-1] o.s.security.web.FilterChainProxy        : Securing GET /api/bookmarks/posts/75/status
2026-03-10T19:01:24.703+05:30 DEBUG 14700 --- [http-nio-8080-exec-3] o.s.security.web.FilterChainProxy        : Securing POST /api/business/posts/75/view
2026-03-10T19:01:24.703+05:30 DEBUG 14700 --- [http-nio-8080-exec-1] o.r.r.service.CustomUserDetailsService   : Loading user by username or email: user1
2026-03-10T19:01:24.704+05:30 DEBUG 14700 --- [http-nio-8080-exec-3] o.r.r.service.CustomUserDetailsService   : Loading user by username or email: user1
2026-03-10T19:01:24.705+05:30  WARN 14700 --- [http-nio-8080-exec-10] .m.m.a.ExceptionHandlerExceptionResolver : Resolved [org.springframework.dao.IncorrectResultSizeDataAccessException: Query did not return a unique result: 2 results were returned]
2026-03-10T19:01:24.707+05:30 DEBUG 14700 --- [http-nio-8080-exec-2] o.s.security.web.FilterChainProxy        : Secured POST /api/business/posts/75/impression
2026-03-10T19:01:24.707+05:30 DEBUG 14700 --- [http-nio-8080-exec-6] o.s.security.web.FilterChainProxy        : Secured GET /api/posts/75/liked
2026-03-10T19:01:24.708+05:30 DEBUG 14700 --- [http-nio-8080-exec-2] o.r.r.controller.BusinessController      : Recording impression for post: 75
2026-03-10T19:01:24.708+05:30  INFO 14700 --- [http-nio-8080-exec-6] o.r.r.controller.InteractionController   : Check like status for post ID: 75
2026-03-10T19:01:24.709+05:30 DEBUG 14700 --- [http-nio-8080-exec-1] o.s.security.web.FilterChainProxy        : Secured GET /api/bookmarks/posts/75/status
2026-03-10T19:01:24.709+05:30 DEBUG 14700 --- [http-nio-8080-exec-2] o.r.revconnect.service.BusinessService   : Recording impression for post: 75
2026-03-10T19:01:24.709+05:30 DEBUG 14700 --- [http-nio-8080-exec-3] o.s.security.web.FilterChainProxy        : Secured POST /api/business/posts/75/view
2026-03-10T19:01:24.709+05:30  INFO 14700 --- [http-nio-8080-exec-1] o.r.r.controller.BookmarkController      : Check bookmark status for post ID: 75
2026-03-10T19:01:24.709+05:30 DEBUG 14700 --- [http-nio-8080-exec-3] o.r.r.controller.BusinessController      : Recording view for post: 75
2026-03-10T19:01:24.710+05:30 DEBUG 14700 --- [http-nio-8080-exec-3] o.r.revconnect.service.BusinessService   : Recording view for post: 75
2026-03-10T19:01:24.711+05:30 DEBUG 14700 --- [http-nio-8080-exec-7] o.s.security.web.FilterChainProxy        : Securing POST /api/business/posts/74/impression
2026-03-10T19:01:24.713+05:30 DEBUG 14700 --- [http-nio-8080-exec-7] o.r.r.service.CustomUserDetailsService   : Loading user by username or email: user1
2026-03-10T19:01:24.716+05:30  WARN 14700 --- [http-nio-8080-exec-2] .m.m.a.ExceptionHandlerExceptionResolver : Resolved [org.springframework.dao.IncorrectResultSizeDataAccessException: Query did not return a unique result: 2 results were returned]
2026-03-10T19:01:24.716+05:30  WARN 14700 --- [http-nio-8080-exec-3] .m.m.a.ExceptionHandlerExceptionResolver : Resolved [org.springframework.dao.IncorrectResultSizeDataAccessException: Query did not return a unique result: 2 results were returned]
2026-03-10T19:01:24.723+05:30 DEBUG 14700 --- [http-nio-8080-exec-7] o.s.security.web.FilterChainProxy        : Secured POST /api/business/posts/74/impression
2026-03-10T19:01:24.724+05:30 DEBUG 14700 --- [http-nio-8080-exec-7] o.r.r.controller.BusinessController      : Recording impression for post: 74
2026-03-10T19:01:24.724+05:30 DEBUG 14700 --- [http-nio-8080-exec-7] o.r.revconnect.service.BusinessService   : Recording impression for post: 74
2026-03-10T19:01:24.730+05:30 DEBUG 14700 --- [http-nio-8080-exec-5] o.s.security.web.FilterChainProxy        : Securing GET /api/posts/74/liked
2026-03-10T19:01:24.731+05:30 DEBUG 14700 --- [http-nio-8080-exec-9] o.s.security.web.FilterChainProxy        : Securing POST /api/business/posts/74/view
2026-03-10T19:01:24.731+05:30 DEBUG 14700 --- [http-nio-8080-exec-4] o.s.security.web.FilterChainProxy        : Securing GET /api/bookmarks/posts/74/status
2026-03-10T19:01:24.731+05:30 DEBUG 14700 --- [http-nio-8080-exec-5] o.r.r.service.CustomUserDetailsService   : Loading user by username or email: user1
2026-03-10T19:01:24.731+05:30 DEBUG 14700 --- [http-nio-8080-exec-9] o.r.r.service.CustomUserDetailsService   : Loading user by username or email: user1
2026-03-10T19:01:24.731+05:30 DEBUG 14700 --- [http-nio-8080-exec-10] o.s.security.web.FilterChainProxy        : Securing POST /api/business/posts/73/impression
2026-03-10T19:01:24.732+05:30 DEBUG 14700 --- [http-nio-8080-exec-4] o.r.r.service.CustomUserDetailsService   : Loading user by username or email: user1
2026-03-10T19:01:24.732+05:30 DEBUG 14700 --- [http-nio-8080-exec-10] o.r.r.service.CustomUserDetailsService   : Loading user by username or email: user1
2026-03-10T19:01:24.734+05:30 DEBUG 14700 --- [http-nio-8080-exec-2] o.s.security.web.FilterChainProxy        : Securing GET /api/posts/73/liked
2026-03-10T19:01:24.735+05:30 DEBUG 14700 --- [http-nio-8080-exec-2] o.r.r.service.CustomUserDetailsService   : Loading user by username or email: user1
2026-03-10T19:01:24.737+05:30 DEBUG 14700 --- [http-nio-8080-exec-5] o.s.security.web.FilterChainProxy        : Secured GET /api/posts/74/liked
2026-03-10T19:01:24.737+05:30 DEBUG 14700 --- [http-nio-8080-exec-4] o.s.security.web.FilterChainProxy        : Secured GET /api/bookmarks/posts/74/status
2026-03-10T19:01:24.737+05:30 DEBUG 14700 --- [http-nio-8080-exec-9] o.s.security.web.FilterChainProxy        : Secured POST /api/business/posts/74/view
2026-03-10T19:01:24.737+05:30 DEBUG 14700 --- [http-nio-8080-exec-10] o.s.security.web.FilterChainProxy        : Secured POST /api/business/posts/73/impression
2026-03-10T19:01:24.738+05:30  INFO 14700 --- [http-nio-8080-exec-5] o.r.r.controller.InteractionController   : Check like status for post ID: 74
2026-03-10T19:01:24.738+05:30 DEBUG 14700 --- [http-nio-8080-exec-9] o.r.r.controller.BusinessController      : Recording view for post: 74
2026-03-10T19:01:24.739+05:30  INFO 14700 --- [http-nio-8080-exec-4] o.r.r.controller.BookmarkController      : Check bookmark status for post ID: 74
2026-03-10T19:01:24.739+05:30 DEBUG 14700 --- [http-nio-8080-exec-10] o.r.r.controller.BusinessController      : Recording impression for post: 73
2026-03-10T19:01:24.739+05:30 DEBUG 14700 --- [http-nio-8080-exec-9] o.r.revconnect.service.BusinessService   : Recording view for post: 74
2026-03-10T19:01:24.739+05:30 DEBUG 14700 --- [http-nio-8080-exec-10] o.r.revconnect.service.BusinessService   : Recording impression for post: 73
2026-03-10T19:01:24.740+05:30 DEBUG 14700 --- [http-nio-8080-exec-2] o.s.security.web.FilterChainProxy        : Secured GET /api/posts/73/liked
2026-03-10T19:01:24.742+05:30  INFO 14700 --- [http-nio-8080-exec-2] o.r.r.controller.InteractionController   : Check like status for post ID: 73
2026-03-10T19:01:24.743+05:30 DEBUG 14700 --- [http-nio-8080-exec-8] o.s.security.web.FilterChainProxy        : Securing GET /api/bookmarks/posts/73/status
2026-03-10T19:01:24.743+05:30 DEBUG 14700 --- [http-nio-8080-exec-8] o.r.r.service.CustomUserDetailsService   : Loading user by username or email: user1
2026-03-10T19:01:24.752+05:30 DEBUG 14700 --- [http-nio-8080-exec-8] o.s.security.web.FilterChainProxy        : Secured GET /api/bookmarks/posts/73/status
2026-03-10T19:01:24.752+05:30  INFO 14700 --- [http-nio-8080-exec-8] o.r.r.controller.BookmarkController      : Check bookmark status for post ID: 73
2026-03-10T19:01:24.757+05:30 DEBUG 14700 --- [http-nio-8080-exec-3] o.s.security.web.FilterChainProxy        : Securing GET /api/posts/72/liked
2026-03-10T19:01:24.758+05:30 DEBUG 14700 --- [http-nio-8080-exec-3] o.r.r.service.CustomUserDetailsService   : Loading user by username or email: user1
2026-03-10T19:01:24.760+05:30 DEBUG 14700 --- [http-nio-8080-exec-6] o.s.security.web.FilterChainProxy        : Securing POST /api/business/posts/73/view
2026-03-10T19:01:24.760+05:30 DEBUG 14700 --- [http-nio-8080-exec-1] o.s.security.web.FilterChainProxy        : Securing POST /api/business/posts/72/impression
2026-03-10T19:01:24.760+05:30 DEBUG 14700 --- [http-nio-8080-exec-6] o.r.r.service.CustomUserDetailsService   : Loading user by username or email: user1
2026-03-10T19:01:24.760+05:30 DEBUG 14700 --- [http-nio-8080-exec-1] o.r.r.service.CustomUserDetailsService   : Loading user by username or email: user1
2026-03-10T19:01:24.762+05:30 DEBUG 14700 --- [http-nio-8080-exec-7] o.s.security.web.FilterChainProxy        : Securing GET /api/bookmarks/posts/72/status
2026-03-10T19:01:24.762+05:30 DEBUG 14700 --- [http-nio-8080-exec-5] o.s.security.web.FilterChainProxy        : Securing POST /api/business/posts/72/view
2026-03-10T19:01:24.763+05:30 DEBUG 14700 --- [http-nio-8080-exec-5] o.r.r.service.CustomUserDetailsService   : Loading user by username or email: user1
2026-03-10T19:01:24.764+05:30 DEBUG 14700 --- [http-nio-8080-exec-7] o.r.r.service.CustomUserDetailsService   : Loading user by username or email: user1
2026-03-10T19:01:24.765+05:30 DEBUG 14700 --- [http-nio-8080-exec-3] o.s.security.web.FilterChainProxy        : Secured GET /api/posts/72/liked
2026-03-10T19:01:24.766+05:30  INFO 14700 --- [http-nio-8080-exec-3] o.r.r.controller.InteractionController   : Check like status for post ID: 72
2026-03-10T19:01:24.768+05:30 DEBUG 14700 --- [http-nio-8080-exec-6] o.s.security.web.FilterChainProxy        : Secured POST /api/business/posts/73/view
2026-03-10T19:01:24.768+05:30 DEBUG 14700 --- [http-nio-8080-exec-1] o.s.security.web.FilterChainProxy        : Secured POST /api/business/posts/72/impression
2026-03-10T19:01:24.769+05:30 DEBUG 14700 --- [http-nio-8080-exec-6] o.r.r.controller.BusinessController      : Recording view for post: 73
2026-03-10T19:01:24.770+05:30 DEBUG 14700 --- [http-nio-8080-exec-1] o.r.r.controller.BusinessController      : Recording impression for post: 72
2026-03-10T19:01:24.770+05:30 DEBUG 14700 --- [http-nio-8080-exec-7] o.s.security.web.FilterChainProxy        : Secured GET /api/bookmarks/posts/72/status
2026-03-10T19:01:24.770+05:30 DEBUG 14700 --- [http-nio-8080-exec-6] o.r.revconnect.service.BusinessService   : Recording view for post: 73
2026-03-10T19:01:24.770+05:30 DEBUG 14700 --- [http-nio-8080-exec-5] o.s.security.web.FilterChainProxy        : Secured POST /api/business/posts/72/view
2026-03-10T19:01:24.770+05:30 DEBUG 14700 --- [http-nio-8080-exec-1] o.r.revconnect.service.BusinessService   : Recording impression for post: 72
2026-03-10T19:01:24.771+05:30 DEBUG 14700 --- [http-nio-8080-exec-5] o.r.r.controller.BusinessController      : Recording view for post: 72
2026-03-10T19:01:24.771+05:30  INFO 14700 --- [http-nio-8080-exec-7] o.r.r.controller.BookmarkController      : Check bookmark status for post ID: 72
2026-03-10T19:01:24.771+05:30 DEBUG 14700 --- [http-nio-8080-exec-2] o.s.security.web.FilterChainProxy        : Securing POST /api/business/posts/71/impression
2026-03-10T19:01:24.771+05:30 DEBUG 14700 --- [http-nio-8080-exec-2] o.r.r.service.CustomUserDetailsService   : Loading user by username or email: user1
2026-03-10T19:01:24.771+05:30 DEBUG 14700 --- [http-nio-8080-exec-5] o.r.revconnect.service.BusinessService   : Recording view for post: 72
2026-03-10T19:01:24.776+05:30 DEBUG 14700 --- [http-nio-8080-exec-9] o.s.security.web.FilterChainProxy        : Securing POST /api/business/posts/71/view
2026-03-10T19:01:24.777+05:30 DEBUG 14700 --- [http-nio-8080-exec-2] o.s.security.web.FilterChainProxy        : Secured POST /api/business/posts/71/impression
2026-03-10T19:01:24.777+05:30 DEBUG 14700 --- [http-nio-8080-exec-9] o.r.r.service.CustomUserDetailsService   : Loading user by username or email: user1
2026-03-10T19:01:24.778+05:30 DEBUG 14700 --- [http-nio-8080-exec-2] o.r.r.controller.BusinessController      : Recording impression for post: 71
2026-03-10T19:01:24.779+05:30 DEBUG 14700 --- [http-nio-8080-exec-2] o.r.revconnect.service.BusinessService   : Recording impression for post: 71
2026-03-10T19:01:24.785+05:30 DEBUG 14700 --- [http-nio-8080-exec-9] o.s.security.web.FilterChainProxy        : Secured POST /api/business/posts/71/view
2026-03-10T19:01:24.786+05:30 DEBUG 14700 --- [http-nio-8080-exec-9] o.r.r.controller.BusinessController      : Recording view for post: 71
2026-03-10T19:01:24.787+05:30 DEBUG 14700 --- [http-nio-8080-exec-9] o.r.revconnect.service.BusinessService   : Recording view for post: 71
2026-03-10T19:01:24.793+05:30 DEBUG 14700 --- [http-nio-8080-exec-10] o.s.security.web.FilterChainProxy        : Securing GET /api/posts/71/liked
2026-03-10T19:01:24.793+05:30 DEBUG 14700 --- [http-nio-8080-exec-4] o.s.security.web.FilterChainProxy        : Securing GET /api/bookmarks/posts/71/status
2026-03-10T19:01:24.793+05:30 DEBUG 14700 --- [http-nio-8080-exec-10] o.r.r.service.CustomUserDetailsService   : Loading user by username or email: user1
2026-03-10T19:01:24.793+05:30 DEBUG 14700 --- [http-nio-8080-exec-4] o.r.r.service.CustomUserDetailsService   : Loading user by username or email: user1
2026-03-10T19:01:24.796+05:30 DEBUG 14700 --- [http-nio-8080-exec-3] o.s.security.web.FilterChainProxy        : Securing POST /api/business/posts/70/impression
2026-03-10T19:01:24.796+05:30 DEBUG 14700 --- [http-nio-8080-exec-8] o.s.security.web.FilterChainProxy        : Securing GET /api/posts/70/liked
2026-03-10T19:01:24.797+05:30 DEBUG 14700 --- [http-nio-8080-exec-3] o.r.r.service.CustomUserDetailsService   : Loading user by username or email: user1
2026-03-10T19:01:24.797+05:30 DEBUG 14700 --- [http-nio-8080-exec-8] o.r.r.service.CustomUserDetailsService   : Loading user by username or email: user1
2026-03-10T19:01:24.802+05:30 DEBUG 14700 --- [http-nio-8080-exec-10] o.s.security.web.FilterChainProxy        : Secured GET /api/posts/71/liked
2026-03-10T19:01:24.802+05:30 DEBUG 14700 --- [http-nio-8080-exec-4] o.s.security.web.FilterChainProxy        : Secured GET /api/bookmarks/posts/71/status
2026-03-10T19:01:24.802+05:30  INFO 14700 --- [http-nio-8080-exec-10] o.r.r.controller.InteractionController   : Check like status for post ID: 71
2026-03-10T19:01:24.802+05:30  INFO 14700 --- [http-nio-8080-exec-4] o.r.r.controller.BookmarkController      : Check bookmark status for post ID: 71
2026-03-10T19:01:24.806+05:30 DEBUG 14700 --- [http-nio-8080-exec-1] o.s.security.web.FilterChainProxy        : Securing GET /api/bookmarks/posts/70/status
2026-03-10T19:01:24.806+05:30 DEBUG 14700 --- [http-nio-8080-exec-8] o.s.security.web.FilterChainProxy        : Secured GET /api/posts/70/liked
2026-03-10T19:01:24.806+05:30 DEBUG 14700 --- [http-nio-8080-exec-1] o.r.r.service.CustomUserDetailsService   : Loading user by username or email: user1
2026-03-10T19:01:24.808+05:30 DEBUG 14700 --- [http-nio-8080-exec-3] o.s.security.web.FilterChainProxy        : Secured POST /api/business/posts/70/impression
2026-03-10T19:01:24.807+05:30  INFO 14700 --- [http-nio-8080-exec-8] o.r.r.controller.InteractionController   : Check like status for post ID: 70
2026-03-10T19:01:24.809+05:30 DEBUG 14700 --- [http-nio-8080-exec-3] o.r.r.controller.BusinessController      : Recording impression for post: 70
2026-03-10T19:01:24.811+05:30 DEBUG 14700 --- [http-nio-8080-exec-3] o.r.revconnect.service.BusinessService   : Recording impression for post: 70
2026-03-10T19:01:24.818+05:30 DEBUG 14700 --- [http-nio-8080-exec-6] o.s.security.web.FilterChainProxy        : Securing POST /api/business/posts/70/view
2026-03-10T19:01:24.819+05:30 DEBUG 14700 --- [http-nio-8080-exec-1] o.s.security.web.FilterChainProxy        : Secured GET /api/bookmarks/posts/70/status
2026-03-10T19:01:24.819+05:30 DEBUG 14700 --- [http-nio-8080-exec-6] o.r.r.service.CustomUserDetailsService   : Loading user by username or email: user1
2026-03-10T19:01:24.819+05:30  INFO 14700 --- [http-nio-8080-exec-1] o.r.r.controller.BookmarkController      : Check bookmark status for post ID: 70
2026-03-10T19:01:24.824+05:30 DEBUG 14700 --- [http-nio-8080-exec-7] o.s.security.web.FilterChainProxy        : Securing POST /api/business/posts/69/impression
2026-03-10T19:01:24.825+05:30 DEBUG 14700 --- [http-nio-8080-exec-6] o.s.security.web.FilterChainProxy        : Secured POST /api/business/posts/70/view
2026-03-10T19:01:24.825+05:30 DEBUG 14700 --- [http-nio-8080-exec-7] o.r.r.service.CustomUserDetailsService   : Loading user by username or email: user1
2026-03-10T19:01:24.825+05:30 DEBUG 14700 --- [http-nio-8080-exec-6] o.r.r.controller.BusinessController      : Recording view for post: 70
2026-03-10T19:01:24.826+05:30 DEBUG 14700 --- [http-nio-8080-exec-6] o.r.revconnect.service.BusinessService   : Recording view for post: 70
2026-03-10T19:01:24.833+05:30 DEBUG 14700 --- [http-nio-8080-exec-7] o.s.security.web.FilterChainProxy        : Secured POST /api/business/posts/69/impression
2026-03-10T19:01:24.833+05:30 DEBUG 14700 --- [http-nio-8080-exec-5] o.s.security.web.FilterChainProxy        : Securing POST /api/business/posts/69/view
2026-03-10T19:01:24.833+05:30 DEBUG 14700 --- [http-nio-8080-exec-7] o.r.r.controller.BusinessController      : Recording impression for post: 69
2026-03-10T19:01:24.833+05:30 DEBUG 14700 --- [http-nio-8080-exec-5] o.r.r.service.CustomUserDetailsService   : Loading user by username or email: user1
2026-03-10T19:01:24.834+05:30 DEBUG 14700 --- [http-nio-8080-exec-2] o.s.security.web.FilterChainProxy        : Securing GET /api/posts/69/liked
2026-03-10T19:01:24.834+05:30 DEBUG 14700 --- [http-nio-8080-exec-7] o.r.revconnect.service.BusinessService   : Recording impression for post: 69
2026-03-10T19:01:24.834+05:30 DEBUG 14700 --- [http-nio-8080-exec-2] o.r.r.service.CustomUserDetailsService   : Loading user by username or email: user1
2026-03-10T19:01:24.838+05:30 DEBUG 14700 --- [http-nio-8080-exec-9] o.s.security.web.FilterChainProxy        : Securing GET /api/bookmarks/posts/69/status
2026-03-10T19:01:24.839+05:30 DEBUG 14700 --- [http-nio-8080-exec-9] o.r.r.service.CustomUserDetailsService   : Loading user by username or email: user1
2026-03-10T19:01:24.840+05:30 DEBUG 14700 --- [http-nio-8080-exec-5] o.s.security.web.FilterChainProxy        : Secured POST /api/business/posts/69/view
2026-03-10T19:01:24.840+05:30 DEBUG 14700 --- [http-nio-8080-exec-5] o.r.r.controller.BusinessController      : Recording view for post: 69
2026-03-10T19:01:24.841+05:30 DEBUG 14700 --- [http-nio-8080-exec-2] o.s.security.web.FilterChainProxy        : Secured GET /api/posts/69/liked
2026-03-10T19:01:24.841+05:30 DEBUG 14700 --- [http-nio-8080-exec-10] o.s.security.web.FilterChainProxy        : Securing POST /api/business/posts/66/impression
2026-03-10T19:01:24.841+05:30  INFO 14700 --- [http-nio-8080-exec-2] o.r.r.controller.InteractionController   : Check like status for post ID: 69
2026-03-10T19:01:24.841+05:30 DEBUG 14700 --- [http-nio-8080-exec-5] o.r.revconnect.service.BusinessService   : Recording view for post: 69
2026-03-10T19:01:24.842+05:30 DEBUG 14700 --- [http-nio-8080-exec-10] o.r.r.service.CustomUserDetailsService   : Loading user by username or email: user1
2026-03-10T19:01:24.844+05:30 DEBUG 14700 --- [http-nio-8080-exec-9] o.s.security.web.FilterChainProxy        : Secured GET /api/bookmarks/posts/69/status
2026-03-10T19:01:24.845+05:30 DEBUG 14700 --- [http-nio-8080-exec-8] o.s.security.web.FilterChainProxy        : Securing POST /api/business/posts/66/view
2026-03-10T19:01:24.846+05:30  INFO 14700 --- [http-nio-8080-exec-9] o.r.r.controller.BookmarkController      : Check bookmark status for post ID: 69
2026-03-10T19:01:24.846+05:30 DEBUG 14700 --- [http-nio-8080-exec-8] o.r.r.service.CustomUserDetailsService   : Loading user by username or email: user1
2026-03-10T19:01:24.848+05:30 DEBUG 14700 --- [http-nio-8080-exec-10] o.s.security.web.FilterChainProxy        : Secured POST /api/business/posts/66/impression
2026-03-10T19:01:24.849+05:30 DEBUG 14700 --- [http-nio-8080-exec-10] o.r.r.controller.BusinessController      : Recording impression for post: 66
2026-03-10T19:01:24.851+05:30 DEBUG 14700 --- [http-nio-8080-exec-10] o.r.revconnect.service.BusinessService   : Recording impression for post: 66
2026-03-10T19:01:24.854+05:30 DEBUG 14700 --- [http-nio-8080-exec-8] o.s.security.web.FilterChainProxy        : Secured POST /api/business/posts/66/view
2026-03-10T19:01:24.855+05:30 DEBUG 14700 --- [http-nio-8080-exec-4] o.s.security.web.FilterChainProxy        : Securing GET /api/posts/66/liked
2026-03-10T19:01:24.855+05:30 DEBUG 14700 --- [http-nio-8080-exec-8] o.r.r.controller.BusinessController      : Recording view for post: 66
2026-03-10T19:01:24.855+05:30 DEBUG 14700 --- [http-nio-8080-exec-4] o.r.r.service.CustomUserDetailsService   : Loading user by username or email: user1
2026-03-10T19:01:24.856+05:30 DEBUG 14700 --- [http-nio-8080-exec-8] o.r.revconnect.service.BusinessService   : Recording view for post: 66
2026-03-10T19:01:24.856+05:30 DEBUG 14700 --- [http-nio-8080-exec-3] o.s.security.web.FilterChainProxy        : Securing GET /api/bookmarks/posts/66/status
2026-03-10T19:01:24.856+05:30 DEBUG 14700 --- [http-nio-8080-exec-3] o.r.r.service.CustomUserDetailsService   : Loading user by username or email: user1
2026-03-10T19:01:24.859+05:30 DEBUG 14700 --- [http-nio-8080-exec-1] o.s.security.web.FilterChainProxy        : Securing GET /uploads/media/1/profile/399af8b4-7629-4b96-b1a0-e2779793a067.jpg
2026-03-10T19:01:24.859+05:30 DEBUG 14700 --- [http-nio-8080-exec-1] o.s.s.w.a.AnonymousAuthenticationFilter  : Set SecurityContextHolder to anonymous SecurityContext
2026-03-10T19:01:24.859+05:30 DEBUG 14700 --- [http-nio-8080-exec-1] o.s.security.web.FilterChainProxy        : Secured GET /uploads/media/1/profile/399af8b4-7629-4b96-b1a0-e2779793a067.jpg
2026-03-10T19:01:24.860+05:30 DEBUG 14700 --- [http-nio-8080-exec-4] o.s.security.web.FilterChainProxy        : Secured GET /api/posts/66/liked
2026-03-10T19:01:24.861+05:30  INFO 14700 --- [http-nio-8080-exec-4] o.r.r.controller.InteractionController   : Check like status for post ID: 66
2026-03-10T19:01:24.862+05:30 DEBUG 14700 --- [http-nio-8080-exec-3] o.s.security.web.FilterChainProxy        : Secured GET /api/bookmarks/posts/66/status
2026-03-10T19:01:24.863+05:30  WARN 14700 --- [http-nio-8080-exec-1] .m.m.a.ExceptionHandlerExceptionResolver : Resolved [org.springframework.web.servlet.resource.NoResourceFoundException: No static resource media/1/profile/399af8b4-7629-4b96-b1a0-e2779793a067.jpg.]
2026-03-10T19:01:24.864+05:30  INFO 14700 --- [http-nio-8080-exec-3] o.r.r.controller.BookmarkController      : Check bookmark status for post ID: 66
2026-03-10T19:01:24.869+05:30 DEBUG 14700 --- [http-nio-8080-exec-6] o.s.security.web.FilterChainProxy        : Securing GET /uploads/media/1/generic/b4ba7ced-9876-4b70-a8d5-b6e7606b50ca.png
2026-03-10T19:01:24.869+05:30 DEBUG 14700 --- [http-nio-8080-exec-6] o.s.s.w.a.AnonymousAuthenticationFilter  : Set SecurityContextHolder to anonymous SecurityContext
2026-03-10T19:01:24.869+05:30 DEBUG 14700 --- [http-nio-8080-exec-6] o.s.security.web.FilterChainProxy        : Secured GET /uploads/media/1/generic/b4ba7ced-9876-4b70-a8d5-b6e7606b50ca.png
2026-03-10T19:01:24.877+05:30 DEBUG 14700 --- [http-nio-8080-exec-7] o.s.security.web.FilterChainProxy        : Securing GET /uploads/media/4/profile/1a12ec78-6437-4714-a3b0-c9cbde62ccd7.jpg
2026-03-10T19:01:24.877+05:30 DEBUG 14700 --- [http-nio-8080-exec-7] o.s.s.w.a.AnonymousAuthenticationFilter  : Set SecurityContextHolder to anonymous SecurityContext
2026-03-10T19:01:24.877+05:30 DEBUG 14700 --- [http-nio-8080-exec-7] o.s.security.web.FilterChainProxy        : Secured GET /uploads/media/4/profile/1a12ec78-6437-4714-a3b0-c9cbde62ccd7.jpg
2026-03-10T19:01:24.879+05:30  WARN 14700 --- [http-nio-8080-exec-7] .m.m.a.ExceptionHandlerExceptionResolver : Resolved [org.springframework.web.servlet.resource.NoResourceFoundException: No static resource media/4/profile/1a12ec78-6437-4714-a3b0-c9cbde62ccd7.jpg.]
2026-03-10T19:01:24.882+05:30 DEBUG 14700 --- [http-nio-8080-exec-2] o.s.security.web.FilterChainProxy        : Securing GET /uploads/media/4/generic/afba8f70-b62a-4091-aed6-fae68bce0a65.jpg
2026-03-10T19:01:24.882+05:30 DEBUG 14700 --- [http-nio-8080-exec-2] o.s.s.w.a.AnonymousAuthenticationFilter  : Set SecurityContextHolder to anonymous SecurityContext
2026-03-10T19:01:24.882+05:30 DEBUG 14700 --- [http-nio-8080-exec-2] o.s.security.web.FilterChainProxy        : Secured GET /uploads/media/4/generic/afba8f70-b62a-4091-aed6-fae68bce0a65.jpg
2026-03-10T19:01:24.884+05:30  WARN 14700 --- [http-nio-8080-exec-2] .m.m.a.ExceptionHandlerExceptionResolver : Resolved [org.springframework.web.servlet.resource.NoResourceFoundException: No static resource media/4/generic/afba8f70-b62a-4091-aed6-fae68bce0a65.jpg.]
2026-03-10T19:01:24.884+05:30 DEBUG 14700 --- [http-nio-8080-exec-9] o.s.security.web.FilterChainProxy        : Securing GET /uploads/media/4/generic/ea0f2604-2300-4567-b0df-24461f5dc2be.jpg
2026-03-10T19:01:24.884+05:30 DEBUG 14700 --- [http-nio-8080-exec-5] o.s.security.web.FilterChainProxy        : Securing GET /uploads/media/1/generic/7fde1b47-8060-46da-9571-91aafb55d03d.jpg
2026-03-10T19:01:24.884+05:30 DEBUG 14700 --- [http-nio-8080-exec-9] o.s.s.w.a.AnonymousAuthenticationFilter  : Set SecurityContextHolder to anonymous SecurityContext
2026-03-10T19:01:24.885+05:30 DEBUG 14700 --- [http-nio-8080-exec-5] o.s.s.w.a.AnonymousAuthenticationFilter  : Set SecurityContextHolder to anonymous SecurityContext
2026-03-10T19:01:24.885+05:30 DEBUG 14700 --- [http-nio-8080-exec-9] o.s.security.web.FilterChainProxy        : Secured GET /uploads/media/4/generic/ea0f2604-2300-4567-b0df-24461f5dc2be.jpg
2026-03-10T19:01:24.885+05:30 DEBUG 14700 --- [http-nio-8080-exec-5] o.s.security.web.FilterChainProxy        : Secured GET /uploads/media/1/generic/7fde1b47-8060-46da-9571-91aafb55d03d.jpg
2026-03-10T19:01:24.885+05:30 DEBUG 14700 --- [http-nio-8080-exec-2] o.s.security.web.FilterChainProxy        : Securing GET /uploads/media/1/generic/0566907f-e3e4-4d66-9b90-efebf8aa1a77.jpg
2026-03-10T19:01:24.885+05:30 DEBUG 14700 --- [http-nio-8080-exec-2] o.s.s.w.a.AnonymousAuthenticationFilter  : Set SecurityContextHolder to anonymous SecurityContext
2026-03-10T19:01:24.885+05:30 DEBUG 14700 --- [http-nio-8080-exec-2] o.s.security.web.FilterChainProxy        : Secured GET /uploads/media/1/generic/0566907f-e3e4-4d66-9b90-efebf8aa1a77.jpg
2026-03-10T19:01:24.886+05:30  WARN 14700 --- [http-nio-8080-exec-9] .m.m.a.ExceptionHandlerExceptionResolver : Resolved [org.springframework.web.servlet.resource.NoResourceFoundException: No static resource media/4/generic/ea0f2604-2300-4567-b0df-24461f5dc2be.jpg.]
2026-03-10T19:01:24.886+05:30  WARN 14700 --- [http-nio-8080-exec-5] .m.m.a.ExceptionHandlerExceptionResolver : Resolved [org.springframework.web.servlet.resource.NoResourceFoundException: No static resource media/1/generic/7fde1b47-8060-46da-9571-91aafb55d03d.jpg.]
2026-03-10T19:01:24.887+05:30  WARN 14700 --- [http-nio-8080-exec-2] .m.m.a.ExceptionHandlerExceptionResolver : Resolved [org.springframework.web.servlet.resource.NoResourceFoundException: No static resource media/1/generic/0566907f-e3e4-4d66-9b90-efebf8aa1a77.jpg.]
2026-03-10T19:01:24.891+05:30 DEBUG 14700 --- [http-nio-8080-exec-1] o.s.security.web.FilterChainProxy        : Securing GET /uploads/media/1/generic/66efcb11-e753-40ca-8db2-72d7eb62ea46.jpg
2026-03-10T19:01:24.891+05:30 DEBUG 14700 --- [http-nio-8080-exec-1] o.s.s.w.a.AnonymousAuthenticationFilter  : Set SecurityContextHolder to anonymous SecurityContext
2026-03-10T19:01:24.891+05:30 DEBUG 14700 --- [http-nio-8080-exec-1] o.s.security.web.FilterChainProxy        : Secured GET /uploads/media/1/generic/66efcb11-e753-40ca-8db2-72d7eb62ea46.jpg
2026-03-10T19:01:24.893+05:30  WARN 14700 --- [http-nio-8080-exec-1] .m.m.a.ExceptionHandlerExceptionResolver : Resolved [org.springframework.web.servlet.resource.NoResourceFoundException: No static resource media/1/generic/66efcb11-e753-40ca-8db2-72d7eb62ea46.jpg.]
2026-03-10T19:01:24.894+05:30 DEBUG 14700 --- [http-nio-8080-exec-8] o.s.security.web.FilterChainProxy        : Securing GET /uploads/media/11/profile/a98ad951-1fa6-4b6c-84cf-fd97d589c8ea.jpg
2026-03-10T19:01:24.894+05:30 DEBUG 14700 --- [http-nio-8080-exec-4] o.s.security.web.FilterChainProxy        : Securing GET /uploads/media/11/generic/e7feafd5-9318-4c78-b84a-1eea8175cca3.jpg
2026-03-10T19:01:24.894+05:30 DEBUG 14700 --- [http-nio-8080-exec-8] o.s.s.w.a.AnonymousAuthenticationFilter  : Set SecurityContextHolder to anonymous SecurityContext
2026-03-10T19:01:24.894+05:30 DEBUG 14700 --- [http-nio-8080-exec-8] o.s.security.web.FilterChainProxy        : Secured GET /uploads/media/11/profile/a98ad951-1fa6-4b6c-84cf-fd97d589c8ea.jpg
2026-03-10T19:01:24.894+05:30 DEBUG 14700 --- [http-nio-8080-exec-4] o.s.s.w.a.AnonymousAuthenticationFilter  : Set SecurityContextHolder to anonymous SecurityContext
2026-03-10T19:01:24.894+05:30 DEBUG 14700 --- [http-nio-8080-exec-4] o.s.security.web.FilterChainProxy        : Secured GET /uploads/media/11/generic/e7feafd5-9318-4c78-b84a-1eea8175cca3.jpg
2026-03-10T19:01:24.896+05:30  WARN 14700 --- [http-nio-8080-exec-8] .m.m.a.ExceptionHandlerExceptionResolver : Resolved [org.springframework.web.servlet.resource.NoResourceFoundException: No static resource media/11/profile/a98ad951-1fa6-4b6c-84cf-fd97d589c8ea.jpg.]
2026-03-10T19:01:24.896+05:30  WARN 14700 --- [http-nio-8080-exec-4] .m.m.a.ExceptionHandlerExceptionResolver : Resolved [org.springframework.web.servlet.resource.NoResourceFoundException: No static resource media/11/generic/e7feafd5-9318-4c78-b84a-1eea8175cca3.jpg.]
2026-03-10T19:01:24.898+05:30 DEBUG 14700 --- [http-nio-8080-exec-6] o.s.security.web.FilterChainProxy        : Securing GET /uploads/media/4/video/e5b4263b-b2b4-45bd-8671-d1b46b1a6348.mp4
2026-03-10T19:01:24.898+05:30 DEBUG 14700 --- [http-nio-8080-exec-3] o.s.security.web.FilterChainProxy        : Securing GET /uploads/media/1/video/99f88e69-e838-4464-8561-a62b7544a441.mp4
2026-03-10T19:01:24.899+05:30 DEBUG 14700 --- [http-nio-8080-exec-6] o.s.s.w.a.AnonymousAuthenticationFilter  : Set SecurityContextHolder to anonymous SecurityContext
2026-03-10T19:01:24.899+05:30 DEBUG 14700 --- [http-nio-8080-exec-3] o.s.s.w.a.AnonymousAuthenticationFilter  : Set SecurityContextHolder to anonymous SecurityContext
2026-03-10T19:01:24.899+05:30 DEBUG 14700 --- [http-nio-8080-exec-6] o.s.security.web.FilterChainProxy        : Secured GET /uploads/media/4/video/e5b4263b-b2b4-45bd-8671-d1b46b1a6348.mp4
2026-03-10T19:01:24.899+05:30 DEBUG 14700 --- [http-nio-8080-exec-3] o.s.security.web.FilterChainProxy        : Secured GET /uploads/media/1/video/99f88e69-e838-4464-8561-a62b7544a441.mp4
2026-03-10T19:01:24.901+05:30  WARN 14700 --- [http-nio-8080-exec-3] .m.m.a.ExceptionHandlerExceptionResolver : Resolved [org.springframework.web.servlet.resource.NoResourceFoundException: No static resource media/1/video/99f88e69-e838-4464-8561-a62b7544a441.mp4.]
2026-03-10T19:01:24.901+05:30  WARN 14700 --- [http-nio-8080-exec-6] .m.m.a.ExceptionHandlerExceptionResolver : Resolved [org.springframework.web.servlet.resource.NoResourceFoundException: No static resource media/4/video/e5b4263b-b2b4-45bd-8671-d1b46b1a6348.mp4.]
2026-03-10T19:01:24.902+05:30 DEBUG 14700 --- [http-nio-8080-exec-7] o.s.security.web.FilterChainProxy        : Securing GET /uploads/media/4/video/e856b82e-d555-4135-a76a-920f9532f5ff.mp4
2026-03-10T19:01:24.902+05:30 DEBUG 14700 --- [http-nio-8080-exec-7] o.s.s.w.a.AnonymousAuthenticationFilter  : Set SecurityContextHolder to anonymous SecurityContext
2026-03-10T19:01:24.903+05:30 DEBUG 14700 --- [http-nio-8080-exec-7] o.s.security.web.FilterChainProxy        : Secured GET /uploads/media/4/video/e856b82e-d555-4135-a76a-920f9532f5ff.mp4
2026-03-10T19:01:24.904+05:30  WARN 14700 --- [http-nio-8080-exec-7] .m.m.a.ExceptionHandlerExceptionResolver : Resolved [org.springframework.web.servlet.resource.NoResourceFoundException: No static resource media/4/video/e856b82e-d555-4135-a76a-920f9532f5ff.mp4.]
2026-03-10T19:01:41.886+05:30 DEBUG 14700 --- [http-nio-8080-exec-10] o.s.security.web.FilterChainProxy        : Securing POST /api/auth/login
2026-03-10T19:01:41.887+05:30 DEBUG 14700 --- [http-nio-8080-exec-10] o.r.r.service.CustomUserDetailsService   : Loading user by username or email: user1
2026-03-10T19:01:41.898+05:30 DEBUG 14700 --- [http-nio-8080-exec-10] o.s.security.web.FilterChainProxy        : Secured POST /api/auth/login
2026-03-10T19:01:41.910+05:30  INFO 14700 --- [http-nio-8080-exec-10] o.r.r.controller.AuthController          : Login attempt for: user1
2026-03-10T19:01:41.910+05:30  INFO 14700 --- [http-nio-8080-exec-10] o.r.revconnect.service.AuthService       : Attempting login for user: user1
2026-03-10T19:01:41.911+05:30 DEBUG 14700 --- [http-nio-8080-exec-10] o.r.r.service.CustomUserDetailsService   : Loading user by username or email: user1
2026-03-10T19:01:42.048+05:30 DEBUG 14700 --- [http-nio-8080-exec-10] o.s.s.a.dao.DaoAuthenticationProvider    : Failed to authenticate since password does not match stored value
2026-03-10T19:01:42.055+05:30  WARN 14700 --- [http-nio-8080-exec-10] .m.m.a.ExceptionHandlerExceptionResolver : Resolved [org.springframework.security.authentication.BadCredentialsException: Bad credentials]
2026-03-10T19:01:54.514+05:30 DEBUG 14700 --- [http-nio-8080-exec-9] o.s.security.web.FilterChainProxy        : Securing GET /api/messages/unread/count
2026-03-10T19:01:54.515+05:30 DEBUG 14700 --- [http-nio-8080-exec-9] o.r.r.service.CustomUserDetailsService   : Loading user by username or email: user1
2026-03-10T19:01:54.521+05:30 DEBUG 14700 --- [http-nio-8080-exec-9] o.s.security.web.FilterChainProxy        : Secured GET /api/messages/unread/count
2026-03-10T19:01:54.521+05:30  INFO 14700 --- [http-nio-8080-exec-9] o.r.r.controller.MessageController       : Getting unread message count
2026-03-10T19:01:55.441+05:30 DEBUG 14700 --- [http-nio-8080-exec-5] o.s.security.web.FilterChainProxy        : Securing POST /api/auth/login
2026-03-10T19:01:55.442+05:30 DEBUG 14700 --- [http-nio-8080-exec-5] o.r.r.service.CustomUserDetailsService   : Loading user by username or email: user1
2026-03-10T19:01:55.453+05:30 DEBUG 14700 --- [http-nio-8080-exec-5] o.s.security.web.FilterChainProxy        : Secured POST /api/auth/login
2026-03-10T19:01:55.455+05:30  INFO 14700 --- [http-nio-8080-exec-5] o.r.r.controller.AuthController          : Login attempt for: user1
2026-03-10T19:01:55.456+05:30  INFO 14700 --- [http-nio-8080-exec-5] o.r.revconnect.service.AuthService       : Attempting login for user: user1
2026-03-10T19:01:55.456+05:30 DEBUG 14700 --- [http-nio-8080-exec-5] o.r.r.service.CustomUserDetailsService   : Loading user by username or email: user1
2026-03-10T19:01:55.639+05:30 DEBUG 14700 --- [http-nio-8080-exec-5] o.s.s.a.dao.DaoAuthenticationProvider    : Authenticated user
2026-03-10T19:01:55.640+05:30  INFO 14700 --- [http-nio-8080-exec-5] o.r.revconnect.service.AuthService       : User logged in successfully: user1
2026-03-10T19:01:55.640+05:30  INFO 14700 --- [http-nio-8080-exec-5] o.r.r.controller.AuthController          : Login successful for user: user1
2026-03-10T19:01:55.712+05:30 DEBUG 14700 --- [http-nio-8080-exec-2] o.s.security.web.FilterChainProxy        : Securing GET /api/users/me
2026-03-10T19:01:55.713+05:30 DEBUG 14700 --- [http-nio-8080-exec-2] o.r.r.service.CustomUserDetailsService   : Loading user by username or email: user1
2026-03-10T19:01:55.715+05:30 DEBUG 14700 --- [http-nio-8080-exec-1] o.s.security.web.FilterChainProxy        : Securing GET /api/messages/unread/count
2026-03-10T19:01:55.716+05:30 DEBUG 14700 --- [http-nio-8080-exec-1] o.r.r.service.CustomUserDetailsService   : Loading user by username or email: user1
2026-03-10T19:01:55.720+05:30 DEBUG 14700 --- [http-nio-8080-exec-8] o.s.security.web.FilterChainProxy        : Securing GET /api/notifications/count
2026-03-10T19:01:55.720+05:30 DEBUG 14700 --- [http-nio-8080-exec-4] o.s.security.web.FilterChainProxy        : Securing GET /api/stories/feed
2026-03-10T19:01:55.721+05:30 DEBUG 14700 --- [http-nio-8080-exec-8] o.r.r.service.CustomUserDetailsService   : Loading user by username or email: user1
2026-03-10T19:01:55.721+05:30 DEBUG 14700 --- [http-nio-8080-exec-4] o.r.r.service.CustomUserDetailsService   : Loading user by username or email: user1
2026-03-10T19:01:55.724+05:30 DEBUG 14700 --- [http-nio-8080-exec-2] o.s.security.web.FilterChainProxy        : Secured GET /api/users/me
2026-03-10T19:01:55.725+05:30  INFO 14700 --- [http-nio-8080-exec-2] o.r.r.controller.UserController          : Request to get current user profile
2026-03-10T19:01:55.725+05:30  INFO 14700 --- [http-nio-8080-exec-2] o.r.revconnect.service.UserService       : Fetching profile for user: user1
2026-03-10T19:01:55.725+05:30 DEBUG 14700 --- [http-nio-8080-exec-2] o.r.r.controller.UserController          : Profile retrieved for user: user1
2026-03-10T19:01:55.726+05:30 DEBUG 14700 --- [http-nio-8080-exec-1] o.s.security.web.FilterChainProxy        : Secured GET /api/messages/unread/count
2026-03-10T19:01:55.726+05:30  INFO 14700 --- [http-nio-8080-exec-1] o.r.r.controller.MessageController       : Getting unread message count
2026-03-10T19:01:55.730+05:30 DEBUG 14700 --- [http-nio-8080-exec-8] o.s.security.web.FilterChainProxy        : Secured GET /api/notifications/count
2026-03-10T19:01:55.730+05:30 DEBUG 14700 --- [http-nio-8080-exec-4] o.s.security.web.FilterChainProxy        : Secured GET /api/stories/feed
2026-03-10T19:01:55.731+05:30  INFO 14700 --- [http-nio-8080-exec-8] o.r.r.controller.NotificationController  : Get unread count request
2026-03-10T19:01:55.731+05:30  INFO 14700 --- [http-nio-8080-exec-4] o.r.r.controller.StoryController         : Getting stories feed
2026-03-10T19:01:55.734+05:30  INFO 14700 --- [http-nio-8080-exec-8] o.r.r.service.NotificationService        : User user1 has 5 unread notifications
2026-03-10T19:01:55.734+05:30 DEBUG 14700 --- [http-nio-8080-exec-3] o.s.security.web.FilterChainProxy        : Securing GET /api/users/me
2026-03-10T19:01:55.735+05:30 DEBUG 14700 --- [http-nio-8080-exec-3] o.r.r.service.CustomUserDetailsService   : Loading user by username or email: user1
2026-03-10T19:01:55.741+05:30 DEBUG 14700 --- [http-nio-8080-exec-6] o.s.security.web.FilterChainProxy        : Securing GET /api/notifications/count
2026-03-10T19:01:55.742+05:30 DEBUG 14700 --- [http-nio-8080-exec-6] o.r.r.service.CustomUserDetailsService   : Loading user by username or email: user1
2026-03-10T19:01:55.742+05:30 DEBUG 14700 --- [http-nio-8080-exec-3] o.s.security.web.FilterChainProxy        : Secured GET /api/users/me
2026-03-10T19:01:55.742+05:30  INFO 14700 --- [http-nio-8080-exec-3] o.r.r.controller.UserController          : Request to get current user profile
2026-03-10T19:01:55.742+05:30  INFO 14700 --- [http-nio-8080-exec-3] o.r.revconnect.service.UserService       : Fetching profile for user: user1
2026-03-10T19:01:55.743+05:30 DEBUG 14700 --- [http-nio-8080-exec-3] o.r.r.controller.UserController          : Profile retrieved for user: user1
2026-03-10T19:01:55.749+05:30 DEBUG 14700 --- [http-nio-8080-exec-7] o.s.security.web.FilterChainProxy        : Securing GET /api/users/me
2026-03-10T19:01:55.749+05:30 DEBUG 14700 --- [http-nio-8080-exec-6] o.s.security.web.FilterChainProxy        : Secured GET /api/notifications/count
2026-03-10T19:01:55.749+05:30  INFO 14700 --- [http-nio-8080-exec-6] o.r.r.controller.NotificationController  : Get unread count request
2026-03-10T19:01:55.750+05:30 DEBUG 14700 --- [http-nio-8080-exec-7] o.r.r.service.CustomUserDetailsService   : Loading user by username or email: user1
2026-03-10T19:01:55.751+05:30  INFO 14700 --- [http-nio-8080-exec-6] o.r.r.service.NotificationService        : User user1 has 5 unread notifications
2026-03-10T19:01:55.754+05:30 DEBUG 14700 --- [http-nio-8080-exec-7] o.s.security.web.FilterChainProxy        : Secured GET /api/users/me
2026-03-10T19:01:55.754+05:30  INFO 14700 --- [http-nio-8080-exec-7] o.r.r.controller.UserController          : Request to get current user profile
2026-03-10T19:01:55.754+05:30  INFO 14700 --- [http-nio-8080-exec-7] o.r.revconnect.service.UserService       : Fetching profile for user: user1
2026-03-10T19:01:55.754+05:30 DEBUG 14700 --- [http-nio-8080-exec-7] o.r.r.controller.UserController          : Profile retrieved for user: user1
2026-03-10T19:01:55.759+05:30 DEBUG 14700 --- [http-nio-8080-exec-10] o.s.security.web.FilterChainProxy        : Securing GET /api/users/me
2026-03-10T19:01:55.760+05:30 DEBUG 14700 --- [http-nio-8080-exec-10] o.r.r.service.CustomUserDetailsService   : Loading user by username or email: user1
2026-03-10T19:01:55.763+05:30  INFO 14700 --- [http-nio-8080-exec-4] o.r.revconnect.service.StoryService      : Fetching stories feed for 7 users
2026-03-10T19:01:55.766+05:30 DEBUG 14700 --- [http-nio-8080-exec-10] o.s.security.web.FilterChainProxy        : Secured GET /api/users/me
2026-03-10T19:01:55.766+05:30  INFO 14700 --- [http-nio-8080-exec-10] o.r.r.controller.UserController          : Request to get current user profile
2026-03-10T19:01:55.767+05:30  INFO 14700 --- [http-nio-8080-exec-10] o.r.revconnect.service.UserService       : Fetching profile for user: user1
2026-03-10T19:01:55.767+05:30 DEBUG 14700 --- [http-nio-8080-exec-10] o.r.r.controller.UserController          : Profile retrieved for user: user1
2026-03-10T19:01:55.776+05:30 DEBUG 14700 --- [http-nio-8080-exec-9] o.s.security.web.FilterChainProxy        : Securing GET /api/posts/feed/personalized?page=0&size=10
2026-03-10T19:01:55.776+05:30 DEBUG 14700 --- [http-nio-8080-exec-9] o.r.r.service.CustomUserDetailsService   : Loading user by username or email: user1
2026-03-10T19:01:55.777+05:30 DEBUG 14700 --- [http-nio-8080-exec-5] o.s.security.web.FilterChainProxy        : Securing GET /api/search/trending
2026-03-10T19:01:55.777+05:30 DEBUG 14700 --- [http-nio-8080-exec-5] o.r.r.service.CustomUserDetailsService   : Loading user by username or email: user1
2026-03-10T19:01:55.777+05:30 DEBUG 14700 --- [http-nio-8080-exec-2] o.s.security.web.FilterChainProxy        : Securing GET /uploads/media/1/profile/399af8b4-7629-4b96-b1a0-e2779793a067.jpg
2026-03-10T19:01:55.777+05:30 DEBUG 14700 --- [http-nio-8080-exec-2] o.s.s.w.a.AnonymousAuthenticationFilter  : Set SecurityContextHolder to anonymous SecurityContext
2026-03-10T19:01:55.777+05:30 DEBUG 14700 --- [http-nio-8080-exec-2] o.s.security.web.FilterChainProxy        : Secured GET /uploads/media/1/profile/399af8b4-7629-4b96-b1a0-e2779793a067.jpg
2026-03-10T19:01:55.779+05:30  WARN 14700 --- [http-nio-8080-exec-2] .m.m.a.ExceptionHandlerExceptionResolver : Resolved [org.springframework.web.servlet.resource.NoResourceFoundException: No static resource media/1/profile/399af8b4-7629-4b96-b1a0-e2779793a067.jpg.]
2026-03-10T19:01:55.780+05:30 DEBUG 14700 --- [http-nio-8080-exec-1] o.s.security.web.FilterChainProxy        : Securing GET /api/stories
2026-03-10T19:01:55.781+05:30 DEBUG 14700 --- [http-nio-8080-exec-1] o.r.r.service.CustomUserDetailsService   : Loading user by username or email: user1
2026-03-10T19:01:55.783+05:30 DEBUG 14700 --- [http-nio-8080-exec-9] o.s.security.web.FilterChainProxy        : Secured GET /api/posts/feed/personalized?page=0&size=10
2026-03-10T19:01:55.783+05:30 DEBUG 14700 --- [http-nio-8080-exec-5] o.s.security.web.FilterChainProxy        : Secured GET /api/search/trending
2026-03-10T19:01:55.784+05:30  INFO 14700 --- [http-nio-8080-exec-5] o.r.r.controller.SearchController        : Getting trending searches
2026-03-10T19:01:55.784+05:30  INFO 14700 --- [http-nio-8080-exec-5] o.r.revconnect.service.HashtagService    : Fetching top 10 trending hashtags
2026-03-10T19:01:55.784+05:30  INFO 14700 --- [http-nio-8080-exec-9] o.r.r.controller.PostController          : Get personalized feed request - page: 0, size: 10
2026-03-10T19:01:55.786+05:30 DEBUG 14700 --- [http-nio-8080-exec-1] o.s.security.web.FilterChainProxy        : Secured GET /api/stories
2026-03-10T19:01:55.786+05:30  INFO 14700 --- [http-nio-8080-exec-1] o.r.r.controller.StoryController         : Getting my stories
2026-03-10T19:01:55.787+05:30  INFO 14700 --- [http-nio-8080-exec-1] o.r.revconnect.service.StoryService      : Fetching active stories for user: user1
2026-03-10T19:01:55.799+05:30 DEBUG 14700 --- [http-nio-8080-exec-8] o.s.security.web.FilterChainProxy        : Securing GET /uploads/media/1/profile/399af8b4-7629-4b96-b1a0-e2779793a067.jpg
2026-03-10T19:01:55.800+05:30 DEBUG 14700 --- [http-nio-8080-exec-8] o.s.s.w.a.AnonymousAuthenticationFilter  : Set SecurityContextHolder to anonymous SecurityContext
2026-03-10T19:01:55.800+05:30 DEBUG 14700 --- [http-nio-8080-exec-8] o.s.security.web.FilterChainProxy        : Secured GET /uploads/media/1/profile/399af8b4-7629-4b96-b1a0-e2779793a067.jpg
2026-03-10T19:01:55.802+05:30  WARN 14700 --- [http-nio-8080-exec-8] .m.m.a.ExceptionHandlerExceptionResolver : Resolved [org.springframework.web.servlet.resource.NoResourceFoundException: No static resource media/1/profile/399af8b4-7629-4b96-b1a0-e2779793a067.jpg.]
2026-03-10T19:01:55.878+05:30 DEBUG 14700 --- [http-nio-8080-exec-3] o.s.security.web.FilterChainProxy        : Securing POST /api/business/posts/79/impression
2026-03-10T19:01:55.878+05:30 DEBUG 14700 --- [http-nio-8080-exec-6] o.s.security.web.FilterChainProxy        : Securing GET /api/posts/79/liked
2026-03-10T19:01:55.879+05:30 DEBUG 14700 --- [http-nio-8080-exec-7] o.s.security.web.FilterChainProxy        : Securing GET /api/bookmarks/posts/79/status
2026-03-10T19:01:55.879+05:30 DEBUG 14700 --- [http-nio-8080-exec-3] o.r.r.service.CustomUserDetailsService   : Loading user by username or email: user1
2026-03-10T19:01:55.879+05:30 DEBUG 14700 --- [http-nio-8080-exec-6] o.r.r.service.CustomUserDetailsService   : Loading user by username or email: user1
2026-03-10T19:01:55.879+05:30 DEBUG 14700 --- [http-nio-8080-exec-7] o.r.r.service.CustomUserDetailsService   : Loading user by username or email: user1
2026-03-10T19:01:55.884+05:30 DEBUG 14700 --- [http-nio-8080-exec-4] o.s.security.web.FilterChainProxy        : Securing POST /api/business/posts/79/view
2026-03-10T19:01:55.884+05:30 DEBUG 14700 --- [http-nio-8080-exec-10] o.s.security.web.FilterChainProxy        : Securing GET /api/posts/76/liked
2026-03-10T19:01:55.886+05:30 DEBUG 14700 --- [http-nio-8080-exec-10] o.r.r.service.CustomUserDetailsService   : Loading user by username or email: user1
2026-03-10T19:01:55.885+05:30 DEBUG 14700 --- [http-nio-8080-exec-4] o.r.r.service.CustomUserDetailsService   : Loading user by username or email: user1
2026-03-10T19:01:55.887+05:30 DEBUG 14700 --- [http-nio-8080-exec-2] o.s.security.web.FilterChainProxy        : Securing GET /api/bookmarks/posts/76/status
2026-03-10T19:01:55.888+05:30 DEBUG 14700 --- [http-nio-8080-exec-2] o.r.r.service.CustomUserDetailsService   : Loading user by username or email: user1
2026-03-10T19:01:55.890+05:30 DEBUG 14700 --- [http-nio-8080-exec-3] o.s.security.web.FilterChainProxy        : Secured POST /api/business/posts/79/impression
2026-03-10T19:01:55.890+05:30 DEBUG 14700 --- [http-nio-8080-exec-7] o.s.security.web.FilterChainProxy        : Secured GET /api/bookmarks/posts/79/status
2026-03-10T19:01:55.890+05:30 DEBUG 14700 --- [http-nio-8080-exec-6] o.s.security.web.FilterChainProxy        : Secured GET /api/posts/79/liked
2026-03-10T19:01:55.891+05:30 DEBUG 14700 --- [http-nio-8080-exec-3] o.r.r.controller.BusinessController      : Recording impression for post: 79
2026-03-10T19:01:55.891+05:30  INFO 14700 --- [http-nio-8080-exec-7] o.r.r.controller.BookmarkController      : Check bookmark status for post ID: 79
2026-03-10T19:01:55.891+05:30  INFO 14700 --- [http-nio-8080-exec-6] o.r.r.controller.InteractionController   : Check like status for post ID: 79
2026-03-10T19:01:55.893+05:30 DEBUG 14700 --- [http-nio-8080-exec-3] o.r.revconnect.service.BusinessService   : Recording impression for post: 79
2026-03-10T19:01:55.896+05:30 DEBUG 14700 --- [http-nio-8080-exec-10] o.s.security.web.FilterChainProxy        : Secured GET /api/posts/76/liked
2026-03-10T19:01:55.898+05:30  INFO 14700 --- [http-nio-8080-exec-10] o.r.r.controller.InteractionController   : Check like status for post ID: 76
2026-03-10T19:01:55.899+05:30 DEBUG 14700 --- [http-nio-8080-exec-4] o.s.security.web.FilterChainProxy        : Secured POST /api/business/posts/79/view
2026-03-10T19:01:55.899+05:30 DEBUG 14700 --- [http-nio-8080-exec-2] o.s.security.web.FilterChainProxy        : Secured GET /api/bookmarks/posts/76/status
2026-03-10T19:01:55.901+05:30 DEBUG 14700 --- [http-nio-8080-exec-4] o.r.r.controller.BusinessController      : Recording view for post: 79
2026-03-10T19:01:55.902+05:30  INFO 14700 --- [http-nio-8080-exec-2] o.r.r.controller.BookmarkController      : Check bookmark status for post ID: 76
2026-03-10T19:01:55.903+05:30  WARN 14700 --- [http-nio-8080-exec-3] .m.m.a.ExceptionHandlerExceptionResolver : Resolved [org.springframework.dao.IncorrectResultSizeDataAccessException: Query did not return a unique result: 2 results were returned]
2026-03-10T19:01:55.903+05:30 DEBUG 14700 --- [http-nio-8080-exec-4] o.r.revconnect.service.BusinessService   : Recording view for post: 79
2026-03-10T19:01:55.915+05:30  WARN 14700 --- [http-nio-8080-exec-4] .m.m.a.ExceptionHandlerExceptionResolver : Resolved [org.springframework.dao.IncorrectResultSizeDataAccessException: Query did not return a unique result: 2 results were returned]
2026-03-10T19:01:55.929+05:30 DEBUG 14700 --- [http-nio-8080-exec-5] o.s.security.web.FilterChainProxy        : Securing POST /api/business/posts/76/impression
2026-03-10T19:01:55.929+05:30 DEBUG 14700 --- [http-nio-8080-exec-1] o.s.security.web.FilterChainProxy        : Securing POST /api/business/posts/76/view
2026-03-10T19:01:55.930+05:30 DEBUG 14700 --- [http-nio-8080-exec-5] o.r.r.service.CustomUserDetailsService   : Loading user by username or email: user1
2026-03-10T19:01:55.930+05:30 DEBUG 14700 --- [http-nio-8080-exec-1] o.r.r.service.CustomUserDetailsService   : Loading user by username or email: user1
2026-03-10T19:01:55.936+05:30 DEBUG 14700 --- [http-nio-8080-exec-8] o.s.security.web.FilterChainProxy        : Securing POST /api/business/posts/75/impression
2026-03-10T19:01:55.937+05:30 DEBUG 14700 --- [http-nio-8080-exec-8] o.r.r.service.CustomUserDetailsService   : Loading user by username or email: user1
2026-03-10T19:01:55.939+05:30 DEBUG 14700 --- [http-nio-8080-exec-1] o.s.security.web.FilterChainProxy        : Secured POST /api/business/posts/76/view
2026-03-10T19:01:55.939+05:30 DEBUG 14700 --- [http-nio-8080-exec-5] o.s.security.web.FilterChainProxy        : Secured POST /api/business/posts/76/impression
2026-03-10T19:01:55.941+05:30 DEBUG 14700 --- [http-nio-8080-exec-5] o.r.r.controller.BusinessController      : Recording impression for post: 76
2026-03-10T19:01:55.941+05:30 DEBUG 14700 --- [http-nio-8080-exec-1] o.r.r.controller.BusinessController      : Recording view for post: 76
2026-03-10T19:01:55.942+05:30 DEBUG 14700 --- [http-nio-8080-exec-5] o.r.revconnect.service.BusinessService   : Recording impression for post: 76
2026-03-10T19:01:55.942+05:30 DEBUG 14700 --- [http-nio-8080-exec-1] o.r.revconnect.service.BusinessService   : Recording view for post: 76
2026-03-10T19:01:55.943+05:30 DEBUG 14700 --- [http-nio-8080-exec-9] o.s.security.web.FilterChainProxy        : Securing POST /api/business/posts/75/view
2026-03-10T19:01:55.944+05:30 DEBUG 14700 --- [http-nio-8080-exec-9] o.r.r.service.CustomUserDetailsService   : Loading user by username or email: user1
2026-03-10T19:01:55.945+05:30 DEBUG 14700 --- [http-nio-8080-exec-6] o.s.security.web.FilterChainProxy        : Securing GET /api/posts/75/liked
2026-03-10T19:01:55.947+05:30 DEBUG 14700 --- [http-nio-8080-exec-6] o.r.r.service.CustomUserDetailsService   : Loading user by username or email: user1
2026-03-10T19:01:55.949+05:30 DEBUG 14700 --- [http-nio-8080-exec-8] o.s.security.web.FilterChainProxy        : Secured POST /api/business/posts/75/impression
2026-03-10T19:01:55.949+05:30 DEBUG 14700 --- [http-nio-8080-exec-3] o.s.security.web.FilterChainProxy        : Securing GET /api/bookmarks/posts/75/status
2026-03-10T19:01:55.950+05:30  WARN 14700 --- [http-nio-8080-exec-5] .m.m.a.ExceptionHandlerExceptionResolver : Resolved [org.springframework.dao.IncorrectResultSizeDataAccessException: Query did not return a unique result: 2 results were returned]
2026-03-10T19:01:55.950+05:30  WARN 14700 --- [http-nio-8080-exec-1] .m.m.a.ExceptionHandlerExceptionResolver : Resolved [org.springframework.dao.IncorrectResultSizeDataAccessException: Query did not return a unique result: 2 results were returned]
2026-03-10T19:01:55.950+05:30 DEBUG 14700 --- [http-nio-8080-exec-3] o.r.r.service.CustomUserDetailsService   : Loading user by username or email: user1
2026-03-10T19:01:55.950+05:30 DEBUG 14700 --- [http-nio-8080-exec-8] o.r.r.controller.BusinessController      : Recording impression for post: 75
2026-03-10T19:01:55.952+05:30 DEBUG 14700 --- [http-nio-8080-exec-8] o.r.revconnect.service.BusinessService   : Recording impression for post: 75
2026-03-10T19:01:55.955+05:30 DEBUG 14700 --- [http-nio-8080-exec-9] o.s.security.web.FilterChainProxy        : Secured POST /api/business/posts/75/view
2026-03-10T19:01:55.956+05:30 DEBUG 14700 --- [http-nio-8080-exec-9] o.r.r.controller.BusinessController      : Recording view for post: 75
2026-03-10T19:01:55.957+05:30 DEBUG 14700 --- [http-nio-8080-exec-6] o.s.security.web.FilterChainProxy        : Secured GET /api/posts/75/liked
2026-03-10T19:01:55.958+05:30 DEBUG 14700 --- [http-nio-8080-exec-9] o.r.revconnect.service.BusinessService   : Recording view for post: 75
2026-03-10T19:01:55.958+05:30  INFO 14700 --- [http-nio-8080-exec-6] o.r.r.controller.InteractionController   : Check like status for post ID: 75
2026-03-10T19:01:55.958+05:30  WARN 14700 --- [http-nio-8080-exec-8] .m.m.a.ExceptionHandlerExceptionResolver : Resolved [org.springframework.dao.IncorrectResultSizeDataAccessException: Query did not return a unique result: 2 results were returned]
2026-03-10T19:01:55.959+05:30 DEBUG 14700 --- [http-nio-8080-exec-3] o.s.security.web.FilterChainProxy        : Secured GET /api/bookmarks/posts/75/status
2026-03-10T19:01:55.960+05:30  INFO 14700 --- [http-nio-8080-exec-3] o.r.r.controller.BookmarkController      : Check bookmark status for post ID: 75
2026-03-10T19:01:55.964+05:30  WARN 14700 --- [http-nio-8080-exec-9] .m.m.a.ExceptionHandlerExceptionResolver : Resolved [org.springframework.dao.IncorrectResultSizeDataAccessException: Query did not return a unique result: 2 results were returned]
2026-03-10T19:01:55.964+05:30 DEBUG 14700 --- [http-nio-8080-exec-10] o.s.security.web.FilterChainProxy        : Securing GET /api/posts/74/liked
2026-03-10T19:01:55.965+05:30 DEBUG 14700 --- [http-nio-8080-exec-10] o.r.r.service.CustomUserDetailsService   : Loading user by username or email: user1
2026-03-10T19:01:55.965+05:30 DEBUG 14700 --- [http-nio-8080-exec-4] o.s.security.web.FilterChainProxy        : Securing POST /api/business/posts/74/impression
2026-03-10T19:01:55.966+05:30 DEBUG 14700 --- [http-nio-8080-exec-4] o.r.r.service.CustomUserDetailsService   : Loading user by username or email: user1
2026-03-10T19:01:55.973+05:30 DEBUG 14700 --- [http-nio-8080-exec-10] o.s.security.web.FilterChainProxy        : Secured GET /api/posts/74/liked
2026-03-10T19:01:55.974+05:30 DEBUG 14700 --- [http-nio-8080-exec-7] o.s.security.web.FilterChainProxy        : Securing GET /api/bookmarks/posts/74/status
2026-03-10T19:01:55.974+05:30  INFO 14700 --- [http-nio-8080-exec-10] o.r.r.controller.InteractionController   : Check like status for post ID: 74
2026-03-10T19:01:55.974+05:30 DEBUG 14700 --- [http-nio-8080-exec-7] o.r.r.service.CustomUserDetailsService   : Loading user by username or email: user1
2026-03-10T19:01:55.974+05:30 DEBUG 14700 --- [http-nio-8080-exec-4] o.s.security.web.FilterChainProxy        : Secured POST /api/business/posts/74/impression
2026-03-10T19:01:55.975+05:30 DEBUG 14700 --- [http-nio-8080-exec-4] o.r.r.controller.BusinessController      : Recording impression for post: 74
2026-03-10T19:01:55.976+05:30 DEBUG 14700 --- [http-nio-8080-exec-4] o.r.revconnect.service.BusinessService   : Recording impression for post: 74
2026-03-10T19:01:55.976+05:30 DEBUG 14700 --- [http-nio-8080-exec-2] o.s.security.web.FilterChainProxy        : Securing POST /api/business/posts/74/view
2026-03-10T19:01:55.977+05:30 DEBUG 14700 --- [http-nio-8080-exec-2] o.r.r.service.CustomUserDetailsService   : Loading user by username or email: user1
2026-03-10T19:01:55.979+05:30 DEBUG 14700 --- [http-nio-8080-exec-1] o.s.security.web.FilterChainProxy        : Securing GET /api/posts/73/liked
2026-03-10T19:01:55.980+05:30 DEBUG 14700 --- [http-nio-8080-exec-1] o.r.r.service.CustomUserDetailsService   : Loading user by username or email: user1
2026-03-10T19:01:55.980+05:30 DEBUG 14700 --- [http-nio-8080-exec-7] o.s.security.web.FilterChainProxy        : Secured GET /api/bookmarks/posts/74/status
2026-03-10T19:01:55.981+05:30  INFO 14700 --- [http-nio-8080-exec-7] o.r.r.controller.BookmarkController      : Check bookmark status for post ID: 74
2026-03-10T19:01:55.983+05:30 DEBUG 14700 --- [http-nio-8080-exec-2] o.s.security.web.FilterChainProxy        : Secured POST /api/business/posts/74/view
2026-03-10T19:01:55.984+05:30 DEBUG 14700 --- [http-nio-8080-exec-2] o.r.r.controller.BusinessController      : Recording view for post: 74
2026-03-10T19:01:55.986+05:30 DEBUG 14700 --- [http-nio-8080-exec-2] o.r.revconnect.service.BusinessService   : Recording view for post: 74
2026-03-10T19:01:55.986+05:30 DEBUG 14700 --- [http-nio-8080-exec-5] o.s.security.web.FilterChainProxy        : Securing GET /api/bookmarks/posts/73/status
2026-03-10T19:01:55.987+05:30 DEBUG 14700 --- [http-nio-8080-exec-5] o.r.r.service.CustomUserDetailsService   : Loading user by username or email: user1
2026-03-10T19:01:55.987+05:30 DEBUG 14700 --- [http-nio-8080-exec-8] o.s.security.web.FilterChainProxy        : Securing POST /api/business/posts/73/impression
2026-03-10T19:01:55.987+05:30 DEBUG 14700 --- [http-nio-8080-exec-1] o.s.security.web.FilterChainProxy        : Secured GET /api/posts/73/liked
2026-03-10T19:01:55.988+05:30  INFO 14700 --- [http-nio-8080-exec-1] o.r.r.controller.InteractionController   : Check like status for post ID: 73
2026-03-10T19:01:55.988+05:30 DEBUG 14700 --- [http-nio-8080-exec-8] o.r.r.service.CustomUserDetailsService   : Loading user by username or email: user1
2026-03-10T19:01:55.995+05:30 DEBUG 14700 --- [http-nio-8080-exec-8] o.s.security.web.FilterChainProxy        : Secured POST /api/business/posts/73/impression
2026-03-10T19:01:55.995+05:30 DEBUG 14700 --- [http-nio-8080-exec-5] o.s.security.web.FilterChainProxy        : Secured GET /api/bookmarks/posts/73/status
2026-03-10T19:01:55.995+05:30 DEBUG 14700 --- [http-nio-8080-exec-9] o.s.security.web.FilterChainProxy        : Securing POST /api/business/posts/73/view
2026-03-10T19:01:55.995+05:30 DEBUG 14700 --- [http-nio-8080-exec-8] o.r.r.controller.BusinessController      : Recording impression for post: 73
2026-03-10T19:01:55.995+05:30  INFO 14700 --- [http-nio-8080-exec-5] o.r.r.controller.BookmarkController      : Check bookmark status for post ID: 73
2026-03-10T19:01:55.996+05:30 DEBUG 14700 --- [http-nio-8080-exec-9] o.r.r.service.CustomUserDetailsService   : Loading user by username or email: user1
2026-03-10T19:01:55.996+05:30 DEBUG 14700 --- [http-nio-8080-exec-8] o.r.revconnect.service.BusinessService   : Recording impression for post: 73
2026-03-10T19:01:56.005+05:30 DEBUG 14700 --- [http-nio-8080-exec-9] o.s.security.web.FilterChainProxy        : Secured POST /api/business/posts/73/view
2026-03-10T19:01:56.006+05:30 DEBUG 14700 --- [http-nio-8080-exec-9] o.r.r.controller.BusinessController      : Recording view for post: 73
2026-03-10T19:01:56.006+05:30 DEBUG 14700 --- [http-nio-8080-exec-9] o.r.revconnect.service.BusinessService   : Recording view for post: 73
2026-03-10T19:01:56.007+05:30 DEBUG 14700 --- [http-nio-8080-exec-6] o.s.security.web.FilterChainProxy        : Securing POST /api/business/posts/72/impression
2026-03-10T19:01:56.007+05:30 DEBUG 14700 --- [http-nio-8080-exec-3] o.s.security.web.FilterChainProxy        : Securing POST /api/business/posts/72/view
2026-03-10T19:01:56.007+05:30 DEBUG 14700 --- [http-nio-8080-exec-3] o.r.r.service.CustomUserDetailsService   : Loading user by username or email: user1
2026-03-10T19:01:56.008+05:30 DEBUG 14700 --- [http-nio-8080-exec-6] o.r.r.service.CustomUserDetailsService   : Loading user by username or email: user1
2026-03-10T19:01:56.009+05:30 DEBUG 14700 --- [http-nio-8080-exec-10] o.s.security.web.FilterChainProxy        : Securing GET /api/posts/72/liked
2026-03-10T19:01:56.010+05:30 DEBUG 14700 --- [http-nio-8080-exec-10] o.r.r.service.CustomUserDetailsService   : Loading user by username or email: user1
2026-03-10T19:01:56.014+05:30 DEBUG 14700 --- [http-nio-8080-exec-6] o.s.security.web.FilterChainProxy        : Secured POST /api/business/posts/72/impression
2026-03-10T19:01:56.015+05:30 DEBUG 14700 --- [http-nio-8080-exec-6] o.r.r.controller.BusinessController      : Recording impression for post: 72
2026-03-10T19:01:56.016+05:30 DEBUG 14700 --- [http-nio-8080-exec-10] o.s.security.web.FilterChainProxy        : Secured GET /api/posts/72/liked
2026-03-10T19:01:56.016+05:30 DEBUG 14700 --- [http-nio-8080-exec-3] o.s.security.web.FilterChainProxy        : Secured POST /api/business/posts/72/view
2026-03-10T19:01:56.016+05:30 DEBUG 14700 --- [http-nio-8080-exec-6] o.r.revconnect.service.BusinessService   : Recording impression for post: 72
2026-03-10T19:01:56.017+05:30 DEBUG 14700 --- [http-nio-8080-exec-3] o.r.r.controller.BusinessController      : Recording view for post: 72
2026-03-10T19:01:56.017+05:30  INFO 14700 --- [http-nio-8080-exec-10] o.r.r.controller.InteractionController   : Check like status for post ID: 72
2026-03-10T19:01:56.018+05:30 DEBUG 14700 --- [http-nio-8080-exec-4] o.s.security.web.FilterChainProxy        : Securing GET /api/bookmarks/posts/72/status
2026-03-10T19:01:56.018+05:30 DEBUG 14700 --- [http-nio-8080-exec-3] o.r.revconnect.service.BusinessService   : Recording view for post: 72
2026-03-10T19:01:56.018+05:30 DEBUG 14700 --- [http-nio-8080-exec-1] o.s.security.web.FilterChainProxy        : Securing POST /api/business/posts/71/impression
2026-03-10T19:01:56.019+05:30 DEBUG 14700 --- [http-nio-8080-exec-4] o.r.r.service.CustomUserDetailsService   : Loading user by username or email: user1
2026-03-10T19:01:56.019+05:30 DEBUG 14700 --- [http-nio-8080-exec-1] o.r.r.service.CustomUserDetailsService   : Loading user by username or email: user1
2026-03-10T19:01:56.026+05:30 DEBUG 14700 --- [http-nio-8080-exec-7] o.s.security.web.FilterChainProxy        : Securing GET /api/posts/71/liked
2026-03-10T19:01:56.026+05:30 DEBUG 14700 --- [http-nio-8080-exec-4] o.s.security.web.FilterChainProxy        : Secured GET /api/bookmarks/posts/72/status
2026-03-10T19:01:56.026+05:30 DEBUG 14700 --- [http-nio-8080-exec-1] o.s.security.web.FilterChainProxy        : Secured POST /api/business/posts/71/impression
2026-03-10T19:01:56.026+05:30 DEBUG 14700 --- [http-nio-8080-exec-7] o.r.r.service.CustomUserDetailsService   : Loading user by username or email: user1
2026-03-10T19:01:56.027+05:30 DEBUG 14700 --- [http-nio-8080-exec-1] o.r.r.controller.BusinessController      : Recording impression for post: 71
2026-03-10T19:01:56.027+05:30  INFO 14700 --- [http-nio-8080-exec-4] o.r.r.controller.BookmarkController      : Check bookmark status for post ID: 72
2026-03-10T19:01:56.028+05:30 DEBUG 14700 --- [http-nio-8080-exec-1] o.r.revconnect.service.BusinessService   : Recording impression for post: 71
2026-03-10T19:01:56.031+05:30 DEBUG 14700 --- [http-nio-8080-exec-2] o.s.security.web.FilterChainProxy        : Securing GET /api/bookmarks/posts/71/status
2026-03-10T19:01:56.032+05:30 DEBUG 14700 --- [http-nio-8080-exec-2] o.r.r.service.CustomUserDetailsService   : Loading user by username or email: user1
2026-03-10T19:01:56.033+05:30 DEBUG 14700 --- [http-nio-8080-exec-7] o.s.security.web.FilterChainProxy        : Secured GET /api/posts/71/liked
2026-03-10T19:01:56.034+05:30  INFO 14700 --- [http-nio-8080-exec-7] o.r.r.controller.InteractionController   : Check like status for post ID: 71
2026-03-10T19:01:56.040+05:30 DEBUG 14700 --- [http-nio-8080-exec-8] o.s.security.web.FilterChainProxy        : Securing POST /api/business/posts/71/view
2026-03-10T19:01:56.040+05:30 DEBUG 14700 --- [http-nio-8080-exec-8] o.r.r.service.CustomUserDetailsService   : Loading user by username or email: user1
2026-03-10T19:01:56.041+05:30 DEBUG 14700 --- [http-nio-8080-exec-2] o.s.security.web.FilterChainProxy        : Secured GET /api/bookmarks/posts/71/status
2026-03-10T19:01:56.042+05:30  INFO 14700 --- [http-nio-8080-exec-2] o.r.r.controller.BookmarkController      : Check bookmark status for post ID: 71
2026-03-10T19:01:56.046+05:30 DEBUG 14700 --- [http-nio-8080-exec-5] o.s.security.web.FilterChainProxy        : Securing GET /api/posts/70/liked
2026-03-10T19:01:56.046+05:30 DEBUG 14700 --- [http-nio-8080-exec-5] o.r.r.service.CustomUserDetailsService   : Loading user by username or email: user1
2026-03-10T19:01:56.047+05:30 DEBUG 14700 --- [http-nio-8080-exec-8] o.s.security.web.FilterChainProxy        : Secured POST /api/business/posts/71/view
2026-03-10T19:01:56.047+05:30 DEBUG 14700 --- [http-nio-8080-exec-8] o.r.r.controller.BusinessController      : Recording view for post: 71
2026-03-10T19:01:56.048+05:30 DEBUG 14700 --- [http-nio-8080-exec-8] o.r.revconnect.service.BusinessService   : Recording view for post: 71
2026-03-10T19:01:56.053+05:30 DEBUG 14700 --- [http-nio-8080-exec-9] o.s.security.web.FilterChainProxy        : Securing POST /api/business/posts/70/impression
2026-03-10T19:01:56.053+05:30 DEBUG 14700 --- [http-nio-8080-exec-10] o.s.security.web.FilterChainProxy        : Securing POST /api/business/posts/70/view
2026-03-10T19:01:56.053+05:30 DEBUG 14700 --- [http-nio-8080-exec-5] o.s.security.web.FilterChainProxy        : Secured GET /api/posts/70/liked
2026-03-10T19:01:56.054+05:30 DEBUG 14700 --- [http-nio-8080-exec-6] o.s.security.web.FilterChainProxy        : Securing GET /api/bookmarks/posts/70/status
2026-03-10T19:01:56.054+05:30  INFO 14700 --- [http-nio-8080-exec-5] o.r.r.controller.InteractionController   : Check like status for post ID: 70
2026-03-10T19:01:56.054+05:30 DEBUG 14700 --- [http-nio-8080-exec-10] o.r.r.service.CustomUserDetailsService   : Loading user by username or email: user1
2026-03-10T19:01:56.055+05:30 DEBUG 14700 --- [http-nio-8080-exec-6] o.r.r.service.CustomUserDetailsService   : Loading user by username or email: user1
2026-03-10T19:01:56.054+05:30 DEBUG 14700 --- [http-nio-8080-exec-9] o.r.r.service.CustomUserDetailsService   : Loading user by username or email: user1
2026-03-10T19:01:56.060+05:30 DEBUG 14700 --- [http-nio-8080-exec-6] o.s.security.web.FilterChainProxy        : Secured GET /api/bookmarks/posts/70/status
2026-03-10T19:01:56.061+05:30 DEBUG 14700 --- [http-nio-8080-exec-10] o.s.security.web.FilterChainProxy        : Secured POST /api/business/posts/70/view
2026-03-10T19:01:56.061+05:30  INFO 14700 --- [http-nio-8080-exec-6] o.r.r.controller.BookmarkController      : Check bookmark status for post ID: 70
2026-03-10T19:01:56.061+05:30 DEBUG 14700 --- [http-nio-8080-exec-10] o.r.r.controller.BusinessController      : Recording view for post: 70
2026-03-10T19:01:56.062+05:30 DEBUG 14700 --- [http-nio-8080-exec-9] o.s.security.web.FilterChainProxy        : Secured POST /api/business/posts/70/impression
2026-03-10T19:01:56.062+05:30 DEBUG 14700 --- [http-nio-8080-exec-10] o.r.revconnect.service.BusinessService   : Recording view for post: 70
2026-03-10T19:01:56.062+05:30 DEBUG 14700 --- [http-nio-8080-exec-3] o.s.security.web.FilterChainProxy        : Securing GET /api/posts/69/liked
2026-03-10T19:01:56.062+05:30 DEBUG 14700 --- [http-nio-8080-exec-9] o.r.r.controller.BusinessController      : Recording impression for post: 70
2026-03-10T19:01:56.062+05:30 DEBUG 14700 --- [http-nio-8080-exec-3] o.r.r.service.CustomUserDetailsService   : Loading user by username or email: user1
2026-03-10T19:01:56.063+05:30 DEBUG 14700 --- [http-nio-8080-exec-9] o.r.revconnect.service.BusinessService   : Recording impression for post: 70
2026-03-10T19:01:56.067+05:30 DEBUG 14700 --- [http-nio-8080-exec-7] o.s.security.web.FilterChainProxy        : Securing POST /api/business/posts/69/impression
2026-03-10T19:01:56.068+05:30 DEBUG 14700 --- [http-nio-8080-exec-7] o.r.r.service.CustomUserDetailsService   : Loading user by username or email: user1
2026-03-10T19:01:56.069+05:30 DEBUG 14700 --- [http-nio-8080-exec-4] o.s.security.web.FilterChainProxy        : Securing POST /api/business/posts/69/view
2026-03-10T19:01:56.069+05:30 DEBUG 14700 --- [http-nio-8080-exec-4] o.r.r.service.CustomUserDetailsService   : Loading user by username or email: user1
2026-03-10T19:01:56.069+05:30 DEBUG 14700 --- [http-nio-8080-exec-3] o.s.security.web.FilterChainProxy        : Secured GET /api/posts/69/liked
2026-03-10T19:01:56.071+05:30  INFO 14700 --- [http-nio-8080-exec-3] o.r.r.controller.InteractionController   : Check like status for post ID: 69
2026-03-10T19:01:56.075+05:30 DEBUG 14700 --- [http-nio-8080-exec-7] o.s.security.web.FilterChainProxy        : Secured POST /api/business/posts/69/impression
2026-03-10T19:01:56.076+05:30 DEBUG 14700 --- [http-nio-8080-exec-7] o.r.r.controller.BusinessController      : Recording impression for post: 69
2026-03-10T19:01:56.076+05:30 DEBUG 14700 --- [http-nio-8080-exec-4] o.s.security.web.FilterChainProxy        : Secured POST /api/business/posts/69/view
2026-03-10T19:01:56.077+05:30 DEBUG 14700 --- [http-nio-8080-exec-7] o.r.revconnect.service.BusinessService   : Recording impression for post: 69
2026-03-10T19:01:56.077+05:30 DEBUG 14700 --- [http-nio-8080-exec-4] o.r.r.controller.BusinessController      : Recording view for post: 69
2026-03-10T19:01:56.078+05:30 DEBUG 14700 --- [http-nio-8080-exec-4] o.r.revconnect.service.BusinessService   : Recording view for post: 69
2026-03-10T19:01:56.083+05:30 DEBUG 14700 --- [http-nio-8080-exec-1] o.s.security.web.FilterChainProxy        : Securing GET /api/bookmarks/posts/69/status
2026-03-10T19:01:56.083+05:30 DEBUG 14700 --- [http-nio-8080-exec-2] o.s.security.web.FilterChainProxy        : Securing POST /api/business/posts/66/impression
2026-03-10T19:01:56.084+05:30 DEBUG 14700 --- [http-nio-8080-exec-1] o.r.r.service.CustomUserDetailsService   : Loading user by username or email: user1
2026-03-10T19:01:56.084+05:30 DEBUG 14700 --- [http-nio-8080-exec-2] o.r.r.service.CustomUserDetailsService   : Loading user by username or email: user1
2026-03-10T19:01:56.086+05:30 DEBUG 14700 --- [http-nio-8080-exec-8] o.s.security.web.FilterChainProxy        : Securing GET /api/posts/66/liked
2026-03-10T19:01:56.087+05:30 DEBUG 14700 --- [http-nio-8080-exec-8] o.r.r.service.CustomUserDetailsService   : Loading user by username or email: user1
2026-03-10T19:01:56.089+05:30 DEBUG 14700 --- [http-nio-8080-exec-5] o.s.security.web.FilterChainProxy        : Securing GET /api/bookmarks/posts/66/status
2026-03-10T19:01:56.090+05:30 DEBUG 14700 --- [http-nio-8080-exec-5] o.r.r.service.CustomUserDetailsService   : Loading user by username or email: user1
2026-03-10T19:01:56.091+05:30 DEBUG 14700 --- [http-nio-8080-exec-1] o.s.security.web.FilterChainProxy        : Secured GET /api/bookmarks/posts/69/status
2026-03-10T19:01:56.092+05:30 DEBUG 14700 --- [http-nio-8080-exec-2] o.s.security.web.FilterChainProxy        : Secured POST /api/business/posts/66/impression
2026-03-10T19:01:56.092+05:30  INFO 14700 --- [http-nio-8080-exec-1] o.r.r.controller.BookmarkController      : Check bookmark status for post ID: 69
2026-03-10T19:01:56.092+05:30 DEBUG 14700 --- [http-nio-8080-exec-2] o.r.r.controller.BusinessController      : Recording impression for post: 66
2026-03-10T19:01:56.093+05:30 DEBUG 14700 --- [http-nio-8080-exec-8] o.s.security.web.FilterChainProxy        : Secured GET /api/posts/66/liked
2026-03-10T19:01:56.093+05:30 DEBUG 14700 --- [http-nio-8080-exec-2] o.r.revconnect.service.BusinessService   : Recording impression for post: 66
2026-03-10T19:01:56.093+05:30  INFO 14700 --- [http-nio-8080-exec-8] o.r.r.controller.InteractionController   : Check like status for post ID: 66
2026-03-10T19:01:56.094+05:30 DEBUG 14700 --- [http-nio-8080-exec-10] o.s.security.web.FilterChainProxy        : Securing POST /api/business/posts/66/view
2026-03-10T19:01:56.095+05:30 DEBUG 14700 --- [http-nio-8080-exec-10] o.r.r.service.CustomUserDetailsService   : Loading user by username or email: user1
2026-03-10T19:01:56.095+05:30 DEBUG 14700 --- [http-nio-8080-exec-5] o.s.security.web.FilterChainProxy        : Secured GET /api/bookmarks/posts/66/status
2026-03-10T19:01:56.095+05:30  INFO 14700 --- [http-nio-8080-exec-5] o.r.r.controller.BookmarkController      : Check bookmark status for post ID: 66
2026-03-10T19:01:56.097+05:30 DEBUG 14700 --- [http-nio-8080-exec-6] o.s.security.web.FilterChainProxy        : Securing GET /uploads/media/1/profile/399af8b4-7629-4b96-b1a0-e2779793a067.jpg
2026-03-10T19:01:56.097+05:30 DEBUG 14700 --- [http-nio-8080-exec-6] o.s.s.w.a.AnonymousAuthenticationFilter  : Set SecurityContextHolder to anonymous SecurityContext
2026-03-10T19:01:56.097+05:30 DEBUG 14700 --- [http-nio-8080-exec-6] o.s.security.web.FilterChainProxy        : Secured GET /uploads/media/1/profile/399af8b4-7629-4b96-b1a0-e2779793a067.jpg
2026-03-10T19:01:56.100+05:30  WARN 14700 --- [http-nio-8080-exec-6] .m.m.a.ExceptionHandlerExceptionResolver : Resolved [org.springframework.web.servlet.resource.NoResourceFoundException: No static resource media/1/profile/399af8b4-7629-4b96-b1a0-e2779793a067.jpg.]
2026-03-10T19:01:56.101+05:30 DEBUG 14700 --- [http-nio-8080-exec-10] o.s.security.web.FilterChainProxy        : Secured POST /api/business/posts/66/view
2026-03-10T19:01:56.102+05:30 DEBUG 14700 --- [http-nio-8080-exec-10] o.r.r.controller.BusinessController      : Recording view for post: 66
2026-03-10T19:01:56.104+05:30 DEBUG 14700 --- [http-nio-8080-exec-10] o.r.revconnect.service.BusinessService   : Recording view for post: 66
2026-03-10T19:01:56.108+05:30 DEBUG 14700 --- [http-nio-8080-exec-3] o.s.security.web.FilterChainProxy        : Securing GET /uploads/media/1/generic/b4ba7ced-9876-4b70-a8d5-b6e7606b50ca.png
2026-03-10T19:01:56.108+05:30 DEBUG 14700 --- [http-nio-8080-exec-3] o.s.s.w.a.AnonymousAuthenticationFilter  : Set SecurityContextHolder to anonymous SecurityContext
2026-03-10T19:01:56.108+05:30 DEBUG 14700 --- [http-nio-8080-exec-3] o.s.security.web.FilterChainProxy        : Secured GET /uploads/media/1/generic/b4ba7ced-9876-4b70-a8d5-b6e7606b50ca.png
2026-03-10T19:01:56.113+05:30 DEBUG 14700 --- [http-nio-8080-exec-9] o.s.security.web.FilterChainProxy        : Securing GET /uploads/media/4/profile/1a12ec78-6437-4714-a3b0-c9cbde62ccd7.jpg
2026-03-10T19:01:56.113+05:30 DEBUG 14700 --- [http-nio-8080-exec-9] o.s.s.w.a.AnonymousAuthenticationFilter  : Set SecurityContextHolder to anonymous SecurityContext
2026-03-10T19:01:56.113+05:30 DEBUG 14700 --- [http-nio-8080-exec-9] o.s.security.web.FilterChainProxy        : Secured GET /uploads/media/4/profile/1a12ec78-6437-4714-a3b0-c9cbde62ccd7.jpg
2026-03-10T19:01:56.114+05:30 DEBUG 14700 --- [http-nio-8080-exec-7] o.s.security.web.FilterChainProxy        : Securing GET /uploads/media/4/generic/afba8f70-b62a-4091-aed6-fae68bce0a65.jpg
2026-03-10T19:01:56.114+05:30 DEBUG 14700 --- [http-nio-8080-exec-7] o.s.s.w.a.AnonymousAuthenticationFilter  : Set SecurityContextHolder to anonymous SecurityContext
2026-03-10T19:01:56.114+05:30 DEBUG 14700 --- [http-nio-8080-exec-7] o.s.security.web.FilterChainProxy        : Secured GET /uploads/media/4/generic/afba8f70-b62a-4091-aed6-fae68bce0a65.jpg
2026-03-10T19:01:56.114+05:30 DEBUG 14700 --- [http-nio-8080-exec-4] o.s.security.web.FilterChainProxy        : Securing GET /uploads/media/1/generic/7fde1b47-8060-46da-9571-91aafb55d03d.jpg
2026-03-10T19:01:56.115+05:30 DEBUG 14700 --- [http-nio-8080-exec-4] o.s.s.w.a.AnonymousAuthenticationFilter  : Set SecurityContextHolder to anonymous SecurityContext
2026-03-10T19:01:56.115+05:30 DEBUG 14700 --- [http-nio-8080-exec-4] o.s.security.web.FilterChainProxy        : Secured GET /uploads/media/1/generic/7fde1b47-8060-46da-9571-91aafb55d03d.jpg
2026-03-10T19:01:56.116+05:30  WARN 14700 --- [http-nio-8080-exec-9] .m.m.a.ExceptionHandlerExceptionResolver : Resolved [org.springframework.web.servlet.resource.NoResourceFoundException: No static resource media/4/profile/1a12ec78-6437-4714-a3b0-c9cbde62ccd7.jpg.]
2026-03-10T19:01:56.116+05:30  WARN 14700 --- [http-nio-8080-exec-7] .m.m.a.ExceptionHandlerExceptionResolver : Resolved [org.springframework.web.servlet.resource.NoResourceFoundException: No static resource media/4/generic/afba8f70-b62a-4091-aed6-fae68bce0a65.jpg.]
2026-03-10T19:01:56.118+05:30  WARN 14700 --- [http-nio-8080-exec-4] .m.m.a.ExceptionHandlerExceptionResolver : Resolved [org.springframework.web.servlet.resource.NoResourceFoundException: No static resource media/1/generic/7fde1b47-8060-46da-9571-91aafb55d03d.jpg.]
2026-03-10T19:01:56.126+05:30 DEBUG 14700 --- [http-nio-8080-exec-8] o.s.security.web.FilterChainProxy        : Securing GET /uploads/media/4/generic/ea0f2604-2300-4567-b0df-24461f5dc2be.jpg
2026-03-10T19:01:56.126+05:30 DEBUG 14700 --- [http-nio-8080-exec-6] o.s.security.web.FilterChainProxy        : Securing GET /uploads/media/1/generic/0566907f-e3e4-4d66-9b90-efebf8aa1a77.jpg
2026-03-10T19:01:56.126+05:30 DEBUG 14700 --- [http-nio-8080-exec-8] o.s.s.w.a.AnonymousAuthenticationFilter  : Set SecurityContextHolder to anonymous SecurityContext
2026-03-10T19:01:56.126+05:30 DEBUG 14700 --- [http-nio-8080-exec-8] o.s.security.web.FilterChainProxy        : Secured GET /uploads/media/4/generic/ea0f2604-2300-4567-b0df-24461f5dc2be.jpg
2026-03-10T19:01:56.126+05:30 DEBUG 14700 --- [http-nio-8080-exec-6] o.s.s.w.a.AnonymousAuthenticationFilter  : Set SecurityContextHolder to anonymous SecurityContext
2026-03-10T19:01:56.126+05:30 DEBUG 14700 --- [http-nio-8080-exec-6] o.s.security.web.FilterChainProxy        : Secured GET /uploads/media/1/generic/0566907f-e3e4-4d66-9b90-efebf8aa1a77.jpg
2026-03-10T19:01:56.128+05:30  WARN 14700 --- [http-nio-8080-exec-6] .m.m.a.ExceptionHandlerExceptionResolver : Resolved [org.springframework.web.servlet.resource.NoResourceFoundException: No static resource media/1/generic/0566907f-e3e4-4d66-9b90-efebf8aa1a77.jpg.]
2026-03-10T19:01:56.128+05:30  WARN 14700 --- [http-nio-8080-exec-8] .m.m.a.ExceptionHandlerExceptionResolver : Resolved [org.springframework.web.servlet.resource.NoResourceFoundException: No static resource media/4/generic/ea0f2604-2300-4567-b0df-24461f5dc2be.jpg.]
2026-03-10T19:01:56.130+05:30 DEBUG 14700 --- [http-nio-8080-exec-2] o.s.security.web.FilterChainProxy        : Securing GET /uploads/media/1/generic/66efcb11-e753-40ca-8db2-72d7eb62ea46.jpg
2026-03-10T19:01:56.130+05:30 DEBUG 14700 --- [http-nio-8080-exec-2] o.s.s.w.a.AnonymousAuthenticationFilter  : Set SecurityContextHolder to anonymous SecurityContext
2026-03-10T19:01:56.130+05:30 DEBUG 14700 --- [http-nio-8080-exec-2] o.s.security.web.FilterChainProxy        : Secured GET /uploads/media/1/generic/66efcb11-e753-40ca-8db2-72d7eb62ea46.jpg
2026-03-10T19:01:56.130+05:30 DEBUG 14700 --- [http-nio-8080-exec-1] o.s.security.web.FilterChainProxy        : Securing GET /uploads/media/11/profile/a98ad951-1fa6-4b6c-84cf-fd97d589c8ea.jpg
2026-03-10T19:01:56.131+05:30 DEBUG 14700 --- [http-nio-8080-exec-1] o.s.s.w.a.AnonymousAuthenticationFilter  : Set SecurityContextHolder to anonymous SecurityContext
2026-03-10T19:01:56.131+05:30 DEBUG 14700 --- [http-nio-8080-exec-1] o.s.security.web.FilterChainProxy        : Secured GET /uploads/media/11/profile/a98ad951-1fa6-4b6c-84cf-fd97d589c8ea.jpg
2026-03-10T19:01:56.132+05:30  WARN 14700 --- [http-nio-8080-exec-2] .m.m.a.ExceptionHandlerExceptionResolver : Resolved [org.springframework.web.servlet.resource.NoResourceFoundException: No static resource media/1/generic/66efcb11-e753-40ca-8db2-72d7eb62ea46.jpg.]
2026-03-10T19:01:56.133+05:30  WARN 14700 --- [http-nio-8080-exec-1] .m.m.a.ExceptionHandlerExceptionResolver : Resolved [org.springframework.web.servlet.resource.NoResourceFoundException: No static resource media/11/profile/a98ad951-1fa6-4b6c-84cf-fd97d589c8ea.jpg.]
2026-03-10T19:01:56.134+05:30 DEBUG 14700 --- [http-nio-8080-exec-5] o.s.security.web.FilterChainProxy        : Securing GET /uploads/media/11/generic/e7feafd5-9318-4c78-b84a-1eea8175cca3.jpg
2026-03-10T19:01:56.134+05:30 DEBUG 14700 --- [http-nio-8080-exec-5] o.s.s.w.a.AnonymousAuthenticationFilter  : Set SecurityContextHolder to anonymous SecurityContext
2026-03-10T19:01:56.134+05:30 DEBUG 14700 --- [http-nio-8080-exec-5] o.s.security.web.FilterChainProxy        : Secured GET /uploads/media/11/generic/e7feafd5-9318-4c78-b84a-1eea8175cca3.jpg
2026-03-10T19:01:56.136+05:30  WARN 14700 --- [http-nio-8080-exec-5] .m.m.a.ExceptionHandlerExceptionResolver : Resolved [org.springframework.web.servlet.resource.NoResourceFoundException: No static resource media/11/generic/e7feafd5-9318-4c78-b84a-1eea8175cca3.jpg.]
2026-03-10T19:01:56.137+05:30 DEBUG 14700 --- [http-nio-8080-exec-3] o.s.security.web.FilterChainProxy        : Securing GET /uploads/media/4/video/e5b4263b-b2b4-45bd-8671-d1b46b1a6348.mp4
2026-03-10T19:01:56.137+05:30 DEBUG 14700 --- [http-nio-8080-exec-3] o.s.s.w.a.AnonymousAuthenticationFilter  : Set SecurityContextHolder to anonymous SecurityContext
2026-03-10T19:01:56.137+05:30 DEBUG 14700 --- [http-nio-8080-exec-3] o.s.security.web.FilterChainProxy        : Secured GET /uploads/media/4/video/e5b4263b-b2b4-45bd-8671-d1b46b1a6348.mp4
2026-03-10T19:01:56.139+05:30  WARN 14700 --- [http-nio-8080-exec-3] .m.m.a.ExceptionHandlerExceptionResolver : Resolved [org.springframework.web.servlet.resource.NoResourceFoundException: No static resource media/4/video/e5b4263b-b2b4-45bd-8671-d1b46b1a6348.mp4.]
2026-03-10T19:01:56.143+05:30 DEBUG 14700 --- [http-nio-8080-exec-9] o.s.security.web.FilterChainProxy        : Securing GET /uploads/media/1/video/99f88e69-e838-4464-8561-a62b7544a441.mp4
2026-03-10T19:01:56.143+05:30 DEBUG 14700 --- [http-nio-8080-exec-10] o.s.security.web.FilterChainProxy        : Securing GET /uploads/media/4/video/e856b82e-d555-4135-a76a-920f9532f5ff.mp4
2026-03-10T19:01:56.143+05:30 DEBUG 14700 --- [http-nio-8080-exec-9] o.s.s.w.a.AnonymousAuthenticationFilter  : Set SecurityContextHolder to anonymous SecurityContext
2026-03-10T19:01:56.143+05:30 DEBUG 14700 --- [http-nio-8080-exec-10] o.s.s.w.a.AnonymousAuthenticationFilter  : Set SecurityContextHolder to anonymous SecurityContext
2026-03-10T19:01:56.143+05:30 DEBUG 14700 --- [http-nio-8080-exec-9] o.s.security.web.FilterChainProxy        : Secured GET /uploads/media/1/video/99f88e69-e838-4464-8561-a62b7544a441.mp4
2026-03-10T19:01:56.143+05:30 DEBUG 14700 --- [http-nio-8080-exec-10] o.s.security.web.FilterChainProxy        : Secured GET /uploads/media/4/video/e856b82e-d555-4135-a76a-920f9532f5ff.mp4
2026-03-10T19:01:56.144+05:30  WARN 14700 --- [http-nio-8080-exec-10] .m.m.a.ExceptionHandlerExceptionResolver : Resolved [org.springframework.web.servlet.resource.NoResourceFoundException: No static resource media/4/video/e856b82e-d555-4135-a76a-920f9532f5ff.mp4.]
2026-03-10T19:01:56.144+05:30  WARN 14700 --- [http-nio-8080-exec-9] .m.m.a.ExceptionHandlerExceptionResolver : Resolved [org.springframework.web.servlet.resource.NoResourceFoundException: No static resource media/1/video/99f88e69-e838-4464-8561-a62b7544a441.mp4.]
2026-03-10T19:02:24.522+05:30 DEBUG 14700 --- [http-nio-8080-exec-7] o.s.security.web.FilterChainProxy        : Securing GET /api/messages/unread/count
2026-03-10T19:02:24.523+05:30 DEBUG 14700 --- [http-nio-8080-exec-7] o.r.r.service.CustomUserDetailsService   : Loading user by username or email: user1
2026-03-10T19:02:24.536+05:30 DEBUG 14700 --- [http-nio-8080-exec-7] o.s.security.web.FilterChainProxy        : Secured GET /api/messages/unread/count
2026-03-10T19:02:24.537+05:30  INFO 14700 --- [http-nio-8080-exec-7] o.r.r.controller.MessageController       : Getting unread message count
2026-03-10T19:02:54.520+05:30 DEBUG 14700 --- [http-nio-8080-exec-4] o.s.security.web.FilterChainProxy        : Securing GET /api/messages/unread/count
2026-03-10T19:02:54.521+05:30 DEBUG 14700 --- [http-nio-8080-exec-4] o.r.r.service.CustomUserDetailsService   : Loading user by username or email: user1
2026-03-10T19:02:54.533+05:30 DEBUG 14700 --- [http-nio-8080-exec-4] o.s.security.web.FilterChainProxy        : Secured GET /api/messages/unread/count
2026-03-10T19:02:54.534+05:30  INFO 14700 --- [http-nio-8080-exec-4] o.r.r.controller.MessageController       : Getting unread message count
2026-03-10T19:03:24.535+05:30 DEBUG 14700 --- [http-nio-8080-exec-6] o.s.security.web.FilterChainProxy        : Securing GET /api/messages/unread/count
2026-03-10T19:03:24.536+05:30 DEBUG 14700 --- [http-nio-8080-exec-6] o.r.r.service.CustomUserDetailsService   : Loading user by username or email: user1
2026-03-10T19:03:24.546+05:30 DEBUG 14700 --- [http-nio-8080-exec-6] o.s.security.web.FilterChainProxy        : Secured GET /api/messages/unread/count
2026-03-10T19:03:24.546+05:30  INFO 14700 --- [http-nio-8080-exec-6] o.r.r.controller.MessageController       : Getting unread message count
2026-03-10T19:03:54.532+05:30 DEBUG 14700 --- [http-nio-8080-exec-8] o.s.security.web.FilterChainProxy        : Securing GET /api/messages/unread/count
2026-03-10T19:03:54.534+05:30 DEBUG 14700 --- [http-nio-8080-exec-8] o.r.r.service.CustomUserDetailsService   : Loading user by username or email: user1
2026-03-10T19:03:54.547+05:30 DEBUG 14700 --- [http-nio-8080-exec-8] o.s.security.web.FilterChainProxy        : Secured GET /api/messages/unread/count
2026-03-10T19:03:54.548+05:30  INFO 14700 --- [http-nio-8080-exec-8] o.r.r.controller.MessageController       : Getting unread message count
2026-03-10T19:04:24.524+05:30 DEBUG 14700 --- [http-nio-8080-exec-2] o.s.security.web.FilterChainProxy        : Securing GET /api/messages/unread/count
2026-03-10T19:04:24.525+05:30 DEBUG 14700 --- [http-nio-8080-exec-2] o.r.r.service.CustomUserDetailsService   : Loading user by username or email: user1
2026-03-10T19:04:24.535+05:30 DEBUG 14700 --- [http-nio-8080-exec-2] o.s.security.web.FilterChainProxy        : Secured GET /api/messages/unread/count
2026-03-10T19:04:24.536+05:30  INFO 14700 --- [http-nio-8080-exec-2] o.r.r.controller.MessageController       : Getting unread message count
2026-03-10T19:05:02.527+05:30 DEBUG 14700 --- [http-nio-8080-exec-1] o.s.security.web.FilterChainProxy        : Securing GET /api/messages/unread/count
2026-03-10T19:05:02.529+05:30 DEBUG 14700 --- [http-nio-8080-exec-1] o.r.r.service.CustomUserDetailsService   : Loading user by username or email: user1
2026-03-10T19:05:02.539+05:30 DEBUG 14700 --- [http-nio-8080-exec-1] o.s.security.web.FilterChainProxy        : Secured GET /api/messages/unread/count
2026-03-10T19:05:02.540+05:30  INFO 14700 --- [http-nio-8080-exec-1] o.r.r.controller.MessageController       : Getting unread message count
2026-03-10T19:06:03.533+05:30 DEBUG 14700 --- [http-nio-8080-exec-5] o.s.security.web.FilterChainProxy        : Securing GET /api/messages/unread/count
2026-03-10T19:06:03.535+05:30 DEBUG 14700 --- [http-nio-8080-exec-5] o.r.r.service.CustomUserDetailsService   : Loading user by username or email: user1
2026-03-10T19:06:03.545+05:30 DEBUG 14700 --- [http-nio-8080-exec-5] o.s.security.web.FilterChainProxy        : Secured GET /api/messages/unread/count
2026-03-10T19:06:03.546+05:30  INFO 14700 --- [http-nio-8080-exec-5] o.r.r.controller.MessageController       : Getting unread message count
2026-03-10T19:06:25.611+05:30 DEBUG 14700 --- [http-nio-8080-exec-3] o.s.security.web.FilterChainProxy        : Securing GET /api/messages/unread/count
2026-03-10T19:06:25.614+05:30 DEBUG 14700 --- [http-nio-8080-exec-3] o.r.r.service.CustomUserDetailsService   : Loading user by username or email: user1
2026-03-10T19:06:25.625+05:30 DEBUG 14700 --- [http-nio-8080-exec-3] o.s.security.web.FilterChainProxy        : Secured GET /api/messages/unread/count
2026-03-10T19:06:25.625+05:30  INFO 14700 --- [http-nio-8080-exec-3] o.r.r.controller.MessageController       : Getting unread message count
2026-03-10T19:06:47.415+05:30 DEBUG 14700 --- [http-nio-8080-exec-10] o.s.security.web.FilterChainProxy        : Securing POST /api/media/upload
2026-03-10T19:06:47.417+05:30 DEBUG 14700 --- [http-nio-8080-exec-10] o.r.r.service.CustomUserDetailsService   : Loading user by username or email: user1
2026-03-10T19:06:47.430+05:30 DEBUG 14700 --- [http-nio-8080-exec-10] o.s.security.web.FilterChainProxy        : Secured POST /api/media/upload
2026-03-10T19:06:47.450+05:30  INFO 14700 --- [http-nio-8080-exec-10] o.r.r.controller.MediaController         : Uploading file: diet.png
2026-03-10T19:06:47.508+05:30 DEBUG 14700 --- [http-nio-8080-exec-9] o.s.security.web.FilterChainProxy        : Securing POST /api/stories?mediaUrl=/uploads/media/1/generic/09822f6e-4c29-42d9-af0a-3ded0d638999.png
2026-03-10T19:06:47.509+05:30 DEBUG 14700 --- [http-nio-8080-exec-9] o.r.r.service.CustomUserDetailsService   : Loading user by username or email: user1
2026-03-10T19:06:47.522+05:30 DEBUG 14700 --- [http-nio-8080-exec-9] o.s.security.web.FilterChainProxy        : Secured POST /api/stories?mediaUrl=/uploads/media/1/generic/09822f6e-4c29-42d9-af0a-3ded0d638999.png
2026-03-10T19:06:47.525+05:30  INFO 14700 --- [http-nio-8080-exec-9] o.r.r.controller.StoryController         : Creating new story
2026-03-10T19:06:47.527+05:30  INFO 14700 --- [http-nio-8080-exec-9] o.r.revconnect.service.StoryService      : Creating story for user: user1
2026-03-10T19:06:47.550+05:30  INFO 14700 --- [http-nio-8080-exec-9] o.r.revconnect.service.StoryService      : Story created with ID: 23
2026-03-10T19:06:47.576+05:30 DEBUG 14700 --- [http-nio-8080-exec-7] o.s.security.web.FilterChainProxy        : Securing GET /api/stories/feed
2026-03-10T19:06:47.577+05:30 DEBUG 14700 --- [http-nio-8080-exec-7] o.r.r.service.CustomUserDetailsService   : Loading user by username or email: user1
2026-03-10T19:06:47.589+05:30 DEBUG 14700 --- [http-nio-8080-exec-7] o.s.security.web.FilterChainProxy        : Secured GET /api/stories/feed
2026-03-10T19:06:47.589+05:30  INFO 14700 --- [http-nio-8080-exec-7] o.r.r.controller.StoryController         : Getting stories feed
2026-03-10T19:06:47.652+05:30  INFO 14700 --- [http-nio-8080-exec-7] o.r.revconnect.service.StoryService      : Fetching stories feed for 7 users
2026-03-10T19:06:47.674+05:30 DEBUG 14700 --- [http-nio-8080-exec-4] o.s.security.web.FilterChainProxy        : Securing GET /api/stories
2026-03-10T19:06:47.675+05:30 DEBUG 14700 --- [http-nio-8080-exec-4] o.r.r.service.CustomUserDetailsService   : Loading user by username or email: user1
2026-03-10T19:06:47.689+05:30 DEBUG 14700 --- [http-nio-8080-exec-4] o.s.security.web.FilterChainProxy        : Secured GET /api/stories
2026-03-10T19:06:47.690+05:30  INFO 14700 --- [http-nio-8080-exec-4] o.r.r.controller.StoryController         : Getting my stories
2026-03-10T19:06:47.690+05:30  INFO 14700 --- [http-nio-8080-exec-4] o.r.revconnect.service.StoryService      : Fetching active stories for user: user1
2026-03-10T19:06:47.717+05:30 DEBUG 14700 --- [http-nio-8080-exec-6] o.s.security.web.FilterChainProxy        : Securing GET /uploads/media/1/profile/399af8b4-7629-4b96-b1a0-e2779793a067.jpg
2026-03-10T19:06:47.717+05:30 DEBUG 14700 --- [http-nio-8080-exec-6] o.s.s.w.a.AnonymousAuthenticationFilter  : Set SecurityContextHolder to anonymous SecurityContext
2026-03-10T19:06:47.717+05:30 DEBUG 14700 --- [http-nio-8080-exec-6] o.s.security.web.FilterChainProxy        : Secured GET /uploads/media/1/profile/399af8b4-7629-4b96-b1a0-e2779793a067.jpg
2026-03-10T19:06:47.718+05:30  WARN 14700 --- [http-nio-8080-exec-6] .m.m.a.ExceptionHandlerExceptionResolver : Resolved [org.springframework.web.servlet.resource.NoResourceFoundException: No static resource media/1/profile/399af8b4-7629-4b96-b1a0-e2779793a067.jpg.]
2026-03-10T19:06:49.124+05:30 DEBUG 14700 --- [http-nio-8080-exec-8] o.s.security.web.FilterChainProxy        : Securing POST /api/stories/23/view
2026-03-10T19:06:49.125+05:30 DEBUG 14700 --- [http-nio-8080-exec-8] o.r.r.service.CustomUserDetailsService   : Loading user by username or email: user1
2026-03-10T19:06:49.138+05:30 DEBUG 14700 --- [http-nio-8080-exec-8] o.s.security.web.FilterChainProxy        : Secured POST /api/stories/23/view
2026-03-10T19:06:49.142+05:30 DEBUG 14700 --- [http-nio-8080-exec-2] o.s.security.web.FilterChainProxy        : Securing GET /uploads/media/1/profile/399af8b4-7629-4b96-b1a0-e2779793a067.jpg
2026-03-10T19:06:49.143+05:30 DEBUG 14700 --- [http-nio-8080-exec-2] o.s.s.w.a.AnonymousAuthenticationFilter  : Set SecurityContextHolder to anonymous SecurityContext
2026-03-10T19:06:49.143+05:30 DEBUG 14700 --- [http-nio-8080-exec-2] o.s.security.web.FilterChainProxy        : Secured GET /uploads/media/1/profile/399af8b4-7629-4b96-b1a0-e2779793a067.jpg
2026-03-10T19:06:49.142+05:30 DEBUG 14700 --- [http-nio-8080-exec-1] o.s.security.web.FilterChainProxy        : Securing GET /uploads/media/1/generic/09822f6e-4c29-42d9-af0a-3ded0d638999.png
2026-03-10T19:06:49.145+05:30  INFO 14700 --- [http-nio-8080-exec-8] o.r.r.controller.StoryController         : Viewing story: 23
2026-03-10T19:06:49.145+05:30 DEBUG 14700 --- [http-nio-8080-exec-1] o.s.s.w.a.AnonymousAuthenticationFilter  : Set SecurityContextHolder to anonymous SecurityContext
2026-03-10T19:06:49.146+05:30 DEBUG 14700 --- [http-nio-8080-exec-1] o.s.security.web.FilterChainProxy        : Secured GET /uploads/media/1/generic/09822f6e-4c29-42d9-af0a-3ded0d638999.png
2026-03-10T19:06:49.151+05:30  WARN 14700 --- [http-nio-8080-exec-2] .m.m.a.ExceptionHandlerExceptionResolver : Resolved [org.springframework.web.servlet.resource.NoResourceFoundException: No static resource media/1/profile/399af8b4-7629-4b96-b1a0-e2779793a067.jpg.]
2026-03-10T19:06:54.529+05:30 DEBUG 14700 --- [http-nio-8080-exec-5] o.s.security.web.FilterChainProxy        : Securing GET /api/messages/unread/count
2026-03-10T19:06:54.530+05:30 DEBUG 14700 --- [http-nio-8080-exec-5] o.r.r.service.CustomUserDetailsService   : Loading user by username or email: user1
2026-03-10T19:06:54.540+05:30 DEBUG 14700 --- [http-nio-8080-exec-5] o.s.security.web.FilterChainProxy        : Secured GET /api/messages/unread/count
2026-03-10T19:06:54.541+05:30  INFO 14700 --- [http-nio-8080-exec-5] o.r.r.controller.MessageController       : Getting unread message count
2026-03-10T19:07:24.528+05:30 DEBUG 14700 --- [http-nio-8080-exec-3] o.s.security.web.FilterChainProxy        : Securing GET /api/messages/unread/count
2026-03-10T19:07:24.529+05:30 DEBUG 14700 --- [http-nio-8080-exec-3] o.r.r.service.CustomUserDetailsService   : Loading user by username or email: user1
2026-03-10T19:07:24.539+05:30 DEBUG 14700 --- [http-nio-8080-exec-3] o.s.security.web.FilterChainProxy        : Secured GET /api/messages/unread/count
2026-03-10T19:07:24.540+05:30  INFO 14700 --- [http-nio-8080-exec-3] o.r.r.controller.MessageController       : Getting unread message count
2026-03-10T19:08:21.534+05:30 DEBUG 14700 --- [http-nio-8080-exec-10] o.s.security.web.FilterChainProxy        : Securing GET /api/messages/unread/count
2026-03-10T19:08:21.535+05:30 DEBUG 14700 --- [http-nio-8080-exec-10] o.r.r.service.CustomUserDetailsService   : Loading user by username or email: user1
2026-03-10T19:08:21.546+05:30 DEBUG 14700 --- [http-nio-8080-exec-10] o.s.security.web.FilterChainProxy        : Secured GET /api/messages/unread/count
2026-03-10T19:08:21.547+05:30  INFO 14700 --- [http-nio-8080-exec-10] o.r.r.controller.MessageController       : Getting unread message count
2026-03-10T19:09:21.520+05:30 DEBUG 14700 --- [http-nio-8080-exec-9] o.s.security.web.FilterChainProxy        : Securing GET /api/messages/unread/count
2026-03-10T19:09:21.522+05:30 DEBUG 14700 --- [http-nio-8080-exec-9] o.r.r.service.CustomUserDetailsService   : Loading user by username or email: user1
2026-03-10T19:09:21.532+05:30 DEBUG 14700 --- [http-nio-8080-exec-9] o.s.security.web.FilterChainProxy        : Secured GET /api/messages/unread/count
2026-03-10T19:09:21.533+05:30  INFO 14700 --- [http-nio-8080-exec-9] o.r.r.controller.MessageController       : Getting unread message count
2026-03-10T19:10:21.521+05:30 DEBUG 14700 --- [http-nio-8080-exec-7] o.s.security.web.FilterChainProxy        : Securing GET /api/messages/unread/count
2026-03-10T19:10:21.522+05:30 DEBUG 14700 --- [http-nio-8080-exec-7] o.r.r.service.CustomUserDetailsService   : Loading user by username or email: user1
2026-03-10T19:10:21.532+05:30 DEBUG 14700 --- [http-nio-8080-exec-7] o.s.security.web.FilterChainProxy        : Secured GET /api/messages/unread/count
2026-03-10T19:10:21.533+05:30  INFO 14700 --- [http-nio-8080-exec-7] o.r.r.controller.MessageController       : Getting unread message count
2026-03-10T19:11:21.533+05:30 DEBUG 14700 --- [http-nio-8080-exec-4] o.s.security.web.FilterChainProxy        : Securing GET /api/messages/unread/count
2026-03-10T19:11:21.534+05:30 DEBUG 14700 --- [http-nio-8080-exec-4] o.r.r.service.CustomUserDetailsService   : Loading user by username or email: user1
2026-03-10T19:11:21.544+05:30 DEBUG 14700 --- [http-nio-8080-exec-4] o.s.security.web.FilterChainProxy        : Secured GET /api/messages/unread/count
2026-03-10T19:11:21.545+05:30  INFO 14700 --- [http-nio-8080-exec-4] o.r.r.controller.MessageController       : Getting unread message count
2026-03-10T19:12:21.536+05:30 DEBUG 14700 --- [http-nio-8080-exec-6] o.s.security.web.FilterChainProxy        : Securing GET /api/messages/unread/count
2026-03-10T19:12:21.537+05:30 DEBUG 14700 --- [http-nio-8080-exec-6] o.r.r.service.CustomUserDetailsService   : Loading user by username or email: user1
2026-03-10T19:12:21.549+05:30 DEBUG 14700 --- [http-nio-8080-exec-6] o.s.security.web.FilterChainProxy        : Secured GET /api/messages/unread/count
2026-03-10T19:12:21.550+05:30  INFO 14700 --- [http-nio-8080-exec-6] o.r.r.controller.MessageController       : Getting unread message count
2026-03-10T19:13:21.521+05:30 DEBUG 14700 --- [http-nio-8080-exec-2] o.s.security.web.FilterChainProxy        : Securing GET /api/messages/unread/count
2026-03-10T19:13:21.522+05:30 DEBUG 14700 --- [http-nio-8080-exec-2] o.r.r.service.CustomUserDetailsService   : Loading user by username or email: user1
2026-03-10T19:13:21.534+05:30 DEBUG 14700 --- [http-nio-8080-exec-2] o.s.security.web.FilterChainProxy        : Secured GET /api/messages/unread/count
2026-03-10T19:13:21.534+05:30  INFO 14700 --- [http-nio-8080-exec-2] o.r.r.controller.MessageController       : Getting unread message count
2026-03-10T19:14:21.529+05:30 DEBUG 14700 --- [http-nio-8080-exec-1] o.s.security.web.FilterChainProxy        : Securing GET /api/messages/unread/count
2026-03-10T19:14:21.530+05:30 DEBUG 14700 --- [http-nio-8080-exec-1] o.r.r.service.CustomUserDetailsService   : Loading user by username or email: user1
2026-03-10T19:14:21.543+05:30 DEBUG 14700 --- [http-nio-8080-exec-1] o.s.security.web.FilterChainProxy        : Secured GET /api/messages/unread/count
2026-03-10T19:14:21.543+05:30  INFO 14700 --- [http-nio-8080-exec-1] o.r.r.controller.MessageController       : Getting unread message count
2026-03-10T19:15:21.532+05:30 DEBUG 14700 --- [http-nio-8080-exec-8] o.s.security.web.FilterChainProxy        : Securing GET /api/messages/unread/count
2026-03-10T19:15:21.534+05:30 DEBUG 14700 --- [http-nio-8080-exec-8] o.r.r.service.CustomUserDetailsService   : Loading user by username or email: user1
2026-03-10T19:15:21.545+05:30 DEBUG 14700 --- [http-nio-8080-exec-8] o.s.security.web.FilterChainProxy        : Secured GET /api/messages/unread/count
2026-03-10T19:15:21.545+05:30  INFO 14700 --- [http-nio-8080-exec-8] o.r.r.controller.MessageController       : Getting unread message count
2026-03-10T19:16:21.526+05:30 DEBUG 14700 --- [http-nio-8080-exec-5] o.s.security.web.FilterChainProxy        : Securing GET /api/messages/unread/count
2026-03-10T19:16:21.527+05:30 DEBUG 14700 --- [http-nio-8080-exec-5] o.r.r.service.CustomUserDetailsService   : Loading user by username or email: user1
2026-03-10T19:16:21.537+05:30 DEBUG 14700 --- [http-nio-8080-exec-5] o.s.security.web.FilterChainProxy        : Secured GET /api/messages/unread/count
2026-03-10T19:16:21.539+05:30  INFO 14700 --- [http-nio-8080-exec-5] o.r.r.controller.MessageController       : Getting unread message count
2026-03-10T19:17:21.534+05:30 DEBUG 14700 --- [http-nio-8080-exec-3] o.s.security.web.FilterChainProxy        : Securing GET /api/messages/unread/count
2026-03-10T19:17:21.535+05:30 DEBUG 14700 --- [http-nio-8080-exec-3] o.r.r.service.CustomUserDetailsService   : Loading user by username or email: user1
2026-03-10T19:17:21.548+05:30 DEBUG 14700 --- [http-nio-8080-exec-3] o.s.security.web.FilterChainProxy        : Secured GET /api/messages/unread/count
2026-03-10T19:17:21.549+05:30  INFO 14700 --- [http-nio-8080-exec-3] o.r.r.controller.MessageController       : Getting unread message count
2026-03-10T19:18:05.003+05:30 DEBUG 14700 --- [http-nio-8080-exec-10] o.s.security.web.FilterChainProxy        : Securing GET /api/messages/unread/count
2026-03-10T19:18:05.004+05:30 DEBUG 14700 --- [http-nio-8080-exec-10] o.r.r.service.CustomUserDetailsService   : Loading user by username or email: user1
2026-03-10T19:18:05.012+05:30 DEBUG 14700 --- [http-nio-8080-exec-10] o.s.security.web.FilterChainProxy        : Secured GET /api/messages/unread/count
2026-03-10T19:18:05.013+05:30  INFO 14700 --- [http-nio-8080-exec-10] o.r.r.controller.MessageController       : Getting unread message count
2026-03-10T19:18:24.521+05:30 DEBUG 14700 --- [http-nio-8080-exec-9] o.s.security.web.FilterChainProxy        : Securing GET /api/messages/unread/count
2026-03-10T19:18:24.522+05:30 DEBUG 14700 --- [http-nio-8080-exec-9] o.r.r.service.CustomUserDetailsService   : Loading user by username or email: user1
2026-03-10T19:18:24.528+05:30 DEBUG 14700 --- [http-nio-8080-exec-9] o.s.security.web.FilterChainProxy        : Secured GET /api/messages/unread/count
2026-03-10T19:18:24.528+05:30  INFO 14700 --- [http-nio-8080-exec-9] o.r.r.controller.MessageController       : Getting unread message count
2026-03-10T19:18:54.538+05:30 DEBUG 14700 --- [http-nio-8080-exec-7] o.s.security.web.FilterChainProxy        : Securing GET /api/messages/unread/count
2026-03-10T19:18:54.539+05:30 DEBUG 14700 --- [http-nio-8080-exec-7] o.r.r.service.CustomUserDetailsService   : Loading user by username or email: user1
2026-03-10T19:18:54.547+05:30 DEBUG 14700 --- [http-nio-8080-exec-7] o.s.security.web.FilterChainProxy        : Secured GET /api/messages/unread/count
2026-03-10T19:18:54.548+05:30  INFO 14700 --- [http-nio-8080-exec-7] o.r.r.controller.MessageController       : Getting unread message count
2026-03-10T19:20:01.525+05:30 DEBUG 14700 --- [http-nio-8080-exec-4] o.s.security.web.FilterChainProxy        : Securing GET /api/messages/unread/count
2026-03-10T19:20:01.527+05:30 DEBUG 14700 --- [http-nio-8080-exec-4] o.r.r.service.CustomUserDetailsService   : Loading user by username or email: user1
2026-03-10T19:20:01.534+05:30 DEBUG 14700 --- [http-nio-8080-exec-4] o.s.security.web.FilterChainProxy        : Secured GET /api/messages/unread/count
2026-03-10T19:20:01.536+05:30  INFO 14700 --- [http-nio-8080-exec-4] o.r.r.controller.MessageController       : Getting unread message count
2026-03-10T19:21:02.523+05:30 DEBUG 14700 --- [http-nio-8080-exec-6] o.s.security.web.FilterChainProxy        : Securing GET /api/messages/unread/count
2026-03-10T19:21:02.524+05:30 DEBUG 14700 --- [http-nio-8080-exec-6] o.r.r.service.CustomUserDetailsService   : Loading user by username or email: user1
2026-03-10T19:21:02.533+05:30 DEBUG 14700 --- [http-nio-8080-exec-6] o.s.security.web.FilterChainProxy        : Secured GET /api/messages/unread/count
2026-03-10T19:21:02.533+05:30  INFO 14700 --- [http-nio-8080-exec-6] o.r.r.controller.MessageController       : Getting unread message count
2026-03-10T19:21:20.209+05:30 DEBUG 14700 --- [http-nio-8080-exec-2] o.s.security.web.FilterChainProxy        : Securing GET /uploads/media/1/profile/399af8b4-7629-4b96-b1a0-e2779793a067.jpg
2026-03-10T19:21:20.210+05:30 DEBUG 14700 --- [http-nio-8080-exec-2] o.s.s.w.a.AnonymousAuthenticationFilter  : Set SecurityContextHolder to anonymous SecurityContext
2026-03-10T19:21:20.210+05:30 DEBUG 14700 --- [http-nio-8080-exec-2] o.s.security.web.FilterChainProxy        : Secured GET /uploads/media/1/profile/399af8b4-7629-4b96-b1a0-e2779793a067.jpg
2026-03-10T19:21:20.218+05:30  WARN 14700 --- [http-nio-8080-exec-2] .m.m.a.ExceptionHandlerExceptionResolver : Resolved [org.springframework.web.servlet.resource.NoResourceFoundException: No static resource media/1/profile/399af8b4-7629-4b96-b1a0-e2779793a067.jpg.]
2026-03-10T19:21:24.533+05:30 DEBUG 14700 --- [http-nio-8080-exec-1] o.s.security.web.FilterChainProxy        : Securing GET /api/messages/unread/count
2026-03-10T19:21:24.534+05:30 DEBUG 14700 --- [http-nio-8080-exec-1] o.r.r.service.CustomUserDetailsService   : Loading user by username or email: user1
2026-03-10T19:21:24.544+05:30 DEBUG 14700 --- [http-nio-8080-exec-1] o.s.security.web.FilterChainProxy        : Secured GET /api/messages/unread/count
2026-03-10T19:21:24.545+05:30  INFO 14700 --- [http-nio-8080-exec-1] o.r.r.controller.MessageController       : Getting unread message count
2026-03-10T19:21:54.521+05:30 DEBUG 14700 --- [http-nio-8080-exec-8] o.s.security.web.FilterChainProxy        : Securing GET /api/messages/unread/count
2026-03-10T19:21:54.521+05:30 DEBUG 14700 --- [http-nio-8080-exec-8] o.r.r.service.CustomUserDetailsService   : Loading user by username or email: user1
2026-03-10T19:21:54.530+05:30 DEBUG 14700 --- [http-nio-8080-exec-8] o.s.security.web.FilterChainProxy        : Secured GET /api/messages/unread/count
2026-03-10T19:21:54.530+05:30  INFO 14700 --- [http-nio-8080-exec-8] o.r.r.controller.MessageController       : Getting unread message count
2026-03-10T19:22:24.525+05:30 DEBUG 14700 --- [http-nio-8080-exec-5] o.s.security.web.FilterChainProxy        : Securing GET /api/messages/unread/count
2026-03-10T19:22:24.527+05:30 DEBUG 14700 --- [http-nio-8080-exec-5] o.r.r.service.CustomUserDetailsService   : Loading user by username or email: user1
2026-03-10T19:22:24.534+05:30 DEBUG 14700 --- [http-nio-8080-exec-5] o.s.security.web.FilterChainProxy        : Secured GET /api/messages/unread/count
2026-03-10T19:22:24.535+05:30  INFO 14700 --- [http-nio-8080-exec-5] o.r.r.controller.MessageController       : Getting unread message count
2026-03-10T19:23:21.531+05:30 DEBUG 14700 --- [http-nio-8080-exec-3] o.s.security.web.FilterChainProxy        : Securing GET /api/messages/unread/count
2026-03-10T19:23:21.533+05:30 DEBUG 14700 --- [http-nio-8080-exec-3] o.r.r.service.CustomUserDetailsService   : Loading user by username or email: user1
2026-03-10T19:23:21.546+05:30 DEBUG 14700 --- [http-nio-8080-exec-3] o.s.security.web.FilterChainProxy        : Secured GET /api/messages/unread/count
2026-03-10T19:23:21.547+05:30  INFO 14700 --- [http-nio-8080-exec-3] o.r.r.controller.MessageController       : Getting unread message count
2026-03-10T19:23:41.178+05:30  INFO 14700 --- [MessageBroker-1] o.s.w.s.c.WebSocketMessageBrokerStats    : WebSocketSession[0 current WS(0)-HttpStream(0)-HttpPoll(0), 0 total, 0 closed abnormally (0 connect failure, 0 send limit, 0 transport error)], stompSubProtocol[processed CONNECT(0)-CONNECTED(0)-DISCONNECT(0)], stompBrokerRelay[null], inboundChannel[pool size = 0, active threads = 0, queued tasks = 0, completed tasks = 0], outboundChannel[pool size = 0, active threads = 0, queued tasks = 0, completed tasks = 0], sockJsScheduler[pool size = 2, active threads = 1, queued tasks = 0, completed tasks = 1]
2026-03-10T19:24:21.528+05:30 DEBUG 14700 --- [http-nio-8080-exec-10] o.s.security.web.FilterChainProxy        : Securing GET /api/messages/unread/count
2026-03-10T19:24:21.529+05:30 DEBUG 14700 --- [http-nio-8080-exec-10] o.r.r.service.CustomUserDetailsService   : Loading user by username or email: user1
2026-03-10T19:24:21.537+05:30 DEBUG 14700 --- [http-nio-8080-exec-10] o.s.security.web.FilterChainProxy        : Secured GET /api/messages/unread/count
2026-03-10T19:24:21.537+05:30  INFO 14700 --- [http-nio-8080-exec-10] o.r.r.controller.MessageController       : Getting unread message count
2026-03-10T19:25:21.530+05:30 DEBUG 14700 --- [http-nio-8080-exec-9] o.s.security.web.FilterChainProxy        : Securing GET /api/messages/unread/count
2026-03-10T19:25:21.533+05:30 DEBUG 14700 --- [http-nio-8080-exec-9] o.r.r.service.CustomUserDetailsService   : Loading user by username or email: user1
2026-03-10T19:25:21.546+05:30 DEBUG 14700 --- [http-nio-8080-exec-9] o.s.security.web.FilterChainProxy        : Secured GET /api/messages/unread/count
2026-03-10T19:25:21.546+05:30  INFO 14700 --- [http-nio-8080-exec-9] o.r.r.controller.MessageController       : Getting unread message count
2026-03-10T19:26:21.532+05:30 DEBUG 14700 --- [http-nio-8080-exec-7] o.s.security.web.FilterChainProxy        : Securing GET /api/messages/unread/count
2026-03-10T19:26:21.533+05:30 DEBUG 14700 --- [http-nio-8080-exec-7] o.r.r.service.CustomUserDetailsService   : Loading user by username or email: user1
2026-03-10T19:26:21.543+05:30 DEBUG 14700 --- [http-nio-8080-exec-7] o.s.security.web.FilterChainProxy        : Secured GET /api/messages/unread/count
2026-03-10T19:26:21.544+05:30  INFO 14700 --- [http-nio-8080-exec-7] o.r.r.controller.MessageController       : Getting unread message count
2026-03-10T19:27:05.461+05:30 DEBUG 14700 --- [http-nio-8080-exec-4] o.s.security.web.FilterChainProxy        : Securing GET /api/messages/unread/count
2026-03-10T19:27:05.463+05:30 DEBUG 14700 --- [http-nio-8080-exec-4] o.r.r.service.CustomUserDetailsService   : Loading user by username or email: user1
2026-03-10T19:27:05.472+05:30 DEBUG 14700 --- [http-nio-8080-exec-4] o.s.security.web.FilterChainProxy        : Secured GET /api/messages/unread/count
2026-03-10T19:27:05.472+05:30  INFO 14700 --- [http-nio-8080-exec-4] o.r.r.controller.MessageController       : Getting unread message count
2026-03-10T19:27:24.521+05:30 DEBUG 14700 --- [http-nio-8080-exec-6] o.s.security.web.FilterChainProxy        : Securing GET /api/messages/unread/count
2026-03-10T19:27:24.523+05:30 DEBUG 14700 --- [http-nio-8080-exec-6] o.r.r.service.CustomUserDetailsService   : Loading user by username or email: user1
2026-03-10T19:27:24.534+05:30 DEBUG 14700 --- [http-nio-8080-exec-6] o.s.security.web.FilterChainProxy        : Secured GET /api/messages/unread/count
2026-03-10T19:27:24.535+05:30  INFO 14700 --- [http-nio-8080-exec-6] o.r.r.controller.MessageController       : Getting unread message count
2026-03-10T19:27:54.522+05:30 DEBUG 14700 --- [http-nio-8080-exec-2] o.s.security.web.FilterChainProxy        : Securing GET /api/messages/unread/count
2026-03-10T19:27:54.523+05:30 DEBUG 14700 --- [http-nio-8080-exec-2] o.r.r.service.CustomUserDetailsService   : Loading user by username or email: user1
2026-03-10T19:27:54.534+05:30 DEBUG 14700 --- [http-nio-8080-exec-2] o.s.security.web.FilterChainProxy        : Secured GET /api/messages/unread/count
2026-03-10T19:27:54.534+05:30  INFO 14700 --- [http-nio-8080-exec-2] o.r.r.controller.MessageController       : Getting unread message count
2026-03-10T19:29:01.520+05:30 DEBUG 14700 --- [http-nio-8080-exec-1] o.s.security.web.FilterChainProxy        : Securing GET /api/messages/unread/count
2026-03-10T19:29:01.521+05:30 DEBUG 14700 --- [http-nio-8080-exec-1] o.r.r.service.CustomUserDetailsService   : Loading user by username or email: user1
2026-03-10T19:29:01.531+05:30 DEBUG 14700 --- [http-nio-8080-exec-1] o.s.security.web.FilterChainProxy        : Secured GET /api/messages/unread/count
2026-03-10T19:29:01.532+05:30  INFO 14700 --- [http-nio-8080-exec-1] o.r.r.controller.MessageController       : Getting unread message count
2026-03-10T19:31:30.448+05:30 DEBUG 14700 --- [http-nio-8080-exec-8] o.s.security.web.FilterChainProxy        : Securing POST /api/auth/login
2026-03-10T19:31:30.449+05:30 DEBUG 14700 --- [http-nio-8080-exec-8] o.r.r.service.CustomUserDetailsService   : Loading user by username or email: user1
2026-03-10T19:31:30.456+05:30 DEBUG 14700 --- [http-nio-8080-exec-8] o.s.security.web.FilterChainProxy        : Secured POST /api/auth/login
2026-03-10T19:31:30.475+05:30  INFO 14700 --- [http-nio-8080-exec-8] o.r.r.controller.AuthController          : Login attempt for: user1
2026-03-10T19:31:30.476+05:30  INFO 14700 --- [http-nio-8080-exec-8] o.r.revconnect.service.AuthService       : Attempting login for user: user1
2026-03-10T19:31:30.477+05:30 DEBUG 14700 --- [http-nio-8080-exec-8] o.r.r.service.CustomUserDetailsService   : Loading user by username or email: user1
2026-03-10T19:31:30.647+05:30 DEBUG 14700 --- [http-nio-8080-exec-8] o.s.s.a.dao.DaoAuthenticationProvider    : Authenticated user
2026-03-10T19:31:30.651+05:30  INFO 14700 --- [http-nio-8080-exec-8] o.r.revconnect.service.AuthService       : User logged in successfully: user1
2026-03-10T19:31:30.651+05:30  INFO 14700 --- [http-nio-8080-exec-8] o.r.r.controller.AuthController          : Login successful for user: user1
2026-03-10T19:31:30.814+05:30 DEBUG 14700 --- [http-nio-8080-exec-5] o.s.security.web.FilterChainProxy        : Securing GET /api/users/me
2026-03-10T19:31:30.815+05:30 DEBUG 14700 --- [http-nio-8080-exec-5] o.r.r.service.CustomUserDetailsService   : Loading user by username or email: user1
2026-03-10T19:31:30.815+05:30 DEBUG 14700 --- [http-nio-8080-exec-3] o.s.security.web.FilterChainProxy        : Securing GET /api/messages/unread/count
2026-03-10T19:31:30.815+05:30 DEBUG 14700 --- [http-nio-8080-exec-3] o.r.r.service.CustomUserDetailsService   : Loading user by username or email: user1
2026-03-10T19:31:30.815+05:30 DEBUG 14700 --- [http-nio-8080-exec-10] o.s.security.web.FilterChainProxy        : Securing GET /api/notifications/count
2026-03-10T19:31:30.816+05:30 DEBUG 14700 --- [http-nio-8080-exec-9] o.s.security.web.FilterChainProxy        : Securing GET /api/stories/feed
2026-03-10T19:31:30.816+05:30 DEBUG 14700 --- [http-nio-8080-exec-10] o.r.r.service.CustomUserDetailsService   : Loading user by username or email: user1
2026-03-10T19:31:30.817+05:30 DEBUG 14700 --- [http-nio-8080-exec-9] o.r.r.service.CustomUserDetailsService   : Loading user by username or email: user1
2026-03-10T19:31:30.825+05:30 DEBUG 14700 --- [http-nio-8080-exec-5] o.s.security.web.FilterChainProxy        : Secured GET /api/users/me
2026-03-10T19:31:30.826+05:30  INFO 14700 --- [http-nio-8080-exec-5] o.r.r.controller.UserController          : Request to get current user profile
2026-03-10T19:31:30.827+05:30  INFO 14700 --- [http-nio-8080-exec-5] o.r.revconnect.service.UserService       : Fetching profile for user: user1
2026-03-10T19:31:30.828+05:30 DEBUG 14700 --- [http-nio-8080-exec-5] o.r.r.controller.UserController          : Profile retrieved for user: user1
2026-03-10T19:31:30.830+05:30 DEBUG 14700 --- [http-nio-8080-exec-3] o.s.security.web.FilterChainProxy        : Secured GET /api/messages/unread/count
2026-03-10T19:31:30.830+05:30  INFO 14700 --- [http-nio-8080-exec-3] o.r.r.controller.MessageController       : Getting unread message count
2026-03-10T19:31:30.831+05:30 DEBUG 14700 --- [http-nio-8080-exec-10] o.s.security.web.FilterChainProxy        : Secured GET /api/notifications/count
2026-03-10T19:31:30.832+05:30 DEBUG 14700 --- [http-nio-8080-exec-9] o.s.security.web.FilterChainProxy        : Secured GET /api/stories/feed
2026-03-10T19:31:30.832+05:30  INFO 14700 --- [http-nio-8080-exec-10] o.r.r.controller.NotificationController  : Get unread count request
2026-03-10T19:31:30.833+05:30  INFO 14700 --- [http-nio-8080-exec-9] o.r.r.controller.StoryController         : Getting stories feed
2026-03-10T19:31:30.841+05:30 DEBUG 14700 --- [http-nio-8080-exec-7] o.s.security.web.FilterChainProxy        : Securing GET /api/users/me
2026-03-10T19:31:30.858+05:30  INFO 14700 --- [http-nio-8080-exec-10] o.r.r.service.NotificationService        : User user1 has 5 unread notifications
2026-03-10T19:31:30.860+05:30 DEBUG 14700 --- [http-nio-8080-exec-7] o.r.r.service.CustomUserDetailsService   : Loading user by username or email: user1
2026-03-10T19:31:30.875+05:30 DEBUG 14700 --- [http-nio-8080-exec-4] o.s.security.web.FilterChainProxy        : Securing GET /api/posts/feed/personalized?page=0&size=10
2026-03-10T19:31:30.876+05:30 DEBUG 14700 --- [http-nio-8080-exec-7] o.s.security.web.FilterChainProxy        : Secured GET /api/users/me
2026-03-10T19:31:30.876+05:30 DEBUG 14700 --- [http-nio-8080-exec-4] o.r.r.service.CustomUserDetailsService   : Loading user by username or email: user1
2026-03-10T19:31:30.877+05:30  INFO 14700 --- [http-nio-8080-exec-7] o.r.r.controller.UserController          : Request to get current user profile
2026-03-10T19:31:30.877+05:30  INFO 14700 --- [http-nio-8080-exec-7] o.r.revconnect.service.UserService       : Fetching profile for user: user1
2026-03-10T19:31:30.878+05:30 DEBUG 14700 --- [http-nio-8080-exec-7] o.r.r.controller.UserController          : Profile retrieved for user: user1
2026-03-10T19:31:30.885+05:30 DEBUG 14700 --- [http-nio-8080-exec-6] o.s.security.web.FilterChainProxy        : Securing GET /api/search/trending
2026-03-10T19:31:30.886+05:30 DEBUG 14700 --- [http-nio-8080-exec-6] o.r.r.service.CustomUserDetailsService   : Loading user by username or email: user1
2026-03-10T19:31:30.887+05:30 DEBUG 14700 --- [http-nio-8080-exec-2] o.s.security.web.FilterChainProxy        : Securing GET /api/notifications/count
2026-03-10T19:31:30.888+05:30 DEBUG 14700 --- [http-nio-8080-exec-2] o.r.r.service.CustomUserDetailsService   : Loading user by username or email: user1
2026-03-10T19:31:30.888+05:30 DEBUG 14700 --- [http-nio-8080-exec-4] o.s.security.web.FilterChainProxy        : Secured GET /api/posts/feed/personalized?page=0&size=10
2026-03-10T19:31:30.891+05:30  INFO 14700 --- [http-nio-8080-exec-4] o.r.r.controller.PostController          : Get personalized feed request - page: 0, size: 10
2026-03-10T19:31:30.893+05:30 DEBUG 14700 --- [http-nio-8080-exec-1] o.s.security.web.FilterChainProxy        : Securing GET /api/users/me
2026-03-10T19:31:30.894+05:30 DEBUG 14700 --- [http-nio-8080-exec-1] o.r.r.service.CustomUserDetailsService   : Loading user by username or email: user1
2026-03-10T19:31:30.897+05:30 DEBUG 14700 --- [http-nio-8080-exec-6] o.s.security.web.FilterChainProxy        : Secured GET /api/search/trending
2026-03-10T19:31:30.897+05:30  INFO 14700 --- [http-nio-8080-exec-6] o.r.r.controller.SearchController        : Getting trending searches
2026-03-10T19:31:30.898+05:30  INFO 14700 --- [http-nio-8080-exec-6] o.r.revconnect.service.HashtagService    : Fetching top 10 trending hashtags
2026-03-10T19:31:30.899+05:30 DEBUG 14700 --- [http-nio-8080-exec-2] o.s.security.web.FilterChainProxy        : Secured GET /api/notifications/count
2026-03-10T19:31:30.900+05:30  INFO 14700 --- [http-nio-8080-exec-2] o.r.r.controller.NotificationController  : Get unread count request
2026-03-10T19:31:30.906+05:30 DEBUG 14700 --- [http-nio-8080-exec-1] o.s.security.web.FilterChainProxy        : Secured GET /api/users/me
2026-03-10T19:31:30.906+05:30  INFO 14700 --- [http-nio-8080-exec-2] o.r.r.service.NotificationService        : User user1 has 5 unread notifications
2026-03-10T19:31:30.907+05:30  INFO 14700 --- [http-nio-8080-exec-1] o.r.r.controller.UserController          : Request to get current user profile
2026-03-10T19:31:30.907+05:30  INFO 14700 --- [http-nio-8080-exec-1] o.r.revconnect.service.UserService       : Fetching profile for user: user1
2026-03-10T19:31:30.907+05:30 DEBUG 14700 --- [http-nio-8080-exec-1] o.r.r.controller.UserController          : Profile retrieved for user: user1
2026-03-10T19:31:30.921+05:30  INFO 14700 --- [http-nio-8080-exec-9] o.r.revconnect.service.StoryService      : Fetching stories feed for 7 users
2026-03-10T19:31:30.925+05:30 DEBUG 14700 --- [http-nio-8080-exec-5] o.s.security.web.FilterChainProxy        : Securing GET /api/users/me
2026-03-10T19:31:30.926+05:30 DEBUG 14700 --- [http-nio-8080-exec-8] o.s.security.web.FilterChainProxy        : Securing GET /uploads/media/1/profile/399af8b4-7629-4b96-b1a0-e2779793a067.jpg
2026-03-10T19:31:30.926+05:30 DEBUG 14700 --- [http-nio-8080-exec-8] o.s.s.w.a.AnonymousAuthenticationFilter  : Set SecurityContextHolder to anonymous SecurityContext
2026-03-10T19:31:30.926+05:30 DEBUG 14700 --- [http-nio-8080-exec-5] o.r.r.service.CustomUserDetailsService   : Loading user by username or email: user1
2026-03-10T19:31:30.926+05:30 DEBUG 14700 --- [http-nio-8080-exec-8] o.s.security.web.FilterChainProxy        : Secured GET /uploads/media/1/profile/399af8b4-7629-4b96-b1a0-e2779793a067.jpg
2026-03-10T19:31:30.930+05:30  WARN 14700 --- [http-nio-8080-exec-8] .m.m.a.ExceptionHandlerExceptionResolver : Resolved [org.springframework.web.servlet.resource.NoResourceFoundException: No static resource media/1/profile/399af8b4-7629-4b96-b1a0-e2779793a067.jpg.]
2026-03-10T19:31:30.935+05:30 DEBUG 14700 --- [http-nio-8080-exec-5] o.s.security.web.FilterChainProxy        : Secured GET /api/users/me
2026-03-10T19:31:30.936+05:30  INFO 14700 --- [http-nio-8080-exec-5] o.r.r.controller.UserController          : Request to get current user profile
2026-03-10T19:31:30.936+05:30  INFO 14700 --- [http-nio-8080-exec-5] o.r.revconnect.service.UserService       : Fetching profile for user: user1
2026-03-10T19:31:30.936+05:30 DEBUG 14700 --- [http-nio-8080-exec-5] o.r.r.controller.UserController          : Profile retrieved for user: user1
2026-03-10T19:31:30.940+05:30 DEBUG 14700 --- [http-nio-8080-exec-3] o.s.security.web.FilterChainProxy        : Securing GET /api/stories
2026-03-10T19:31:30.941+05:30 DEBUG 14700 --- [http-nio-8080-exec-3] o.r.r.service.CustomUserDetailsService   : Loading user by username or email: user1
2026-03-10T19:31:30.949+05:30 DEBUG 14700 --- [http-nio-8080-exec-3] o.s.security.web.FilterChainProxy        : Secured GET /api/stories
2026-03-10T19:31:30.949+05:30  INFO 14700 --- [http-nio-8080-exec-3] o.r.r.controller.StoryController         : Getting my stories
2026-03-10T19:31:30.949+05:30  INFO 14700 --- [http-nio-8080-exec-3] o.r.revconnect.service.StoryService      : Fetching active stories for user: user1
2026-03-10T19:31:30.965+05:30 DEBUG 14700 --- [http-nio-8080-exec-10] o.s.security.web.FilterChainProxy        : Securing GET /uploads/media/1/profile/399af8b4-7629-4b96-b1a0-e2779793a067.jpg
2026-03-10T19:31:30.965+05:30 DEBUG 14700 --- [http-nio-8080-exec-10] o.s.s.w.a.AnonymousAuthenticationFilter  : Set SecurityContextHolder to anonymous SecurityContext
2026-03-10T19:31:30.966+05:30 DEBUG 14700 --- [http-nio-8080-exec-10] o.s.security.web.FilterChainProxy        : Secured GET /uploads/media/1/profile/399af8b4-7629-4b96-b1a0-e2779793a067.jpg
2026-03-10T19:31:30.967+05:30  WARN 14700 --- [http-nio-8080-exec-10] .m.m.a.ExceptionHandlerExceptionResolver : Resolved [org.springframework.web.servlet.resource.NoResourceFoundException: No static resource media/1/profile/399af8b4-7629-4b96-b1a0-e2779793a067.jpg.]
2026-03-10T19:31:30.992+05:30 DEBUG 14700 --- [http-nio-8080-exec-7] o.s.security.web.FilterChainProxy        : Securing GET /api/posts/79/liked
2026-03-10T19:31:30.992+05:30 DEBUG 14700 --- [http-nio-8080-exec-6] o.s.security.web.FilterChainProxy        : Securing GET /api/bookmarks/posts/79/status
2026-03-10T19:31:30.992+05:30 DEBUG 14700 --- [http-nio-8080-exec-7] o.r.r.service.CustomUserDetailsService   : Loading user by username or email: user1
2026-03-10T19:31:30.992+05:30 DEBUG 14700 --- [http-nio-8080-exec-6] o.r.r.service.CustomUserDetailsService   : Loading user by username or email: user1
2026-03-10T19:31:30.994+05:30 DEBUG 14700 --- [http-nio-8080-exec-2] o.s.security.web.FilterChainProxy        : Securing POST /api/business/posts/79/impression
2026-03-10T19:31:30.994+05:30 DEBUG 14700 --- [http-nio-8080-exec-1] o.s.security.web.FilterChainProxy        : Securing POST /api/business/posts/79/view
2026-03-10T19:31:30.996+05:30 DEBUG 14700 --- [http-nio-8080-exec-9] o.s.security.web.FilterChainProxy        : Securing POST /api/business/posts/76/impression
2026-03-10T19:31:30.996+05:30 DEBUG 14700 --- [http-nio-8080-exec-1] o.r.r.service.CustomUserDetailsService   : Loading user by username or email: user1
2026-03-10T19:31:30.996+05:30 DEBUG 14700 --- [http-nio-8080-exec-2] o.r.r.service.CustomUserDetailsService   : Loading user by username or email: user1
2026-03-10T19:31:30.996+05:30 DEBUG 14700 --- [http-nio-8080-exec-8] o.s.security.web.FilterChainProxy        : Securing GET /api/posts/76/liked
2026-03-10T19:31:30.996+05:30 DEBUG 14700 --- [http-nio-8080-exec-9] o.r.r.service.CustomUserDetailsService   : Loading user by username or email: user1
2026-03-10T19:31:30.997+05:30 DEBUG 14700 --- [http-nio-8080-exec-8] o.r.r.service.CustomUserDetailsService   : Loading user by username or email: user1
2026-03-10T19:31:31.000+05:30 DEBUG 14700 --- [http-nio-8080-exec-7] o.s.security.web.FilterChainProxy        : Secured GET /api/posts/79/liked
2026-03-10T19:31:31.000+05:30 DEBUG 14700 --- [http-nio-8080-exec-6] o.s.security.web.FilterChainProxy        : Secured GET /api/bookmarks/posts/79/status
2026-03-10T19:31:31.002+05:30  INFO 14700 --- [http-nio-8080-exec-7] o.r.r.controller.InteractionController   : Check like status for post ID: 79
2026-03-10T19:31:31.002+05:30 DEBUG 14700 --- [http-nio-8080-exec-1] o.s.security.web.FilterChainProxy        : Secured POST /api/business/posts/79/view
2026-03-10T19:31:31.002+05:30 DEBUG 14700 --- [http-nio-8080-exec-2] o.s.security.web.FilterChainProxy        : Secured POST /api/business/posts/79/impression
2026-03-10T19:31:31.002+05:30  INFO 14700 --- [http-nio-8080-exec-6] o.r.r.controller.BookmarkController      : Check bookmark status for post ID: 79
2026-03-10T19:31:31.003+05:30 DEBUG 14700 --- [http-nio-8080-exec-2] o.r.r.controller.BusinessController      : Recording impression for post: 79
2026-03-10T19:31:31.003+05:30 DEBUG 14700 --- [http-nio-8080-exec-1] o.r.r.controller.BusinessController      : Recording view for post: 79
2026-03-10T19:31:31.003+05:30 DEBUG 14700 --- [http-nio-8080-exec-9] o.s.security.web.FilterChainProxy        : Secured POST /api/business/posts/76/impression
2026-03-10T19:31:31.004+05:30 DEBUG 14700 --- [http-nio-8080-exec-1] o.r.revconnect.service.BusinessService   : Recording view for post: 79
2026-03-10T19:31:31.004+05:30 DEBUG 14700 --- [http-nio-8080-exec-2] o.r.revconnect.service.BusinessService   : Recording impression for post: 79
2026-03-10T19:31:31.004+05:30 DEBUG 14700 --- [http-nio-8080-exec-9] o.r.r.controller.BusinessController      : Recording impression for post: 76
2026-03-10T19:31:31.004+05:30 DEBUG 14700 --- [http-nio-8080-exec-8] o.s.security.web.FilterChainProxy        : Secured GET /api/posts/76/liked
2026-03-10T19:31:31.005+05:30 DEBUG 14700 --- [http-nio-8080-exec-9] o.r.revconnect.service.BusinessService   : Recording impression for post: 76
2026-03-10T19:31:31.005+05:30  INFO 14700 --- [http-nio-8080-exec-8] o.r.r.controller.InteractionController   : Check like status for post ID: 76
2026-03-10T19:31:31.014+05:30  WARN 14700 --- [http-nio-8080-exec-2] .m.m.a.ExceptionHandlerExceptionResolver : Resolved [org.springframework.dao.IncorrectResultSizeDataAccessException: Query did not return a unique result: 2 results were returned]
2026-03-10T19:31:31.014+05:30  WARN 14700 --- [http-nio-8080-exec-1] .m.m.a.ExceptionHandlerExceptionResolver : Resolved [org.springframework.dao.IncorrectResultSizeDataAccessException: Query did not return a unique result: 2 results were returned]
2026-03-10T19:31:31.014+05:30  WARN 14700 --- [http-nio-8080-exec-9] .m.m.a.ExceptionHandlerExceptionResolver : Resolved [org.springframework.dao.IncorrectResultSizeDataAccessException: Query did not return a unique result: 2 results were returned]
2026-03-10T19:31:31.025+05:30 DEBUG 14700 --- [http-nio-8080-exec-5] o.s.security.web.FilterChainProxy        : Securing POST /api/business/posts/76/view
2026-03-10T19:31:31.026+05:30 DEBUG 14700 --- [http-nio-8080-exec-5] o.r.r.service.CustomUserDetailsService   : Loading user by username or email: user1
2026-03-10T19:31:31.029+05:30 DEBUG 14700 --- [http-nio-8080-exec-3] o.s.security.web.FilterChainProxy        : Securing GET /api/bookmarks/posts/76/status
2026-03-10T19:31:31.029+05:30 DEBUG 14700 --- [http-nio-8080-exec-10] o.s.security.web.FilterChainProxy        : Securing POST /api/business/posts/75/impression
2026-03-10T19:31:31.030+05:30 DEBUG 14700 --- [http-nio-8080-exec-4] o.s.security.web.FilterChainProxy        : Securing GET /api/posts/75/liked
2026-03-10T19:31:31.030+05:30 DEBUG 14700 --- [http-nio-8080-exec-3] o.r.r.service.CustomUserDetailsService   : Loading user by username or email: user1
2026-03-10T19:31:31.030+05:30 DEBUG 14700 --- [http-nio-8080-exec-10] o.r.r.service.CustomUserDetailsService   : Loading user by username or email: user1
2026-03-10T19:31:31.030+05:30 DEBUG 14700 --- [http-nio-8080-exec-4] o.r.r.service.CustomUserDetailsService   : Loading user by username or email: user1
2026-03-10T19:31:31.032+05:30 DEBUG 14700 --- [http-nio-8080-exec-7] o.s.security.web.FilterChainProxy        : Securing GET /api/bookmarks/posts/75/status
2026-03-10T19:31:31.032+05:30 DEBUG 14700 --- [http-nio-8080-exec-8] o.s.security.web.FilterChainProxy        : Securing POST /api/business/posts/75/view
2026-03-10T19:31:31.033+05:30 DEBUG 14700 --- [http-nio-8080-exec-7] o.r.r.service.CustomUserDetailsService   : Loading user by username or email: user1
2026-03-10T19:31:31.033+05:30 DEBUG 14700 --- [http-nio-8080-exec-8] o.r.r.service.CustomUserDetailsService   : Loading user by username or email: user1
2026-03-10T19:31:31.035+05:30 DEBUG 14700 --- [http-nio-8080-exec-5] o.s.security.web.FilterChainProxy        : Secured POST /api/business/posts/76/view
2026-03-10T19:31:31.035+05:30 DEBUG 14700 --- [http-nio-8080-exec-5] o.r.r.controller.BusinessController      : Recording view for post: 76
2026-03-10T19:31:31.036+05:30 DEBUG 14700 --- [http-nio-8080-exec-5] o.r.revconnect.service.BusinessService   : Recording view for post: 76
2026-03-10T19:31:31.036+05:30 DEBUG 14700 --- [http-nio-8080-exec-4] o.s.security.web.FilterChainProxy        : Secured GET /api/posts/75/liked
2026-03-10T19:31:31.036+05:30 DEBUG 14700 --- [http-nio-8080-exec-3] o.s.security.web.FilterChainProxy        : Secured GET /api/bookmarks/posts/76/status
2026-03-10T19:31:31.037+05:30  INFO 14700 --- [http-nio-8080-exec-4] o.r.r.controller.InteractionController   : Check like status for post ID: 75
2026-03-10T19:31:31.037+05:30  INFO 14700 --- [http-nio-8080-exec-3] o.r.r.controller.BookmarkController      : Check bookmark status for post ID: 76
2026-03-10T19:31:31.038+05:30 DEBUG 14700 --- [http-nio-8080-exec-8] o.s.security.web.FilterChainProxy        : Secured POST /api/business/posts/75/view
2026-03-10T19:31:31.038+05:30 DEBUG 14700 --- [http-nio-8080-exec-10] o.s.security.web.FilterChainProxy        : Secured POST /api/business/posts/75/impression
2026-03-10T19:31:31.038+05:30 DEBUG 14700 --- [http-nio-8080-exec-7] o.s.security.web.FilterChainProxy        : Secured GET /api/bookmarks/posts/75/status
2026-03-10T19:31:31.039+05:30 DEBUG 14700 --- [http-nio-8080-exec-8] o.r.r.controller.BusinessController      : Recording view for post: 75
2026-03-10T19:31:31.039+05:30 DEBUG 14700 --- [http-nio-8080-exec-10] o.r.r.controller.BusinessController      : Recording impression for post: 75
2026-03-10T19:31:31.039+05:30 DEBUG 14700 --- [http-nio-8080-exec-8] o.r.revconnect.service.BusinessService   : Recording view for post: 75
2026-03-10T19:31:31.039+05:30 DEBUG 14700 --- [http-nio-8080-exec-10] o.r.revconnect.service.BusinessService   : Recording impression for post: 75
2026-03-10T19:31:31.039+05:30  INFO 14700 --- [http-nio-8080-exec-7] o.r.r.controller.BookmarkController      : Check bookmark status for post ID: 75
2026-03-10T19:31:31.041+05:30  WARN 14700 --- [http-nio-8080-exec-5] .m.m.a.ExceptionHandlerExceptionResolver : Resolved [org.springframework.dao.IncorrectResultSizeDataAccessException: Query did not return a unique result: 2 results were returned]
2026-03-10T19:31:31.046+05:30  WARN 14700 --- [http-nio-8080-exec-10] .m.m.a.ExceptionHandlerExceptionResolver : Resolved [org.springframework.dao.IncorrectResultSizeDataAccessException: Query did not return a unique result: 2 results were returned]
2026-03-10T19:31:31.046+05:30  WARN 14700 --- [http-nio-8080-exec-8] .m.m.a.ExceptionHandlerExceptionResolver : Resolved [org.springframework.dao.IncorrectResultSizeDataAccessException: Query did not return a unique result: 2 results were returned]
2026-03-10T19:31:31.057+05:30 DEBUG 14700 --- [http-nio-8080-exec-1] o.s.security.web.FilterChainProxy        : Securing POST /api/business/posts/74/impression
2026-03-10T19:31:31.057+05:30 DEBUG 14700 --- [http-nio-8080-exec-9] o.s.security.web.FilterChainProxy        : Securing GET /api/posts/74/liked
2026-03-10T19:31:31.058+05:30 DEBUG 14700 --- [http-nio-8080-exec-9] o.r.r.service.CustomUserDetailsService   : Loading user by username or email: user1
2026-03-10T19:31:31.058+05:30 DEBUG 14700 --- [http-nio-8080-exec-1] o.r.r.service.CustomUserDetailsService   : Loading user by username or email: user1
2026-03-10T19:31:31.064+05:30 DEBUG 14700 --- [http-nio-8080-exec-2] o.s.security.web.FilterChainProxy        : Securing GET /api/bookmarks/posts/74/status
2026-03-10T19:31:31.065+05:30 DEBUG 14700 --- [http-nio-8080-exec-6] o.s.security.web.FilterChainProxy        : Securing POST /api/business/posts/74/view
2026-03-10T19:31:31.065+05:30 DEBUG 14700 --- [http-nio-8080-exec-2] o.r.r.service.CustomUserDetailsService   : Loading user by username or email: user1
2026-03-10T19:31:31.066+05:30 DEBUG 14700 --- [http-nio-8080-exec-6] o.r.r.service.CustomUserDetailsService   : Loading user by username or email: user1
2026-03-10T19:31:31.067+05:30 DEBUG 14700 --- [http-nio-8080-exec-9] o.s.security.web.FilterChainProxy        : Secured GET /api/posts/74/liked
2026-03-10T19:31:31.067+05:30 DEBUG 14700 --- [http-nio-8080-exec-1] o.s.security.web.FilterChainProxy        : Secured POST /api/business/posts/74/impression
2026-03-10T19:31:31.068+05:30  INFO 14700 --- [http-nio-8080-exec-9] o.r.r.controller.InteractionController   : Check like status for post ID: 74
2026-03-10T19:31:31.068+05:30 DEBUG 14700 --- [http-nio-8080-exec-1] o.r.r.controller.BusinessController      : Recording impression for post: 74
2026-03-10T19:31:31.069+05:30 DEBUG 14700 --- [http-nio-8080-exec-1] o.r.revconnect.service.BusinessService   : Recording impression for post: 74
2026-03-10T19:31:31.070+05:30 DEBUG 14700 --- [http-nio-8080-exec-5] o.s.security.web.FilterChainProxy        : Securing GET /api/bookmarks/posts/73/status
2026-03-10T19:31:31.071+05:30 DEBUG 14700 --- [http-nio-8080-exec-4] o.s.security.web.FilterChainProxy        : Securing GET /api/posts/73/liked
2026-03-10T19:31:31.071+05:30 DEBUG 14700 --- [http-nio-8080-exec-5] o.r.r.service.CustomUserDetailsService   : Loading user by username or email: user1
2026-03-10T19:31:31.071+05:30 DEBUG 14700 --- [http-nio-8080-exec-4] o.r.r.service.CustomUserDetailsService   : Loading user by username or email: user1
2026-03-10T19:31:31.072+05:30 DEBUG 14700 --- [http-nio-8080-exec-6] o.s.security.web.FilterChainProxy        : Secured POST /api/business/posts/74/view
2026-03-10T19:31:31.073+05:30 DEBUG 14700 --- [http-nio-8080-exec-2] o.s.security.web.FilterChainProxy        : Secured GET /api/bookmarks/posts/74/status
2026-03-10T19:31:31.073+05:30 DEBUG 14700 --- [http-nio-8080-exec-6] o.r.r.controller.BusinessController      : Recording view for post: 74
2026-03-10T19:31:31.073+05:30  INFO 14700 --- [http-nio-8080-exec-2] o.r.r.controller.BookmarkController      : Check bookmark status for post ID: 74
2026-03-10T19:31:31.074+05:30 DEBUG 14700 --- [http-nio-8080-exec-6] o.r.revconnect.service.BusinessService   : Recording view for post: 74
2026-03-10T19:31:31.079+05:30 DEBUG 14700 --- [http-nio-8080-exec-5] o.s.security.web.FilterChainProxy        : Secured GET /api/bookmarks/posts/73/status
2026-03-10T19:31:31.081+05:30  INFO 14700 --- [http-nio-8080-exec-5] o.r.r.controller.BookmarkController      : Check bookmark status for post ID: 73
2026-03-10T19:31:31.084+05:30 DEBUG 14700 --- [http-nio-8080-exec-4] o.s.security.web.FilterChainProxy        : Secured GET /api/posts/73/liked
2026-03-10T19:31:31.085+05:30  INFO 14700 --- [http-nio-8080-exec-4] o.r.r.controller.InteractionController   : Check like status for post ID: 73
2026-03-10T19:31:31.085+05:30 DEBUG 14700 --- [http-nio-8080-exec-10] o.s.security.web.FilterChainProxy        : Securing POST /api/business/posts/73/impression
2026-03-10T19:31:31.086+05:30 DEBUG 14700 --- [http-nio-8080-exec-10] o.r.r.service.CustomUserDetailsService   : Loading user by username or email: user1
2026-03-10T19:31:31.093+05:30 DEBUG 14700 --- [http-nio-8080-exec-10] o.s.security.web.FilterChainProxy        : Secured POST /api/business/posts/73/impression
2026-03-10T19:31:31.094+05:30 DEBUG 14700 --- [http-nio-8080-exec-10] o.r.r.controller.BusinessController      : Recording impression for post: 73
2026-03-10T19:31:31.095+05:30 DEBUG 14700 --- [http-nio-8080-exec-10] o.r.revconnect.service.BusinessService   : Recording impression for post: 73
2026-03-10T19:31:31.105+05:30 DEBUG 14700 --- [http-nio-8080-exec-8] o.s.security.web.FilterChainProxy        : Securing POST /api/business/posts/73/view
2026-03-10T19:31:31.106+05:30 DEBUG 14700 --- [http-nio-8080-exec-8] o.r.r.service.CustomUserDetailsService   : Loading user by username or email: user1
2026-03-10T19:31:31.108+05:30 DEBUG 14700 --- [http-nio-8080-exec-3] o.s.security.web.FilterChainProxy        : Securing POST /api/business/posts/72/impression
2026-03-10T19:31:31.108+05:30 DEBUG 14700 --- [http-nio-8080-exec-7] o.s.security.web.FilterChainProxy        : Securing GET /api/posts/72/liked
2026-03-10T19:31:31.109+05:30 DEBUG 14700 --- [http-nio-8080-exec-3] o.r.r.service.CustomUserDetailsService   : Loading user by username or email: user1
2026-03-10T19:31:31.109+05:30 DEBUG 14700 --- [http-nio-8080-exec-7] o.r.r.service.CustomUserDetailsService   : Loading user by username or email: user1
2026-03-10T19:31:31.113+05:30 DEBUG 14700 --- [http-nio-8080-exec-9] o.s.security.web.FilterChainProxy        : Securing POST /api/business/posts/72/view
2026-03-10T19:31:31.113+05:30 DEBUG 14700 --- [http-nio-8080-exec-8] o.s.security.web.FilterChainProxy        : Secured POST /api/business/posts/73/view
2026-03-10T19:31:31.113+05:30 DEBUG 14700 --- [http-nio-8080-exec-9] o.r.r.service.CustomUserDetailsService   : Loading user by username or email: user1
2026-03-10T19:31:31.113+05:30 DEBUG 14700 --- [http-nio-8080-exec-2] o.s.security.web.FilterChainProxy        : Securing GET /api/bookmarks/posts/72/status
2026-03-10T19:31:31.114+05:30 DEBUG 14700 --- [http-nio-8080-exec-8] o.r.r.controller.BusinessController      : Recording view for post: 73
2026-03-10T19:31:31.114+05:30 DEBUG 14700 --- [http-nio-8080-exec-2] o.r.r.service.CustomUserDetailsService   : Loading user by username or email: user1
2026-03-10T19:31:31.116+05:30 DEBUG 14700 --- [http-nio-8080-exec-8] o.r.revconnect.service.BusinessService   : Recording view for post: 73
2026-03-10T19:31:31.117+05:30 DEBUG 14700 --- [http-nio-8080-exec-3] o.s.security.web.FilterChainProxy        : Secured POST /api/business/posts/72/impression
2026-03-10T19:31:31.118+05:30 DEBUG 14700 --- [http-nio-8080-exec-3] o.r.r.controller.BusinessController      : Recording impression for post: 72
2026-03-10T19:31:31.118+05:30 DEBUG 14700 --- [http-nio-8080-exec-7] o.s.security.web.FilterChainProxy        : Secured GET /api/posts/72/liked
2026-03-10T19:31:31.118+05:30 DEBUG 14700 --- [http-nio-8080-exec-3] o.r.revconnect.service.BusinessService   : Recording impression for post: 72
2026-03-10T19:31:31.119+05:30  INFO 14700 --- [http-nio-8080-exec-7] o.r.r.controller.InteractionController   : Check like status for post ID: 72
2026-03-10T19:31:31.120+05:30 DEBUG 14700 --- [http-nio-8080-exec-4] o.s.security.web.FilterChainProxy        : Securing POST /api/business/posts/71/impression
2026-03-10T19:31:31.121+05:30 DEBUG 14700 --- [http-nio-8080-exec-4] o.r.r.service.CustomUserDetailsService   : Loading user by username or email: user1
2026-03-10T19:31:31.121+05:30 DEBUG 14700 --- [http-nio-8080-exec-2] o.s.security.web.FilterChainProxy        : Secured GET /api/bookmarks/posts/72/status
2026-03-10T19:31:31.121+05:30 DEBUG 14700 --- [http-nio-8080-exec-9] o.s.security.web.FilterChainProxy        : Secured POST /api/business/posts/72/view
2026-03-10T19:31:31.121+05:30 DEBUG 14700 --- [http-nio-8080-exec-9] o.r.r.controller.BusinessController      : Recording view for post: 72
2026-03-10T19:31:31.121+05:30  INFO 14700 --- [http-nio-8080-exec-2] o.r.r.controller.BookmarkController      : Check bookmark status for post ID: 72
2026-03-10T19:31:31.122+05:30 DEBUG 14700 --- [http-nio-8080-exec-9] o.r.revconnect.service.BusinessService   : Recording view for post: 72
2026-03-10T19:31:31.126+05:30 DEBUG 14700 --- [http-nio-8080-exec-4] o.s.security.web.FilterChainProxy        : Secured POST /api/business/posts/71/impression
2026-03-10T19:31:31.127+05:30 DEBUG 14700 --- [http-nio-8080-exec-4] o.r.r.controller.BusinessController      : Recording impression for post: 71
2026-03-10T19:31:31.128+05:30 DEBUG 14700 --- [http-nio-8080-exec-4] o.r.revconnect.service.BusinessService   : Recording impression for post: 71
2026-03-10T19:31:31.141+05:30 DEBUG 14700 --- [http-nio-8080-exec-6] o.s.security.web.FilterChainProxy        : Securing POST /api/business/posts/71/view
2026-03-10T19:31:31.141+05:30 DEBUG 14700 --- [http-nio-8080-exec-6] o.r.r.service.CustomUserDetailsService   : Loading user by username or email: user1
2026-03-10T19:31:31.144+05:30 DEBUG 14700 --- [http-nio-8080-exec-5] o.s.security.web.FilterChainProxy        : Securing GET /api/posts/71/liked
2026-03-10T19:31:31.145+05:30 DEBUG 14700 --- [http-nio-8080-exec-1] o.s.security.web.FilterChainProxy        : Securing GET /api/bookmarks/posts/71/status
2026-03-10T19:31:31.145+05:30 DEBUG 14700 --- [http-nio-8080-exec-5] o.r.r.service.CustomUserDetailsService   : Loading user by username or email: user1
2026-03-10T19:31:31.145+05:30 DEBUG 14700 --- [http-nio-8080-exec-1] o.r.r.service.CustomUserDetailsService   : Loading user by username or email: user1
2026-03-10T19:31:31.149+05:30 DEBUG 14700 --- [http-nio-8080-exec-10] o.s.security.web.FilterChainProxy        : Securing POST /api/business/posts/70/impression
2026-03-10T19:31:31.149+05:30 DEBUG 14700 --- [http-nio-8080-exec-6] o.s.security.web.FilterChainProxy        : Secured POST /api/business/posts/71/view
2026-03-10T19:31:31.150+05:30 DEBUG 14700 --- [http-nio-8080-exec-7] o.s.security.web.FilterChainProxy        : Securing GET /api/posts/70/liked
2026-03-10T19:31:31.150+05:30 DEBUG 14700 --- [http-nio-8080-exec-6] o.r.r.controller.BusinessController      : Recording view for post: 71
2026-03-10T19:31:31.150+05:30 DEBUG 14700 --- [http-nio-8080-exec-10] o.r.r.service.CustomUserDetailsService   : Loading user by username or email: user1
2026-03-10T19:31:31.150+05:30 DEBUG 14700 --- [http-nio-8080-exec-7] o.r.r.service.CustomUserDetailsService   : Loading user by username or email: user1
2026-03-10T19:31:31.151+05:30 DEBUG 14700 --- [http-nio-8080-exec-6] o.r.revconnect.service.BusinessService   : Recording view for post: 71
2026-03-10T19:31:31.153+05:30 DEBUG 14700 --- [http-nio-8080-exec-5] o.s.security.web.FilterChainProxy        : Secured GET /api/posts/71/liked
2026-03-10T19:31:31.153+05:30 DEBUG 14700 --- [http-nio-8080-exec-1] o.s.security.web.FilterChainProxy        : Secured GET /api/bookmarks/posts/71/status
2026-03-10T19:31:31.153+05:30 DEBUG 14700 --- [http-nio-8080-exec-8] o.s.security.web.FilterChainProxy        : Securing POST /api/business/posts/70/view
2026-03-10T19:31:31.153+05:30  INFO 14700 --- [http-nio-8080-exec-1] o.r.r.controller.BookmarkController      : Check bookmark status for post ID: 71
2026-03-10T19:31:31.153+05:30  INFO 14700 --- [http-nio-8080-exec-5] o.r.r.controller.InteractionController   : Check like status for post ID: 71
2026-03-10T19:31:31.153+05:30 DEBUG 14700 --- [http-nio-8080-exec-8] o.r.r.service.CustomUserDetailsService   : Loading user by username or email: user1
2026-03-10T19:31:31.156+05:30 DEBUG 14700 --- [http-nio-8080-exec-10] o.s.security.web.FilterChainProxy        : Secured POST /api/business/posts/70/impression
2026-03-10T19:31:31.156+05:30 DEBUG 14700 --- [http-nio-8080-exec-7] o.s.security.web.FilterChainProxy        : Secured GET /api/posts/70/liked
2026-03-10T19:31:31.156+05:30 DEBUG 14700 --- [http-nio-8080-exec-10] o.r.r.controller.BusinessController      : Recording impression for post: 70
2026-03-10T19:31:31.156+05:30  INFO 14700 --- [http-nio-8080-exec-7] o.r.r.controller.InteractionController   : Check like status for post ID: 70
2026-03-10T19:31:31.157+05:30 DEBUG 14700 --- [http-nio-8080-exec-10] o.r.revconnect.service.BusinessService   : Recording impression for post: 70
2026-03-10T19:31:31.158+05:30 DEBUG 14700 --- [http-nio-8080-exec-8] o.s.security.web.FilterChainProxy        : Secured POST /api/business/posts/70/view
2026-03-10T19:31:31.159+05:30 DEBUG 14700 --- [http-nio-8080-exec-8] o.r.r.controller.BusinessController      : Recording view for post: 70
2026-03-10T19:31:31.160+05:30 DEBUG 14700 --- [http-nio-8080-exec-8] o.r.revconnect.service.BusinessService   : Recording view for post: 70
2026-03-10T19:31:31.165+05:30 DEBUG 14700 --- [http-nio-8080-exec-3] o.s.security.web.FilterChainProxy        : Securing GET /api/bookmarks/posts/70/status
2026-03-10T19:31:31.166+05:30 DEBUG 14700 --- [http-nio-8080-exec-3] o.r.r.service.CustomUserDetailsService   : Loading user by username or email: user1
2026-03-10T19:31:31.172+05:30 DEBUG 14700 --- [http-nio-8080-exec-9] o.s.security.web.FilterChainProxy        : Securing POST /api/business/posts/69/impression
2026-03-10T19:31:31.173+05:30 DEBUG 14700 --- [http-nio-8080-exec-9] o.r.r.service.CustomUserDetailsService   : Loading user by username or email: user1
2026-03-10T19:31:31.173+05:30 DEBUG 14700 --- [http-nio-8080-exec-3] o.s.security.web.FilterChainProxy        : Secured GET /api/bookmarks/posts/70/status
2026-03-10T19:31:31.173+05:30  INFO 14700 --- [http-nio-8080-exec-3] o.r.r.controller.BookmarkController      : Check bookmark status for post ID: 70
2026-03-10T19:31:31.175+05:30 DEBUG 14700 --- [http-nio-8080-exec-2] o.s.security.web.FilterChainProxy        : Securing GET /api/posts/69/liked
2026-03-10T19:31:31.175+05:30 DEBUG 14700 --- [http-nio-8080-exec-4] o.s.security.web.FilterChainProxy        : Securing POST /api/business/posts/69/view
2026-03-10T19:31:31.175+05:30 DEBUG 14700 --- [http-nio-8080-exec-2] o.r.r.service.CustomUserDetailsService   : Loading user by username or email: user1
2026-03-10T19:31:31.176+05:30 DEBUG 14700 --- [http-nio-8080-exec-4] o.r.r.service.CustomUserDetailsService   : Loading user by username or email: user1
2026-03-10T19:31:31.179+05:30 DEBUG 14700 --- [http-nio-8080-exec-9] o.s.security.web.FilterChainProxy        : Secured POST /api/business/posts/69/impression
2026-03-10T19:31:31.180+05:30 DEBUG 14700 --- [http-nio-8080-exec-9] o.r.r.controller.BusinessController      : Recording impression for post: 69
2026-03-10T19:31:31.181+05:30 DEBUG 14700 --- [http-nio-8080-exec-9] o.r.revconnect.service.BusinessService   : Recording impression for post: 69
2026-03-10T19:31:31.181+05:30 DEBUG 14700 --- [http-nio-8080-exec-5] o.s.security.web.FilterChainProxy        : Securing GET /api/bookmarks/posts/69/status
2026-03-10T19:31:31.181+05:30 DEBUG 14700 --- [http-nio-8080-exec-6] o.s.security.web.FilterChainProxy        : Securing POST /api/business/posts/66/impression
2026-03-10T19:31:31.182+05:30 DEBUG 14700 --- [http-nio-8080-exec-5] o.r.r.service.CustomUserDetailsService   : Loading user by username or email: user1
2026-03-10T19:31:31.182+05:30 DEBUG 14700 --- [http-nio-8080-exec-6] o.r.r.service.CustomUserDetailsService   : Loading user by username or email: user1
2026-03-10T19:31:31.182+05:30 DEBUG 14700 --- [http-nio-8080-exec-2] o.s.security.web.FilterChainProxy        : Secured GET /api/posts/69/liked
2026-03-10T19:31:31.182+05:30 DEBUG 14700 --- [http-nio-8080-exec-4] o.s.security.web.FilterChainProxy        : Secured POST /api/business/posts/69/view
2026-03-10T19:31:31.183+05:30  INFO 14700 --- [http-nio-8080-exec-2] o.r.r.controller.InteractionController   : Check like status for post ID: 69
2026-03-10T19:31:31.183+05:30 DEBUG 14700 --- [http-nio-8080-exec-4] o.r.r.controller.BusinessController      : Recording view for post: 69
2026-03-10T19:31:31.184+05:30 DEBUG 14700 --- [http-nio-8080-exec-4] o.r.revconnect.service.BusinessService   : Recording view for post: 69
2026-03-10T19:31:31.188+05:30 DEBUG 14700 --- [http-nio-8080-exec-5] o.s.security.web.FilterChainProxy        : Secured GET /api/bookmarks/posts/69/status
2026-03-10T19:31:31.189+05:30 DEBUG 14700 --- [http-nio-8080-exec-6] o.s.security.web.FilterChainProxy        : Secured POST /api/business/posts/66/impression
2026-03-10T19:31:31.189+05:30  INFO 14700 --- [http-nio-8080-exec-5] o.r.r.controller.BookmarkController      : Check bookmark status for post ID: 69
2026-03-10T19:31:31.189+05:30 DEBUG 14700 --- [http-nio-8080-exec-6] o.r.r.controller.BusinessController      : Recording impression for post: 66
2026-03-10T19:31:31.191+05:30 DEBUG 14700 --- [http-nio-8080-exec-6] o.r.revconnect.service.BusinessService   : Recording impression for post: 66
2026-03-10T19:31:31.195+05:30 DEBUG 14700 --- [http-nio-8080-exec-7] o.s.security.web.FilterChainProxy        : Securing POST /api/business/posts/66/view
2026-03-10T19:31:31.196+05:30 DEBUG 14700 --- [http-nio-8080-exec-7] o.r.r.service.CustomUserDetailsService   : Loading user by username or email: user1
2026-03-10T19:31:31.200+05:30 DEBUG 14700 --- [http-nio-8080-exec-1] o.s.security.web.FilterChainProxy        : Securing GET /api/posts/66/liked
2026-03-10T19:31:31.201+05:30 DEBUG 14700 --- [http-nio-8080-exec-1] o.r.r.service.CustomUserDetailsService   : Loading user by username or email: user1
2026-03-10T19:31:31.205+05:30 DEBUG 14700 --- [http-nio-8080-exec-7] o.s.security.web.FilterChainProxy        : Secured POST /api/business/posts/66/view
2026-03-10T19:31:31.205+05:30 DEBUG 14700 --- [http-nio-8080-exec-7] o.r.r.controller.BusinessController      : Recording view for post: 66
2026-03-10T19:31:31.206+05:30 DEBUG 14700 --- [http-nio-8080-exec-7] o.r.revconnect.service.BusinessService   : Recording view for post: 66
2026-03-10T19:31:31.207+05:30 DEBUG 14700 --- [http-nio-8080-exec-1] o.s.security.web.FilterChainProxy        : Secured GET /api/posts/66/liked
2026-03-10T19:31:31.207+05:30 DEBUG 14700 --- [http-nio-8080-exec-10] o.s.security.web.FilterChainProxy        : Securing GET /api/bookmarks/posts/66/status
2026-03-10T19:31:31.207+05:30 DEBUG 14700 --- [http-nio-8080-exec-10] o.r.r.service.CustomUserDetailsService   : Loading user by username or email: user1
2026-03-10T19:31:31.207+05:30  INFO 14700 --- [http-nio-8080-exec-1] o.r.r.controller.InteractionController   : Check like status for post ID: 66
2026-03-10T19:31:31.214+05:30 DEBUG 14700 --- [http-nio-8080-exec-10] o.s.security.web.FilterChainProxy        : Secured GET /api/bookmarks/posts/66/status
2026-03-10T19:31:31.215+05:30  INFO 14700 --- [http-nio-8080-exec-10] o.r.r.controller.BookmarkController      : Check bookmark status for post ID: 66
2026-03-10T19:31:31.216+05:30 DEBUG 14700 --- [http-nio-8080-exec-8] o.s.security.web.FilterChainProxy        : Securing GET /uploads/media/1/profile/399af8b4-7629-4b96-b1a0-e2779793a067.jpg
2026-03-10T19:31:31.216+05:30 DEBUG 14700 --- [http-nio-8080-exec-8] o.s.s.w.a.AnonymousAuthenticationFilter  : Set SecurityContextHolder to anonymous SecurityContext
2026-03-10T19:31:31.216+05:30 DEBUG 14700 --- [http-nio-8080-exec-8] o.s.security.web.FilterChainProxy        : Secured GET /uploads/media/1/profile/399af8b4-7629-4b96-b1a0-e2779793a067.jpg
2026-03-10T19:31:31.219+05:30  WARN 14700 --- [http-nio-8080-exec-8] .m.m.a.ExceptionHandlerExceptionResolver : Resolved [org.springframework.web.servlet.resource.NoResourceFoundException: No static resource media/1/profile/399af8b4-7629-4b96-b1a0-e2779793a067.jpg.]
2026-03-10T19:31:31.219+05:30 DEBUG 14700 --- [http-nio-8080-exec-3] o.s.security.web.FilterChainProxy        : Securing GET /uploads/media/1/generic/b4ba7ced-9876-4b70-a8d5-b6e7606b50ca.png
2026-03-10T19:31:31.220+05:30 DEBUG 14700 --- [http-nio-8080-exec-2] o.s.security.web.FilterChainProxy        : Securing GET /uploads/media/4/profile/1a12ec78-6437-4714-a3b0-c9cbde62ccd7.jpg
2026-03-10T19:31:31.220+05:30 DEBUG 14700 --- [http-nio-8080-exec-3] o.s.s.w.a.AnonymousAuthenticationFilter  : Set SecurityContextHolder to anonymous SecurityContext
2026-03-10T19:31:31.220+05:30 DEBUG 14700 --- [http-nio-8080-exec-2] o.s.s.w.a.AnonymousAuthenticationFilter  : Set SecurityContextHolder to anonymous SecurityContext
2026-03-10T19:31:31.220+05:30 DEBUG 14700 --- [http-nio-8080-exec-2] o.s.security.web.FilterChainProxy        : Secured GET /uploads/media/4/profile/1a12ec78-6437-4714-a3b0-c9cbde62ccd7.jpg
2026-03-10T19:31:31.220+05:30 DEBUG 14700 --- [http-nio-8080-exec-3] o.s.security.web.FilterChainProxy        : Secured GET /uploads/media/1/generic/b4ba7ced-9876-4b70-a8d5-b6e7606b50ca.png
2026-03-10T19:31:31.222+05:30  WARN 14700 --- [http-nio-8080-exec-2] .m.m.a.ExceptionHandlerExceptionResolver : Resolved [org.springframework.web.servlet.resource.NoResourceFoundException: No static resource media/4/profile/1a12ec78-6437-4714-a3b0-c9cbde62ccd7.jpg.]
2026-03-10T19:31:31.232+05:30 DEBUG 14700 --- [http-nio-8080-exec-4] o.s.security.web.FilterChainProxy        : Securing GET /uploads/media/1/generic/7fde1b47-8060-46da-9571-91aafb55d03d.jpg
2026-03-10T19:31:31.232+05:30 DEBUG 14700 --- [http-nio-8080-exec-9] o.s.security.web.FilterChainProxy        : Securing GET /uploads/media/4/generic/afba8f70-b62a-4091-aed6-fae68bce0a65.jpg
2026-03-10T19:31:31.232+05:30 DEBUG 14700 --- [http-nio-8080-exec-9] o.s.s.w.a.AnonymousAuthenticationFilter  : Set SecurityContextHolder to anonymous SecurityContext
2026-03-10T19:31:31.232+05:30 DEBUG 14700 --- [http-nio-8080-exec-4] o.s.s.w.a.AnonymousAuthenticationFilter  : Set SecurityContextHolder to anonymous SecurityContext
2026-03-10T19:31:31.232+05:30 DEBUG 14700 --- [http-nio-8080-exec-9] o.s.security.web.FilterChainProxy        : Secured GET /uploads/media/4/generic/afba8f70-b62a-4091-aed6-fae68bce0a65.jpg
2026-03-10T19:31:31.232+05:30 DEBUG 14700 --- [http-nio-8080-exec-4] o.s.security.web.FilterChainProxy        : Secured GET /uploads/media/1/generic/7fde1b47-8060-46da-9571-91aafb55d03d.jpg
2026-03-10T19:31:31.235+05:30  WARN 14700 --- [http-nio-8080-exec-9] .m.m.a.ExceptionHandlerExceptionResolver : Resolved [org.springframework.web.servlet.resource.NoResourceFoundException: No static resource media/4/generic/afba8f70-b62a-4091-aed6-fae68bce0a65.jpg.]
2026-03-10T19:31:31.235+05:30  WARN 14700 --- [http-nio-8080-exec-4] .m.m.a.ExceptionHandlerExceptionResolver : Resolved [org.springframework.web.servlet.resource.NoResourceFoundException: No static resource media/1/generic/7fde1b47-8060-46da-9571-91aafb55d03d.jpg.]
2026-03-10T19:31:31.239+05:30 DEBUG 14700 --- [http-nio-8080-exec-5] o.s.security.web.FilterChainProxy        : Securing GET /uploads/media/1/generic/0566907f-e3e4-4d66-9b90-efebf8aa1a77.jpg
2026-03-10T19:31:31.239+05:30 DEBUG 14700 --- [http-nio-8080-exec-6] o.s.security.web.FilterChainProxy        : Securing GET /uploads/media/4/generic/ea0f2604-2300-4567-b0df-24461f5dc2be.jpg
2026-03-10T19:31:31.239+05:30 DEBUG 14700 --- [http-nio-8080-exec-5] o.s.s.w.a.AnonymousAuthenticationFilter  : Set SecurityContextHolder to anonymous SecurityContext
2026-03-10T19:31:31.239+05:30 DEBUG 14700 --- [http-nio-8080-exec-6] o.s.s.w.a.AnonymousAuthenticationFilter  : Set SecurityContextHolder to anonymous SecurityContext
2026-03-10T19:31:31.239+05:30 DEBUG 14700 --- [http-nio-8080-exec-6] o.s.security.web.FilterChainProxy        : Secured GET /uploads/media/4/generic/ea0f2604-2300-4567-b0df-24461f5dc2be.jpg
2026-03-10T19:31:31.239+05:30 DEBUG 14700 --- [http-nio-8080-exec-5] o.s.security.web.FilterChainProxy        : Secured GET /uploads/media/1/generic/0566907f-e3e4-4d66-9b90-efebf8aa1a77.jpg
2026-03-10T19:31:31.241+05:30  WARN 14700 --- [http-nio-8080-exec-5] .m.m.a.ExceptionHandlerExceptionResolver : Resolved [org.springframework.web.servlet.resource.NoResourceFoundException: No static resource media/1/generic/0566907f-e3e4-4d66-9b90-efebf8aa1a77.jpg.]
2026-03-10T19:31:31.241+05:30  WARN 14700 --- [http-nio-8080-exec-6] .m.m.a.ExceptionHandlerExceptionResolver : Resolved [org.springframework.web.servlet.resource.NoResourceFoundException: No static resource media/4/generic/ea0f2604-2300-4567-b0df-24461f5dc2be.jpg.]
2026-03-10T19:31:31.244+05:30 DEBUG 14700 --- [http-nio-8080-exec-1] o.s.security.web.FilterChainProxy        : Securing GET /uploads/media/1/generic/66efcb11-e753-40ca-8db2-72d7eb62ea46.jpg
2026-03-10T19:31:31.244+05:30 DEBUG 14700 --- [http-nio-8080-exec-1] o.s.s.w.a.AnonymousAuthenticationFilter  : Set SecurityContextHolder to anonymous SecurityContext
2026-03-10T19:31:31.244+05:30 DEBUG 14700 --- [http-nio-8080-exec-1] o.s.security.web.FilterChainProxy        : Secured GET /uploads/media/1/generic/66efcb11-e753-40ca-8db2-72d7eb62ea46.jpg
2026-03-10T19:31:31.246+05:30 DEBUG 14700 --- [http-nio-8080-exec-7] o.s.security.web.FilterChainProxy        : Securing GET /uploads/media/11/profile/a98ad951-1fa6-4b6c-84cf-fd97d589c8ea.jpg
2026-03-10T19:31:31.246+05:30 DEBUG 14700 --- [http-nio-8080-exec-7] o.s.s.w.a.AnonymousAuthenticationFilter  : Set SecurityContextHolder to anonymous SecurityContext
2026-03-10T19:31:31.246+05:30 DEBUG 14700 --- [http-nio-8080-exec-7] o.s.security.web.FilterChainProxy        : Secured GET /uploads/media/11/profile/a98ad951-1fa6-4b6c-84cf-fd97d589c8ea.jpg
2026-03-10T19:31:31.246+05:30  WARN 14700 --- [http-nio-8080-exec-1] .m.m.a.ExceptionHandlerExceptionResolver : Resolved [org.springframework.web.servlet.resource.NoResourceFoundException: No static resource media/1/generic/66efcb11-e753-40ca-8db2-72d7eb62ea46.jpg.]
2026-03-10T19:31:31.251+05:30  WARN 14700 --- [http-nio-8080-exec-7] .m.m.a.ExceptionHandlerExceptionResolver : Resolved [org.springframework.web.servlet.resource.NoResourceFoundException: No static resource media/11/profile/a98ad951-1fa6-4b6c-84cf-fd97d589c8ea.jpg.]
2026-03-10T19:31:31.255+05:30 DEBUG 14700 --- [http-nio-8080-exec-8] o.s.security.web.FilterChainProxy        : Securing GET /uploads/media/11/generic/e7feafd5-9318-4c78-b84a-1eea8175cca3.jpg
2026-03-10T19:31:31.256+05:30 DEBUG 14700 --- [http-nio-8080-exec-8] o.s.s.w.a.AnonymousAuthenticationFilter  : Set SecurityContextHolder to anonymous SecurityContext
2026-03-10T19:31:31.256+05:30 DEBUG 14700 --- [http-nio-8080-exec-8] o.s.security.web.FilterChainProxy        : Secured GET /uploads/media/11/generic/e7feafd5-9318-4c78-b84a-1eea8175cca3.jpg
2026-03-10T19:31:31.256+05:30 DEBUG 14700 --- [http-nio-8080-exec-2] o.s.security.web.FilterChainProxy        : Securing GET /uploads/media/4/video/e5b4263b-b2b4-45bd-8671-d1b46b1a6348.mp4
2026-03-10T19:31:31.256+05:30 DEBUG 14700 --- [http-nio-8080-exec-2] o.s.s.w.a.AnonymousAuthenticationFilter  : Set SecurityContextHolder to anonymous SecurityContext
2026-03-10T19:31:31.256+05:30 DEBUG 14700 --- [http-nio-8080-exec-2] o.s.security.web.FilterChainProxy        : Secured GET /uploads/media/4/video/e5b4263b-b2b4-45bd-8671-d1b46b1a6348.mp4
2026-03-10T19:31:31.258+05:30  WARN 14700 --- [http-nio-8080-exec-8] .m.m.a.ExceptionHandlerExceptionResolver : Resolved [org.springframework.web.servlet.resource.NoResourceFoundException: No static resource media/11/generic/e7feafd5-9318-4c78-b84a-1eea8175cca3.jpg.]
2026-03-10T19:31:31.258+05:30  WARN 14700 --- [http-nio-8080-exec-2] .m.m.a.ExceptionHandlerExceptionResolver : Resolved [org.springframework.web.servlet.resource.NoResourceFoundException: No static resource media/4/video/e5b4263b-b2b4-45bd-8671-d1b46b1a6348.mp4.]
2026-03-10T19:31:31.259+05:30 DEBUG 14700 --- [http-nio-8080-exec-3] o.s.security.web.FilterChainProxy        : Securing GET /uploads/media/1/video/99f88e69-e838-4464-8561-a62b7544a441.mp4
2026-03-10T19:31:31.259+05:30 DEBUG 14700 --- [http-nio-8080-exec-10] o.s.security.web.FilterChainProxy        : Securing GET /uploads/media/4/video/e856b82e-d555-4135-a76a-920f9532f5ff.mp4
2026-03-10T19:31:31.259+05:30 DEBUG 14700 --- [http-nio-8080-exec-3] o.s.s.w.a.AnonymousAuthenticationFilter  : Set SecurityContextHolder to anonymous SecurityContext
2026-03-10T19:31:31.260+05:30 DEBUG 14700 --- [http-nio-8080-exec-10] o.s.s.w.a.AnonymousAuthenticationFilter  : Set SecurityContextHolder to anonymous SecurityContext
2026-03-10T19:31:31.260+05:30 DEBUG 14700 --- [http-nio-8080-exec-3] o.s.security.web.FilterChainProxy        : Secured GET /uploads/media/1/video/99f88e69-e838-4464-8561-a62b7544a441.mp4
2026-03-10T19:31:31.260+05:30 DEBUG 14700 --- [http-nio-8080-exec-10] o.s.security.web.FilterChainProxy        : Secured GET /uploads/media/4/video/e856b82e-d555-4135-a76a-920f9532f5ff.mp4
2026-03-10T19:31:31.262+05:30  WARN 14700 --- [http-nio-8080-exec-3] .m.m.a.ExceptionHandlerExceptionResolver : Resolved [org.springframework.web.servlet.resource.NoResourceFoundException: No static resource media/1/video/99f88e69-e838-4464-8561-a62b7544a441.mp4.]
2026-03-10T19:31:31.262+05:30  WARN 14700 --- [http-nio-8080-exec-10] .m.m.a.ExceptionHandlerExceptionResolver : Resolved [org.springframework.web.servlet.resource.NoResourceFoundException: No static resource media/4/video/e856b82e-d555-4135-a76a-920f9532f5ff.mp4.]
2026-03-10T19:32:01.524+05:30 DEBUG 14700 --- [http-nio-8080-exec-9] o.s.security.web.FilterChainProxy        : Securing GET /api/messages/unread/count
2026-03-10T19:32:01.525+05:30 DEBUG 14700 --- [http-nio-8080-exec-9] o.r.r.service.CustomUserDetailsService   : Loading user by username or email: user1
2026-03-10T19:32:01.536+05:30 DEBUG 14700 --- [http-nio-8080-exec-9] o.s.security.web.FilterChainProxy        : Secured GET /api/messages/unread/count
2026-03-10T19:32:01.536+05:30  INFO 14700 --- [http-nio-8080-exec-9] o.r.r.controller.MessageController       : Getting unread message count
2026-03-10T19:32:31.532+05:30 DEBUG 14700 --- [http-nio-8080-exec-4] o.s.security.web.FilterChainProxy        : Securing GET /api/messages/unread/count
2026-03-10T19:32:31.534+05:30 DEBUG 14700 --- [http-nio-8080-exec-4] o.r.r.service.CustomUserDetailsService   : Loading user by username or email: user1
2026-03-10T19:32:31.544+05:30 DEBUG 14700 --- [http-nio-8080-exec-4] o.s.security.web.FilterChainProxy        : Secured GET /api/messages/unread/count
2026-03-10T19:32:31.545+05:30  INFO 14700 --- [http-nio-8080-exec-4] o.r.r.controller.MessageController       : Getting unread message count
2026-03-10T19:33:01.529+05:30 DEBUG 14700 --- [http-nio-8080-exec-6] o.s.security.web.FilterChainProxy        : Securing GET /api/messages/unread/count
2026-03-10T19:33:01.530+05:30 DEBUG 14700 --- [http-nio-8080-exec-6] o.r.r.service.CustomUserDetailsService   : Loading user by username or email: user1
2026-03-10T19:33:01.540+05:30 DEBUG 14700 --- [http-nio-8080-exec-6] o.s.security.web.FilterChainProxy        : Secured GET /api/messages/unread/count
2026-03-10T19:33:01.541+05:30  INFO 14700 --- [http-nio-8080-exec-6] o.r.r.controller.MessageController       : Getting unread message count
2026-03-10T19:33:31.528+05:30 DEBUG 14700 --- [http-nio-8080-exec-5] o.s.security.web.FilterChainProxy        : Securing GET /api/messages/unread/count
2026-03-10T19:33:31.529+05:30 DEBUG 14700 --- [http-nio-8080-exec-5] o.r.r.service.CustomUserDetailsService   : Loading user by username or email: user1
2026-03-10T19:33:31.539+05:30 DEBUG 14700 --- [http-nio-8080-exec-5] o.s.security.web.FilterChainProxy        : Secured GET /api/messages/unread/count
2026-03-10T19:33:31.540+05:30  INFO 14700 --- [http-nio-8080-exec-5] o.r.r.controller.MessageController       : Getting unread message count
2026-03-10T19:34:01.520+05:30 DEBUG 14700 --- [http-nio-8080-exec-1] o.s.security.web.FilterChainProxy        : Securing GET /api/messages/unread/count
2026-03-10T19:34:01.521+05:30 DEBUG 14700 --- [http-nio-8080-exec-1] o.r.r.service.CustomUserDetailsService   : Loading user by username or email: user1
2026-03-10T19:34:01.530+05:30 DEBUG 14700 --- [http-nio-8080-exec-1] o.s.security.web.FilterChainProxy        : Secured GET /api/messages/unread/count
2026-03-10T19:34:01.530+05:30  INFO 14700 --- [http-nio-8080-exec-1] o.r.r.controller.MessageController       : Getting unread message count
2026-03-10T19:34:31.528+05:30 DEBUG 14700 --- [http-nio-8080-exec-7] o.s.security.web.FilterChainProxy        : Securing GET /api/messages/unread/count
2026-03-10T19:34:31.529+05:30 DEBUG 14700 --- [http-nio-8080-exec-7] o.r.r.service.CustomUserDetailsService   : Loading user by username or email: user1
2026-03-10T19:34:31.540+05:30 DEBUG 14700 --- [http-nio-8080-exec-7] o.s.security.web.FilterChainProxy        : Secured GET /api/messages/unread/count
2026-03-10T19:34:31.542+05:30  INFO 14700 --- [http-nio-8080-exec-7] o.r.r.controller.MessageController       : Getting unread message count
2026-03-10T19:35:21.523+05:30 DEBUG 14700 --- [http-nio-8080-exec-2] o.s.security.web.FilterChainProxy        : Securing GET /api/messages/unread/count
2026-03-10T19:35:21.524+05:30 DEBUG 14700 --- [http-nio-8080-exec-2] o.r.r.service.CustomUserDetailsService   : Loading user by username or email: user1
2026-03-10T19:35:21.536+05:30 DEBUG 14700 --- [http-nio-8080-exec-2] o.s.security.web.FilterChainProxy        : Secured GET /api/messages/unread/count
2026-03-10T19:35:21.537+05:30  INFO 14700 --- [http-nio-8080-exec-2] o.r.r.controller.MessageController       : Getting unread message count
2026-03-10T19:36:21.534+05:30 DEBUG 14700 --- [http-nio-8080-exec-8] o.s.security.web.FilterChainProxy        : Securing GET /api/messages/unread/count
2026-03-10T19:36:21.536+05:30 DEBUG 14700 --- [http-nio-8080-exec-8] o.r.r.service.CustomUserDetailsService   : Loading user by username or email: user1
2026-03-10T19:36:21.548+05:30 DEBUG 14700 --- [http-nio-8080-exec-8] o.s.security.web.FilterChainProxy        : Secured GET /api/messages/unread/count
2026-03-10T19:36:21.549+05:30  INFO 14700 --- [http-nio-8080-exec-8] o.r.r.controller.MessageController       : Getting unread message count
2026-03-10T19:37:21.529+05:30 DEBUG 14700 --- [http-nio-8080-exec-10] o.s.security.web.FilterChainProxy        : Securing GET /api/messages/unread/count
2026-03-10T19:37:21.530+05:30 DEBUG 14700 --- [http-nio-8080-exec-10] o.r.r.service.CustomUserDetailsService   : Loading user by username or email: user1
2026-03-10T19:37:21.538+05:30 DEBUG 14700 --- [http-nio-8080-exec-10] o.s.security.web.FilterChainProxy        : Secured GET /api/messages/unread/count
2026-03-10T19:37:21.539+05:30  INFO 14700 --- [http-nio-8080-exec-10] o.r.r.controller.MessageController       : Getting unread message count
2026-03-10T19:38:21.522+05:30 DEBUG 14700 --- [http-nio-8080-exec-3] o.s.security.web.FilterChainProxy        : Securing GET /api/messages/unread/count
2026-03-10T19:38:21.523+05:30 DEBUG 14700 --- [http-nio-8080-exec-3] o.r.r.service.CustomUserDetailsService   : Loading user by username or email: user1
2026-03-10T19:38:21.528+05:30 DEBUG 14700 --- [http-nio-8080-exec-3] o.s.security.web.FilterChainProxy        : Secured GET /api/messages/unread/count
2026-03-10T19:38:21.529+05:30  INFO 14700 --- [http-nio-8080-exec-3] o.r.r.controller.MessageController       : Getting unread message count
2026-03-10T19:39:21.527+05:30 DEBUG 14700 --- [http-nio-8080-exec-9] o.s.security.web.FilterChainProxy        : Securing GET /api/messages/unread/count
2026-03-10T19:39:21.528+05:30 DEBUG 14700 --- [http-nio-8080-exec-9] o.r.r.service.CustomUserDetailsService   : Loading user by username or email: user1
2026-03-10T19:39:21.545+05:30 DEBUG 14700 --- [http-nio-8080-exec-9] o.s.security.web.FilterChainProxy        : Secured GET /api/messages/unread/count
2026-03-10T19:39:21.546+05:30  INFO 14700 --- [http-nio-8080-exec-9] o.r.r.controller.MessageController       : Getting unread message count
2026-03-10T19:39:38.470+05:30 DEBUG 14700 --- [http-nio-8080-exec-4] o.s.security.web.FilterChainProxy        : Securing GET /api/messages/unread/count
2026-03-10T19:39:38.471+05:30 DEBUG 14700 --- [http-nio-8080-exec-4] o.r.r.service.CustomUserDetailsService   : Loading user by username or email: user1
2026-03-10T19:39:38.483+05:30 DEBUG 14700 --- [http-nio-8080-exec-4] o.s.security.web.FilterChainProxy        : Secured GET /api/messages/unread/count
2026-03-10T19:39:38.483+05:30  INFO 14700 --- [http-nio-8080-exec-4] o.r.r.controller.MessageController       : Getting unread message count
2026-03-10T19:40:00.815+05:30 DEBUG 14700 --- [http-nio-8080-exec-6] o.s.security.web.FilterChainProxy        : Securing GET /api/messages/unread/count
2026-03-10T19:40:00.818+05:30 DEBUG 14700 --- [http-nio-8080-exec-6] o.r.r.service.CustomUserDetailsService   : Loading user by username or email: user1
2026-03-10T19:40:00.832+05:30 DEBUG 14700 --- [http-nio-8080-exec-6] o.s.security.web.FilterChainProxy        : Secured GET /api/messages/unread/count
2026-03-10T19:40:00.834+05:30  INFO 14700 --- [http-nio-8080-exec-6] o.r.r.controller.MessageController       : Getting unread message count
2026-03-10T19:40:30.814+05:30 DEBUG 14700 --- [http-nio-8080-exec-5] o.s.security.web.FilterChainProxy        : Securing GET /api/messages/unread/count
2026-03-10T19:40:30.815+05:30 DEBUG 14700 --- [http-nio-8080-exec-5] o.r.r.service.CustomUserDetailsService   : Loading user by username or email: user1
2026-03-10T19:40:30.831+05:30 DEBUG 14700 --- [http-nio-8080-exec-5] o.s.security.web.FilterChainProxy        : Secured GET /api/messages/unread/count
2026-03-10T19:40:30.832+05:30  INFO 14700 --- [http-nio-8080-exec-5] o.r.r.controller.MessageController       : Getting unread message count
2026-03-10T19:41:01.519+05:30 DEBUG 14700 --- [http-nio-8080-exec-1] o.s.security.web.FilterChainProxy        : Securing GET /api/messages/unread/count
2026-03-10T19:41:01.519+05:30 DEBUG 14700 --- [http-nio-8080-exec-1] o.r.r.service.CustomUserDetailsService   : Loading user by username or email: user1
2026-03-10T19:41:01.526+05:30 DEBUG 14700 --- [http-nio-8080-exec-1] o.s.security.web.FilterChainProxy        : Secured GET /api/messages/unread/count
2026-03-10T19:41:01.527+05:30  INFO 14700 --- [http-nio-8080-exec-1] o.r.r.controller.MessageController       : Getting unread message count
2026-03-10T19:41:31.514+05:30 DEBUG 14700 --- [http-nio-8080-exec-7] o.s.security.web.FilterChainProxy        : Securing GET /api/messages/unread/count
2026-03-10T19:41:31.516+05:30 DEBUG 14700 --- [http-nio-8080-exec-7] o.r.r.service.CustomUserDetailsService   : Loading user by username or email: user1
2026-03-10T19:41:31.526+05:30 DEBUG 14700 --- [http-nio-8080-exec-7] o.s.security.web.FilterChainProxy        : Secured GET /api/messages/unread/count
2026-03-10T19:41:31.526+05:30  INFO 14700 --- [http-nio-8080-exec-7] o.r.r.controller.MessageController       : Getting unread message count
2026-03-10T19:42:01.516+05:30 DEBUG 14700 --- [http-nio-8080-exec-2] o.s.security.web.FilterChainProxy        : Securing GET /api/messages/unread/count
2026-03-10T19:42:01.518+05:30 DEBUG 14700 --- [http-nio-8080-exec-2] o.r.r.service.CustomUserDetailsService   : Loading user by username or email: user1
2026-03-10T19:42:01.529+05:30 DEBUG 14700 --- [http-nio-8080-exec-2] o.s.security.web.FilterChainProxy        : Secured GET /api/messages/unread/count
2026-03-10T19:42:01.529+05:30  INFO 14700 --- [http-nio-8080-exec-2] o.r.r.controller.MessageController       : Getting unread message count
2026-03-10T19:42:33.368+05:30 DEBUG 14700 --- [http-nio-8080-exec-8] o.s.security.web.FilterChainProxy        : Securing GET /api/messages/unread/count
2026-03-10T19:42:33.371+05:30 DEBUG 14700 --- [http-nio-8080-exec-8] o.r.r.service.CustomUserDetailsService   : Loading user by username or email: user1
2026-03-10T19:42:33.384+05:30 DEBUG 14700 --- [http-nio-8080-exec-8] o.s.security.web.FilterChainProxy        : Secured GET /api/messages/unread/count
2026-03-10T19:42:33.384+05:30  INFO 14700 --- [http-nio-8080-exec-8] o.r.r.controller.MessageController       : Getting unread message count
2026-03-10T19:42:50.491+05:30  INFO 14700 --- [SpringApplicationShutdownHook] o.s.m.s.b.SimpleBrokerMessageHandler     : Stopping...
2026-03-10T19:42:50.491+05:30  INFO 14700 --- [SpringApplicationShutdownHook] o.s.m.s.b.SimpleBrokerMessageHandler     : BrokerAvailabilityEvent[available=false, SimpleBrokerMessageHandler [org.springframework.messaging.simp.broker.DefaultSubscriptionRegistry@508ba97b]]
2026-03-10T19:42:50.491+05:30  INFO 14700 --- [SpringApplicationShutdownHook] o.s.m.s.b.SimpleBrokerMessageHandler     : Stopped.
2026-03-10T19:42:50.509+05:30  INFO 14700 --- [SpringApplicationShutdownHook] j.LocalContainerEntityManagerFactoryBean : Closing JPA EntityManagerFactory for persistence unit 'default'
2026-03-10T19:42:50.515+05:30  INFO 14700 --- [SpringApplicationShutdownHook] com.zaxxer.hikari.HikariDataSource       : HikariPool-1 - Shutdown initiated...
2026-03-10T19:42:50.522+05:30  INFO 14700 --- [SpringApplicationShutdownHook] com.zaxxer.hikari.HikariDataSource       : HikariPool-1 - Shutdown completed.
2026-03-10T19:43:09.212+05:30  INFO 34000 --- [restartedMain] o.r.revconnect.RevconnectApplication     : Starting RevconnectApplication using Java 21.0.9 with PID 34000 (C:\Users\pavan\REVCONNECT\target\classes started by pavan in C:\Users\pavan\REVCONNECT)
2026-03-10T19:43:09.213+05:30 DEBUG 34000 --- [restartedMain] o.r.revconnect.RevconnectApplication     : Running with Spring Boot v3.2.2, Spring v6.1.3
2026-03-10T19:43:09.214+05:30  INFO 34000 --- [restartedMain] o.r.revconnect.RevconnectApplication     : No active profile set, falling back to 1 default profile: "default"
2026-03-10T19:43:09.259+05:30  INFO 34000 --- [restartedMain] .e.DevToolsPropertyDefaultsPostProcessor : Devtools property defaults active! Set 'spring.devtools.add-properties' to 'false' to disable
2026-03-10T19:43:09.260+05:30  INFO 34000 --- [restartedMain] .e.DevToolsPropertyDefaultsPostProcessor : For additional web related logging consider setting the 'logging.level.web' property to 'DEBUG'
2026-03-10T19:43:10.385+05:30  INFO 34000 --- [restartedMain] .s.d.r.c.RepositoryConfigurationDelegate : Bootstrapping Spring Data JPA repositories in DEFAULT mode.
2026-03-10T19:43:10.481+05:30  INFO 34000 --- [restartedMain] .s.d.r.c.RepositoryConfigurationDelegate : Finished Spring Data repository scanning in 89 ms. Found 17 JPA repository interfaces.
2026-03-10T19:43:11.409+05:30  INFO 34000 --- [restartedMain] o.s.b.w.embedded.tomcat.TomcatWebServer  : Tomcat initialized with port 8080 (http)
2026-03-10T19:43:11.426+05:30  INFO 34000 --- [restartedMain] o.apache.catalina.core.StandardService   : Starting service [Tomcat]
2026-03-10T19:43:11.427+05:30  INFO 34000 --- [restartedMain] o.apache.catalina.core.StandardEngine    : Starting Servlet engine: [Apache Tomcat/10.1.18]
2026-03-10T19:43:11.491+05:30  INFO 34000 --- [restartedMain] o.a.c.c.C.[Tomcat].[localhost].[/]       : Initializing Spring embedded WebApplicationContext
2026-03-10T19:43:11.492+05:30  INFO 34000 --- [restartedMain] w.s.c.ServletWebServerApplicationContext : Root WebApplicationContext: initialization completed in 2231 ms
2026-03-10T19:43:11.647+05:30  INFO 34000 --- [restartedMain] o.hibernate.jpa.internal.util.LogHelper  : HHH000204: Processing PersistenceUnitInfo [name: default]
2026-03-10T19:43:11.744+05:30  INFO 34000 --- [restartedMain] org.hibernate.Version                    : HHH000412: Hibernate ORM core version 6.4.1.Final
2026-03-10T19:43:11.783+05:30  INFO 34000 --- [restartedMain] o.h.c.internal.RegionFactoryInitiator    : HHH000026: Second-level cache disabled
2026-03-10T19:43:12.055+05:30  INFO 34000 --- [restartedMain] o.s.o.j.p.SpringPersistenceUnitInfo      : No LoadTimeWeaver setup: ignoring JPA class transformer
2026-03-10T19:43:12.086+05:30  INFO 34000 --- [restartedMain] com.zaxxer.hikari.HikariDataSource       : HikariPool-1 - Starting...
2026-03-10T19:43:12.513+05:30  INFO 34000 --- [restartedMain] com.zaxxer.hikari.pool.HikariPool        : HikariPool-1 - Added connection com.mysql.cj.jdbc.ConnectionImpl@670bbecb
2026-03-10T19:43:12.514+05:30  INFO 34000 --- [restartedMain] com.zaxxer.hikari.HikariDataSource       : HikariPool-1 - Start completed.
2026-03-10T19:43:12.612+05:30  WARN 34000 --- [restartedMain] org.hibernate.orm.deprecation            : HHH90000025: MySQLDialect does not need to be specified explicitly using 'hibernate.dialect' (remove the property setting and it will be selected by default)
2026-03-10T19:43:14.082+05:30  INFO 34000 --- [restartedMain] o.h.e.t.j.p.i.JtaPlatformInitiator       : HHH000489: No JTA platform available (set 'hibernate.transaction.jta.platform' to enable JTA platform integration)
2026-03-10T19:43:14.480+05:30  INFO 34000 --- [restartedMain] j.LocalContainerEntityManagerFactoryBean : Initialized JPA EntityManagerFactory for persistence unit 'default'
2026-03-10T19:43:14.779+05:30  INFO 34000 --- [restartedMain] o.s.d.j.r.query.QueryEnhancerFactory     : Hibernate is in classpath; If applicable, HQL parser will be used.
2026-03-10T19:43:15.562+05:30 DEBUG 34000 --- [restartedMain] o.r.r.security.JwtAuthenticationFilter   : Filter 'jwtAuthenticationFilter' configured for use
2026-03-10T19:43:16.782+05:30  WARN 34000 --- [restartedMain] JpaBaseConfiguration$JpaWebConfiguration : spring.jpa.open-in-view is enabled by default. Therefore, database queries may be performed during view rendering. Explicitly configure spring.jpa.open-in-view to disable this warning
2026-03-10T19:43:17.140+05:30  INFO 34000 --- [restartedMain] o.s.s.web.DefaultSecurityFilterChain     : Will secure any request with [org.springframework.security.web.session.DisableEncodeUrlFilter@39903505, org.springframework.security.web.context.request.async.WebAsyncManagerIntegrationFilter@6994903a, org.springframework.security.web.context.SecurityContextHolderFilter@187ac583, org.springframework.security.web.header.HeaderWriterFilter@e0119a2, org.springframework.web.filter.CorsFilter@74fec677, org.springframework.security.web.authentication.logout.LogoutFilter@16122d3f, org.revature.revconnect.security.JwtAuthenticationFilter@392d1cc, org.springframework.security.web.savedrequest.RequestCacheAwareFilter@65b2cf41, org.springframework.security.web.servletapi.SecurityContextHolderAwareRequestFilter@6b46e426, org.springframework.security.web.authentication.AnonymousAuthenticationFilter@3504204d, org.springframework.security.web.session.SessionManagementFilter@104c3e72, org.springframework.security.web.access.ExceptionTranslationFilter@7edbe50, org.springframework.security.web.access.intercept.AuthorizationFilter@30d5b453]
2026-03-10T19:43:17.567+05:30  INFO 34000 --- [restartedMain] o.s.b.d.a.OptionalLiveReloadServer       : LiveReload server is running on port 35729
2026-03-10T19:43:17.615+05:30  INFO 34000 --- [restartedMain] o.s.b.w.embedded.tomcat.TomcatWebServer  : Tomcat started on port 8080 (http) with context path ''
2026-03-10T19:43:17.617+05:30  INFO 34000 --- [restartedMain] o.s.m.s.b.SimpleBrokerMessageHandler     : Starting...
2026-03-10T19:43:17.619+05:30  INFO 34000 --- [restartedMain] o.s.m.s.b.SimpleBrokerMessageHandler     : BrokerAvailabilityEvent[available=true, SimpleBrokerMessageHandler [org.springframework.messaging.simp.broker.DefaultSubscriptionRegistry@2c6a1452]]
2026-03-10T19:43:17.619+05:30  INFO 34000 --- [restartedMain] o.s.m.s.b.SimpleBrokerMessageHandler     : Started.
2026-03-10T19:43:17.629+05:30  INFO 34000 --- [restartedMain] o.r.revconnect.RevconnectApplication     : Started RevconnectApplication in 8.803 seconds (process running for 18.73)
2026-03-10T19:44:14.480+05:30  INFO 34000 --- [http-nio-8080-exec-1] o.a.c.c.C.[Tomcat].[localhost].[/]       : Initializing Spring DispatcherServlet 'dispatcherServlet'
2026-03-10T19:44:14.483+05:30  INFO 34000 --- [http-nio-8080-exec-1] o.s.web.servlet.DispatcherServlet        : Initializing Servlet 'dispatcherServlet'
2026-03-10T19:44:14.489+05:30  INFO 34000 --- [http-nio-8080-exec-1] o.s.web.servlet.DispatcherServlet        : Completed initialization in 4 ms
2026-03-10T19:44:14.547+05:30 DEBUG 34000 --- [http-nio-8080-exec-1] o.s.security.web.FilterChainProxy        : Securing POST /api/auth/login
2026-03-10T19:44:14.896+05:30 DEBUG 34000 --- [http-nio-8080-exec-1] o.r.r.service.CustomUserDetailsService   : Loading user by username or email: user1
2026-03-10T19:44:15.481+05:30 DEBUG 34000 --- [http-nio-8080-exec-1] o.s.security.web.FilterChainProxy        : Secured POST /api/auth/login
2026-03-10T19:44:15.758+05:30  INFO 34000 --- [http-nio-8080-exec-1] o.r.r.controller.AuthController          : Login attempt for: user1
2026-03-10T19:44:15.761+05:30  INFO 34000 --- [http-nio-8080-exec-1] o.r.revconnect.service.AuthService       : Attempting login for user: user1
2026-03-10T19:44:15.960+05:30 DEBUG 34000 --- [http-nio-8080-exec-1] o.r.r.service.CustomUserDetailsService   : Loading user by username or email: user1
2026-03-10T19:44:16.086+05:30 DEBUG 34000 --- [http-nio-8080-exec-1] o.s.s.a.dao.DaoAuthenticationProvider    : Authenticated user
2026-03-10T19:44:16.144+05:30  INFO 34000 --- [http-nio-8080-exec-1] o.r.revconnect.service.AuthService       : User logged in successfully: user1
2026-03-10T19:44:16.147+05:30  INFO 34000 --- [http-nio-8080-exec-1] o.r.r.controller.AuthController          : Login successful for user: user1
2026-03-10T19:44:16.376+05:30 DEBUG 34000 --- [http-nio-8080-exec-4] o.s.security.web.FilterChainProxy        : Securing GET /api/users/me
2026-03-10T19:44:16.380+05:30 DEBUG 34000 --- [http-nio-8080-exec-4] o.r.r.service.CustomUserDetailsService   : Loading user by username or email: user1
2026-03-10T19:44:16.380+05:30 DEBUG 34000 --- [http-nio-8080-exec-5] o.s.security.web.FilterChainProxy        : Securing GET /api/notifications/count
2026-03-10T19:44:16.380+05:30 DEBUG 34000 --- [http-nio-8080-exec-2] o.s.security.web.FilterChainProxy        : Securing GET /api/stories/feed
2026-03-10T19:44:16.380+05:30 DEBUG 34000 --- [http-nio-8080-exec-3] o.s.security.web.FilterChainProxy        : Securing GET /api/messages/unread/count
2026-03-10T19:44:16.382+05:30 DEBUG 34000 --- [http-nio-8080-exec-3] o.r.r.service.CustomUserDetailsService   : Loading user by username or email: user1
2026-03-10T19:44:16.382+05:30 DEBUG 34000 --- [http-nio-8080-exec-5] o.r.r.service.CustomUserDetailsService   : Loading user by username or email: user1
2026-03-10T19:44:16.382+05:30 DEBUG 34000 --- [http-nio-8080-exec-2] o.r.r.service.CustomUserDetailsService   : Loading user by username or email: user1
2026-03-10T19:44:16.396+05:30 DEBUG 34000 --- [http-nio-8080-exec-4] o.s.security.web.FilterChainProxy        : Secured GET /api/users/me
2026-03-10T19:44:16.396+05:30 DEBUG 34000 --- [http-nio-8080-exec-5] o.s.security.web.FilterChainProxy        : Secured GET /api/notifications/count
2026-03-10T19:44:16.396+05:30 DEBUG 34000 --- [http-nio-8080-exec-3] o.s.security.web.FilterChainProxy        : Secured GET /api/messages/unread/count
2026-03-10T19:44:16.398+05:30  INFO 34000 --- [http-nio-8080-exec-3] o.r.r.controller.MessageController       : Getting unread message count
2026-03-10T19:44:16.398+05:30  INFO 34000 --- [http-nio-8080-exec-5] o.r.r.controller.NotificationController  : Get unread count request
2026-03-10T19:44:16.398+05:30  INFO 34000 --- [http-nio-8080-exec-4] o.r.r.controller.UserController          : Request to get current user profile
2026-03-10T19:44:16.399+05:30  INFO 34000 --- [http-nio-8080-exec-4] o.r.revconnect.service.UserService       : Fetching profile for user: user1
2026-03-10T19:44:16.400+05:30 DEBUG 34000 --- [http-nio-8080-exec-2] o.s.security.web.FilterChainProxy        : Secured GET /api/stories/feed
2026-03-10T19:44:16.401+05:30  INFO 34000 --- [http-nio-8080-exec-2] o.r.r.controller.StoryController         : Getting stories feed
2026-03-10T19:44:16.415+05:30 DEBUG 34000 --- [http-nio-8080-exec-4] o.r.r.controller.UserController          : Profile retrieved for user: user1
2026-03-10T19:44:16.434+05:30  INFO 34000 --- [http-nio-8080-exec-5] o.r.r.service.NotificationService        : User user1 has 5 unread notifications
2026-03-10T19:44:16.435+05:30 DEBUG 34000 --- [http-nio-8080-exec-6] o.s.security.web.FilterChainProxy        : Securing GET /api/users/me
2026-03-10T19:44:16.440+05:30 DEBUG 34000 --- [http-nio-8080-exec-6] o.r.r.service.CustomUserDetailsService   : Loading user by username or email: user1
2026-03-10T19:44:16.444+05:30 DEBUG 34000 --- [http-nio-8080-exec-7] o.s.security.web.FilterChainProxy        : Securing GET /api/posts/feed/personalized?page=0&size=10
2026-03-10T19:44:16.446+05:30 DEBUG 34000 --- [http-nio-8080-exec-8] o.s.security.web.FilterChainProxy        : Securing GET /api/search/trending
2026-03-10T19:44:16.448+05:30 DEBUG 34000 --- [http-nio-8080-exec-7] o.r.r.service.CustomUserDetailsService   : Loading user by username or email: user1
2026-03-10T19:44:16.450+05:30 DEBUG 34000 --- [http-nio-8080-exec-8] o.r.r.service.CustomUserDetailsService   : Loading user by username or email: user1
2026-03-10T19:44:16.453+05:30 DEBUG 34000 --- [http-nio-8080-exec-10] o.s.security.web.FilterChainProxy        : Securing GET /api/notifications/count
2026-03-10T19:44:16.454+05:30 DEBUG 34000 --- [http-nio-8080-exec-10] o.r.r.service.CustomUserDetailsService   : Loading user by username or email: user1
2026-03-10T19:44:16.484+05:30 DEBUG 34000 --- [http-nio-8080-exec-6] o.s.security.web.FilterChainProxy        : Secured GET /api/users/me
2026-03-10T19:44:16.485+05:30  INFO 34000 --- [http-nio-8080-exec-6] o.r.r.controller.UserController          : Request to get current user profile
2026-03-10T19:44:16.486+05:30  INFO 34000 --- [http-nio-8080-exec-6] o.r.revconnect.service.UserService       : Fetching profile for user: user1
2026-03-10T19:44:16.490+05:30 DEBUG 34000 --- [http-nio-8080-exec-6] o.r.r.controller.UserController          : Profile retrieved for user: user1
2026-03-10T19:44:16.498+05:30 DEBUG 34000 --- [http-nio-8080-exec-8] o.s.security.web.FilterChainProxy        : Secured GET /api/search/trending
2026-03-10T19:44:16.501+05:30 DEBUG 34000 --- [http-nio-8080-exec-7] o.s.security.web.FilterChainProxy        : Secured GET /api/posts/feed/personalized?page=0&size=10
2026-03-10T19:44:16.503+05:30  INFO 34000 --- [http-nio-8080-exec-8] o.r.r.controller.SearchController        : Getting trending searches
2026-03-10T19:44:16.504+05:30 DEBUG 34000 --- [http-nio-8080-exec-10] o.s.security.web.FilterChainProxy        : Secured GET /api/notifications/count
2026-03-10T19:44:16.505+05:30  INFO 34000 --- [http-nio-8080-exec-10] o.r.r.controller.NotificationController  : Get unread count request
2026-03-10T19:44:16.507+05:30  INFO 34000 --- [http-nio-8080-exec-8] o.r.revconnect.service.HashtagService    : Fetching top 10 trending hashtags
2026-03-10T19:44:16.511+05:30 DEBUG 34000 --- [http-nio-8080-exec-9] o.s.security.web.FilterChainProxy        : Securing GET /api/users/me
2026-03-10T19:44:16.523+05:30  INFO 34000 --- [http-nio-8080-exec-7] o.r.r.controller.PostController          : Get personalized feed request - page: 0, size: 10
2026-03-10T19:44:16.528+05:30 DEBUG 34000 --- [http-nio-8080-exec-9] o.r.r.service.CustomUserDetailsService   : Loading user by username or email: user1
2026-03-10T19:44:16.530+05:30  INFO 34000 --- [http-nio-8080-exec-10] o.r.r.service.NotificationService        : User user1 has 5 unread notifications
2026-03-10T19:44:16.548+05:30 DEBUG 34000 --- [http-nio-8080-exec-9] o.s.security.web.FilterChainProxy        : Secured GET /api/users/me
2026-03-10T19:44:16.550+05:30  INFO 34000 --- [http-nio-8080-exec-9] o.r.r.controller.UserController          : Request to get current user profile
2026-03-10T19:44:16.550+05:30  INFO 34000 --- [http-nio-8080-exec-9] o.r.revconnect.service.UserService       : Fetching profile for user: user1
2026-03-10T19:44:16.550+05:30 DEBUG 34000 --- [http-nio-8080-exec-9] o.r.r.controller.UserController          : Profile retrieved for user: user1
2026-03-10T19:44:16.558+05:30 DEBUG 34000 --- [http-nio-8080-exec-1] o.s.security.web.FilterChainProxy        : Securing GET /api/users/me
2026-03-10T19:44:16.561+05:30 DEBUG 34000 --- [http-nio-8080-exec-1] o.r.r.service.CustomUserDetailsService   : Loading user by username or email: user1
2026-03-10T19:44:16.573+05:30 DEBUG 34000 --- [http-nio-8080-exec-1] o.s.security.web.FilterChainProxy        : Secured GET /api/users/me
2026-03-10T19:44:16.575+05:30  INFO 34000 --- [http-nio-8080-exec-1] o.r.r.controller.UserController          : Request to get current user profile
2026-03-10T19:44:16.576+05:30  INFO 34000 --- [http-nio-8080-exec-1] o.r.revconnect.service.UserService       : Fetching profile for user: user1
2026-03-10T19:44:16.576+05:30 DEBUG 34000 --- [http-nio-8080-exec-1] o.r.r.controller.UserController          : Profile retrieved for user: user1
2026-03-10T19:44:16.589+05:30  INFO 34000 --- [http-nio-8080-exec-2] o.r.revconnect.service.StoryService      : Fetching stories feed for 7 users
2026-03-10T19:44:16.598+05:30 DEBUG 34000 --- [http-nio-8080-exec-4] o.s.security.web.FilterChainProxy        : Securing GET /uploads/media/1/profile/399af8b4-7629-4b96-b1a0-e2779793a067.jpg
2026-03-10T19:44:16.599+05:30 DEBUG 34000 --- [http-nio-8080-exec-4] o.s.s.w.a.AnonymousAuthenticationFilter  : Set SecurityContextHolder to anonymous SecurityContext
2026-03-10T19:44:16.600+05:30 DEBUG 34000 --- [http-nio-8080-exec-4] o.s.security.web.FilterChainProxy        : Secured GET /uploads/media/1/profile/399af8b4-7629-4b96-b1a0-e2779793a067.jpg
2026-03-10T19:44:16.617+05:30 DEBUG 34000 --- [http-nio-8080-exec-5] o.s.security.web.FilterChainProxy        : Securing GET /api/stories
2026-03-10T19:44:16.620+05:30 DEBUG 34000 --- [http-nio-8080-exec-5] o.r.r.service.CustomUserDetailsService   : Loading user by username or email: user1
2026-03-10T19:44:16.627+05:30  WARN 34000 --- [http-nio-8080-exec-4] .m.m.a.ExceptionHandlerExceptionResolver : Resolved [org.springframework.web.servlet.resource.NoResourceFoundException: No static resource media/1/profile/399af8b4-7629-4b96-b1a0-e2779793a067.jpg.]
2026-03-10T19:44:16.636+05:30 DEBUG 34000 --- [http-nio-8080-exec-5] o.s.security.web.FilterChainProxy        : Secured GET /api/stories
2026-03-10T19:44:16.637+05:30  INFO 34000 --- [http-nio-8080-exec-5] o.r.r.controller.StoryController         : Getting my stories
2026-03-10T19:44:16.638+05:30  INFO 34000 --- [http-nio-8080-exec-5] o.r.revconnect.service.StoryService      : Fetching active stories for user: user1
2026-03-10T19:44:16.681+05:30 DEBUG 34000 --- [http-nio-8080-exec-6] o.s.security.web.FilterChainProxy        : Securing GET /uploads/media/1/profile/399af8b4-7629-4b96-b1a0-e2779793a067.jpg
2026-03-10T19:44:16.682+05:30 DEBUG 34000 --- [http-nio-8080-exec-6] o.s.s.w.a.AnonymousAuthenticationFilter  : Set SecurityContextHolder to anonymous SecurityContext
2026-03-10T19:44:16.683+05:30 DEBUG 34000 --- [http-nio-8080-exec-6] o.s.security.web.FilterChainProxy        : Secured GET /uploads/media/1/profile/399af8b4-7629-4b96-b1a0-e2779793a067.jpg
2026-03-10T19:44:16.687+05:30  WARN 34000 --- [http-nio-8080-exec-6] .m.m.a.ExceptionHandlerExceptionResolver : Resolved [org.springframework.web.servlet.resource.NoResourceFoundException: No static resource media/1/profile/399af8b4-7629-4b96-b1a0-e2779793a067.jpg.]
2026-03-10T19:44:16.825+05:30 DEBUG 34000 --- [http-nio-8080-exec-3] o.s.security.web.FilterChainProxy        : Securing GET /api/posts/79/liked
2026-03-10T19:44:16.828+05:30 DEBUG 34000 --- [http-nio-8080-exec-10] o.s.security.web.FilterChainProxy        : Securing POST /api/business/posts/79/view
2026-03-10T19:44:16.830+05:30 DEBUG 34000 --- [http-nio-8080-exec-9] o.s.security.web.FilterChainProxy        : Securing GET /api/bookmarks/posts/79/status
2026-03-10T19:44:16.829+05:30 DEBUG 34000 --- [http-nio-8080-exec-8] o.s.security.web.FilterChainProxy        : Securing POST /api/business/posts/79/impression
2026-03-10T19:44:16.835+05:30 DEBUG 34000 --- [http-nio-8080-exec-3] o.r.r.service.CustomUserDetailsService   : Loading user by username or email: user1
2026-03-10T19:44:16.836+05:30 DEBUG 34000 --- [http-nio-8080-exec-2] o.s.security.web.FilterChainProxy        : Securing POST /api/business/posts/76/view
2026-03-10T19:44:16.837+05:30 DEBUG 34000 --- [http-nio-8080-exec-1] o.s.security.web.FilterChainProxy        : Securing POST /api/business/posts/76/impression
2026-03-10T19:44:16.839+05:30 DEBUG 34000 --- [http-nio-8080-exec-10] o.r.r.service.CustomUserDetailsService   : Loading user by username or email: user1
2026-03-10T19:44:16.842+05:30 DEBUG 34000 --- [http-nio-8080-exec-8] o.r.r.service.CustomUserDetailsService   : Loading user by username or email: user1
2026-03-10T19:44:16.843+05:30 DEBUG 34000 --- [http-nio-8080-exec-9] o.r.r.service.CustomUserDetailsService   : Loading user by username or email: user1
2026-03-10T19:44:16.844+05:30 DEBUG 34000 --- [http-nio-8080-exec-2] o.r.r.service.CustomUserDetailsService   : Loading user by username or email: user1
2026-03-10T19:44:16.843+05:30 DEBUG 34000 --- [http-nio-8080-exec-1] o.r.r.service.CustomUserDetailsService   : Loading user by username or email: user1
2026-03-10T19:44:16.867+05:30 DEBUG 34000 --- [http-nio-8080-exec-10] o.s.security.web.FilterChainProxy        : Secured POST /api/business/posts/79/view
2026-03-10T19:44:16.868+05:30 DEBUG 34000 --- [http-nio-8080-exec-8] o.s.security.web.FilterChainProxy        : Secured POST /api/business/posts/79/impression
2026-03-10T19:44:16.869+05:30 DEBUG 34000 --- [http-nio-8080-exec-9] o.s.security.web.FilterChainProxy        : Secured GET /api/bookmarks/posts/79/status
2026-03-10T19:44:16.864+05:30 DEBUG 34000 --- [http-nio-8080-exec-3] o.s.security.web.FilterChainProxy        : Secured GET /api/posts/79/liked
2026-03-10T19:44:16.871+05:30  INFO 34000 --- [http-nio-8080-exec-9] o.r.r.controller.BookmarkController      : Check bookmark status for post ID: 79
2026-03-10T19:44:16.871+05:30 DEBUG 34000 --- [http-nio-8080-exec-8] o.r.r.controller.BusinessController      : Recording impression for post: 79
2026-03-10T19:44:16.872+05:30 DEBUG 34000 --- [http-nio-8080-exec-10] o.r.r.controller.BusinessController      : Recording view for post: 79
2026-03-10T19:44:16.871+05:30 DEBUG 34000 --- [http-nio-8080-exec-2] o.s.security.web.FilterChainProxy        : Secured POST /api/business/posts/76/view
2026-03-10T19:44:16.872+05:30  INFO 34000 --- [http-nio-8080-exec-3] o.r.r.controller.InteractionController   : Check like status for post ID: 79
2026-03-10T19:44:16.875+05:30 DEBUG 34000 --- [http-nio-8080-exec-10] o.r.revconnect.service.BusinessService   : Recording view for post: 79
2026-03-10T19:44:16.875+05:30 DEBUG 34000 --- [http-nio-8080-exec-8] o.r.revconnect.service.BusinessService   : Recording impression for post: 79
2026-03-10T19:44:16.877+05:30 DEBUG 34000 --- [http-nio-8080-exec-2] o.r.r.controller.BusinessController      : Recording view for post: 76
2026-03-10T19:44:16.878+05:30 DEBUG 34000 --- [http-nio-8080-exec-1] o.s.security.web.FilterChainProxy        : Secured POST /api/business/posts/76/impression
2026-03-10T19:44:16.880+05:30 DEBUG 34000 --- [http-nio-8080-exec-2] o.r.revconnect.service.BusinessService   : Recording view for post: 76
2026-03-10T19:44:16.884+05:30 DEBUG 34000 --- [http-nio-8080-exec-1] o.r.r.controller.BusinessController      : Recording impression for post: 76
2026-03-10T19:44:16.886+05:30 DEBUG 34000 --- [http-nio-8080-exec-1] o.r.revconnect.service.BusinessService   : Recording impression for post: 76
2026-03-10T19:44:16.903+05:30 DEBUG 34000 --- [http-nio-8080-exec-4] o.s.security.web.FilterChainProxy        : Securing GET /api/posts/76/liked
2026-03-10T19:44:16.905+05:30 DEBUG 34000 --- [http-nio-8080-exec-4] o.r.r.service.CustomUserDetailsService   : Loading user by username or email: user1
2026-03-10T19:44:16.923+05:30 DEBUG 34000 --- [http-nio-8080-exec-4] o.s.security.web.FilterChainProxy        : Secured GET /api/posts/76/liked
2026-03-10T19:44:16.925+05:30  INFO 34000 --- [http-nio-8080-exec-4] o.r.r.controller.InteractionController   : Check like status for post ID: 76
2026-03-10T19:44:16.929+05:30  WARN 34000 --- [http-nio-8080-exec-2] .m.m.a.ExceptionHandlerExceptionResolver : Resolved [org.springframework.dao.IncorrectResultSizeDataAccessException: Query did not return a unique result: 2 results were returned]
2026-03-10T19:44:16.930+05:30  WARN 34000 --- [http-nio-8080-exec-10] .m.m.a.ExceptionHandlerExceptionResolver : Resolved [org.springframework.dao.IncorrectResultSizeDataAccessException: Query did not return a unique result: 2 results were returned]
2026-03-10T19:44:16.929+05:30  WARN 34000 --- [http-nio-8080-exec-8] .m.m.a.ExceptionHandlerExceptionResolver : Resolved [org.springframework.dao.IncorrectResultSizeDataAccessException: Query did not return a unique result: 2 results were returned]
2026-03-10T19:44:16.931+05:30  WARN 34000 --- [http-nio-8080-exec-1] .m.m.a.ExceptionHandlerExceptionResolver : Resolved [org.springframework.dao.IncorrectResultSizeDataAccessException: Query did not return a unique result: 2 results were returned]
2026-03-10T19:44:16.948+05:30 DEBUG 34000 --- [http-nio-8080-exec-7] o.s.security.web.FilterChainProxy        : Securing POST /api/business/posts/75/view
2026-03-10T19:44:16.948+05:30 DEBUG 34000 --- [http-nio-8080-exec-5] o.s.security.web.FilterChainProxy        : Securing GET /api/bookmarks/posts/76/status
2026-03-10T19:44:16.949+05:30 DEBUG 34000 --- [http-nio-8080-exec-3] o.s.security.web.FilterChainProxy        : Securing GET /api/posts/75/liked
2026-03-10T19:44:16.948+05:30 DEBUG 34000 --- [http-nio-8080-exec-6] o.s.security.web.FilterChainProxy        : Securing POST /api/business/posts/75/impression
2026-03-10T19:44:16.949+05:30 DEBUG 34000 --- [http-nio-8080-exec-10] o.s.security.web.FilterChainProxy        : Securing GET /api/bookmarks/posts/75/status
2026-03-10T19:44:16.950+05:30 DEBUG 34000 --- [http-nio-8080-exec-6] o.r.r.service.CustomUserDetailsService   : Loading user by username or email: user1
2026-03-10T19:44:16.951+05:30 DEBUG 34000 --- [http-nio-8080-exec-5] o.r.r.service.CustomUserDetailsService   : Loading user by username or email: user1
2026-03-10T19:44:16.951+05:30 DEBUG 34000 --- [http-nio-8080-exec-10] o.r.r.service.CustomUserDetailsService   : Loading user by username or email: user1
2026-03-10T19:44:16.950+05:30 DEBUG 34000 --- [http-nio-8080-exec-3] o.r.r.service.CustomUserDetailsService   : Loading user by username or email: user1
2026-03-10T19:44:16.951+05:30 DEBUG 34000 --- [http-nio-8080-exec-7] o.r.r.service.CustomUserDetailsService   : Loading user by username or email: user1
2026-03-10T19:44:16.964+05:30 DEBUG 34000 --- [http-nio-8080-exec-7] o.s.security.web.FilterChainProxy        : Secured POST /api/business/posts/75/view
2026-03-10T19:44:16.964+05:30 DEBUG 34000 --- [http-nio-8080-exec-10] o.s.security.web.FilterChainProxy        : Secured GET /api/bookmarks/posts/75/status
2026-03-10T19:44:16.964+05:30 DEBUG 34000 --- [http-nio-8080-exec-6] o.s.security.web.FilterChainProxy        : Secured POST /api/business/posts/75/impression
2026-03-10T19:44:16.964+05:30 DEBUG 34000 --- [http-nio-8080-exec-5] o.s.security.web.FilterChainProxy        : Secured GET /api/bookmarks/posts/76/status
2026-03-10T19:44:16.964+05:30 DEBUG 34000 --- [http-nio-8080-exec-3] o.s.security.web.FilterChainProxy        : Secured GET /api/posts/75/liked
2026-03-10T19:44:16.965+05:30 DEBUG 34000 --- [http-nio-8080-exec-7] o.r.r.controller.BusinessController      : Recording view for post: 75
2026-03-10T19:44:16.965+05:30  INFO 34000 --- [http-nio-8080-exec-3] o.r.r.controller.InteractionController   : Check like status for post ID: 75
2026-03-10T19:44:16.965+05:30  INFO 34000 --- [http-nio-8080-exec-5] o.r.r.controller.BookmarkController      : Check bookmark status for post ID: 76
2026-03-10T19:44:16.965+05:30 DEBUG 34000 --- [http-nio-8080-exec-6] o.r.r.controller.BusinessController      : Recording impression for post: 75
2026-03-10T19:44:16.965+05:30  INFO 34000 --- [http-nio-8080-exec-10] o.r.r.controller.BookmarkController      : Check bookmark status for post ID: 75
2026-03-10T19:44:16.965+05:30 DEBUG 34000 --- [http-nio-8080-exec-6] o.r.revconnect.service.BusinessService   : Recording impression for post: 75
2026-03-10T19:44:16.965+05:30 DEBUG 34000 --- [http-nio-8080-exec-7] o.r.revconnect.service.BusinessService   : Recording view for post: 75
2026-03-10T19:44:16.972+05:30  WARN 34000 --- [http-nio-8080-exec-7] .m.m.a.ExceptionHandlerExceptionResolver : Resolved [org.springframework.dao.IncorrectResultSizeDataAccessException: Query did not return a unique result: 2 results were returned]
2026-03-10T19:44:16.972+05:30  WARN 34000 --- [http-nio-8080-exec-6] .m.m.a.ExceptionHandlerExceptionResolver : Resolved [org.springframework.dao.IncorrectResultSizeDataAccessException: Query did not return a unique result: 2 results were returned]
2026-03-10T19:44:16.986+05:30 DEBUG 34000 --- [http-nio-8080-exec-2] o.s.security.web.FilterChainProxy        : Securing GET /api/posts/74/liked
2026-03-10T19:44:16.986+05:30 DEBUG 34000 --- [http-nio-8080-exec-1] o.s.security.web.FilterChainProxy        : Securing POST /api/business/posts/74/impression
2026-03-10T19:44:16.986+05:30 DEBUG 34000 --- [http-nio-8080-exec-2] o.r.r.service.CustomUserDetailsService   : Loading user by username or email: user1
2026-03-10T19:44:16.988+05:30 DEBUG 34000 --- [http-nio-8080-exec-1] o.r.r.service.CustomUserDetailsService   : Loading user by username or email: user1
2026-03-10T19:44:16.988+05:30 DEBUG 34000 --- [http-nio-8080-exec-8] o.s.security.web.FilterChainProxy        : Securing GET /api/bookmarks/posts/74/status
2026-03-10T19:44:16.990+05:30 DEBUG 34000 --- [http-nio-8080-exec-8] o.r.r.service.CustomUserDetailsService   : Loading user by username or email: user1
2026-03-10T19:44:16.991+05:30 DEBUG 34000 --- [http-nio-8080-exec-4] o.s.security.web.FilterChainProxy        : Securing POST /api/business/posts/74/view
2026-03-10T19:44:16.992+05:30 DEBUG 34000 --- [http-nio-8080-exec-4] o.r.r.service.CustomUserDetailsService   : Loading user by username or email: user1
2026-03-10T19:44:16.995+05:30 DEBUG 34000 --- [http-nio-8080-exec-3] o.s.security.web.FilterChainProxy        : Securing POST /api/business/posts/73/impression
2026-03-10T19:44:16.996+05:30 DEBUG 34000 --- [http-nio-8080-exec-9] o.s.security.web.FilterChainProxy        : Securing GET /api/posts/73/liked
2026-03-10T19:44:16.997+05:30 DEBUG 34000 --- [http-nio-8080-exec-1] o.s.security.web.FilterChainProxy        : Secured POST /api/business/posts/74/impression
2026-03-10T19:44:16.997+05:30 DEBUG 34000 --- [http-nio-8080-exec-2] o.s.security.web.FilterChainProxy        : Secured GET /api/posts/74/liked
2026-03-10T19:44:16.997+05:30 DEBUG 34000 --- [http-nio-8080-exec-9] o.r.r.service.CustomUserDetailsService   : Loading user by username or email: user1
2026-03-10T19:44:16.998+05:30  INFO 34000 --- [http-nio-8080-exec-2] o.r.r.controller.InteractionController   : Check like status for post ID: 74
2026-03-10T19:44:16.998+05:30 DEBUG 34000 --- [http-nio-8080-exec-1] o.r.r.controller.BusinessController      : Recording impression for post: 74
2026-03-10T19:44:16.999+05:30 DEBUG 34000 --- [http-nio-8080-exec-1] o.r.revconnect.service.BusinessService   : Recording impression for post: 74
2026-03-10T19:44:16.999+05:30 DEBUG 34000 --- [http-nio-8080-exec-3] o.r.r.service.CustomUserDetailsService   : Loading user by username or email: user1
2026-03-10T19:44:17.000+05:30 DEBUG 34000 --- [http-nio-8080-exec-8] o.s.security.web.FilterChainProxy        : Secured GET /api/bookmarks/posts/74/status
2026-03-10T19:44:17.002+05:30  INFO 34000 --- [http-nio-8080-exec-8] o.r.r.controller.BookmarkController      : Check bookmark status for post ID: 74
2026-03-10T19:44:17.007+05:30 DEBUG 34000 --- [http-nio-8080-exec-4] o.s.security.web.FilterChainProxy        : Secured POST /api/business/posts/74/view
2026-03-10T19:44:17.008+05:30 DEBUG 34000 --- [http-nio-8080-exec-9] o.s.security.web.FilterChainProxy        : Secured GET /api/posts/73/liked
2026-03-10T19:44:17.010+05:30 DEBUG 34000 --- [http-nio-8080-exec-4] o.r.r.controller.BusinessController      : Recording view for post: 74
2026-03-10T19:44:17.011+05:30  INFO 34000 --- [http-nio-8080-exec-9] o.r.r.controller.InteractionController   : Check like status for post ID: 73
2026-03-10T19:44:17.011+05:30 DEBUG 34000 --- [http-nio-8080-exec-7] o.s.security.web.FilterChainProxy        : Securing GET /api/bookmarks/posts/73/status
2026-03-10T19:44:17.011+05:30 DEBUG 34000 --- [http-nio-8080-exec-4] o.r.revconnect.service.BusinessService   : Recording view for post: 74
2026-03-10T19:44:17.012+05:30 DEBUG 34000 --- [http-nio-8080-exec-7] o.r.r.service.CustomUserDetailsService   : Loading user by username or email: user1
2026-03-10T19:44:17.015+05:30 DEBUG 34000 --- [http-nio-8080-exec-3] o.s.security.web.FilterChainProxy        : Secured POST /api/business/posts/73/impression
2026-03-10T19:44:17.016+05:30 DEBUG 34000 --- [http-nio-8080-exec-3] o.r.r.controller.BusinessController      : Recording impression for post: 73
2026-03-10T19:44:17.017+05:30 DEBUG 34000 --- [http-nio-8080-exec-3] o.r.revconnect.service.BusinessService   : Recording impression for post: 73
2026-03-10T19:44:17.022+05:30 DEBUG 34000 --- [http-nio-8080-exec-7] o.s.security.web.FilterChainProxy        : Secured GET /api/bookmarks/posts/73/status
2026-03-10T19:44:17.024+05:30 DEBUG 34000 --- [http-nio-8080-exec-6] o.s.security.web.FilterChainProxy        : Securing POST /api/business/posts/73/view
2026-03-10T19:44:17.024+05:30  INFO 34000 --- [http-nio-8080-exec-7] o.r.r.controller.BookmarkController      : Check bookmark status for post ID: 73
2026-03-10T19:44:17.025+05:30 DEBUG 34000 --- [http-nio-8080-exec-6] o.r.r.service.CustomUserDetailsService   : Loading user by username or email: user1
2026-03-10T19:44:17.031+05:30 DEBUG 34000 --- [http-nio-8080-exec-10] o.s.security.web.FilterChainProxy        : Securing GET /api/posts/72/liked
2026-03-10T19:44:17.034+05:30 DEBUG 34000 --- [http-nio-8080-exec-10] o.r.r.service.CustomUserDetailsService   : Loading user by username or email: user1
2026-03-10T19:44:17.038+05:30 DEBUG 34000 --- [http-nio-8080-exec-6] o.s.security.web.FilterChainProxy        : Secured POST /api/business/posts/73/view
2026-03-10T19:44:17.040+05:30 DEBUG 34000 --- [http-nio-8080-exec-6] o.r.r.controller.BusinessController      : Recording view for post: 73
2026-03-10T19:44:17.041+05:30 DEBUG 34000 --- [http-nio-8080-exec-6] o.r.revconnect.service.BusinessService   : Recording view for post: 73
2026-03-10T19:44:17.043+05:30 DEBUG 34000 --- [http-nio-8080-exec-10] o.s.security.web.FilterChainProxy        : Secured GET /api/posts/72/liked
2026-03-10T19:44:17.044+05:30  INFO 34000 --- [http-nio-8080-exec-10] o.r.r.controller.InteractionController   : Check like status for post ID: 72
2026-03-10T19:44:17.051+05:30 DEBUG 34000 --- [http-nio-8080-exec-5] o.s.security.web.FilterChainProxy        : Securing POST /api/business/posts/72/impression
2026-03-10T19:44:17.053+05:30 DEBUG 34000 --- [http-nio-8080-exec-5] o.r.r.service.CustomUserDetailsService   : Loading user by username or email: user1
2026-03-10T19:44:17.057+05:30 DEBUG 34000 --- [http-nio-8080-exec-2] o.s.security.web.FilterChainProxy        : Securing GET /api/bookmarks/posts/72/status
2026-03-10T19:44:17.059+05:30 DEBUG 34000 --- [http-nio-8080-exec-2] o.r.r.service.CustomUserDetailsService   : Loading user by username or email: user1
2026-03-10T19:44:17.062+05:30 DEBUG 34000 --- [http-nio-8080-exec-5] o.s.security.web.FilterChainProxy        : Secured POST /api/business/posts/72/impression
2026-03-10T19:44:17.063+05:30 DEBUG 34000 --- [http-nio-8080-exec-5] o.r.r.controller.BusinessController      : Recording impression for post: 72
2026-03-10T19:44:17.065+05:30 DEBUG 34000 --- [http-nio-8080-exec-5] o.r.revconnect.service.BusinessService   : Recording impression for post: 72
2026-03-10T19:44:17.070+05:30 DEBUG 34000 --- [http-nio-8080-exec-2] o.s.security.web.FilterChainProxy        : Secured GET /api/bookmarks/posts/72/status
2026-03-10T19:44:17.071+05:30  INFO 34000 --- [http-nio-8080-exec-2] o.r.r.controller.BookmarkController      : Check bookmark status for post ID: 72
2026-03-10T19:44:17.097+05:30 DEBUG 34000 --- [http-nio-8080-exec-9] o.s.security.web.FilterChainProxy        : Securing POST /api/business/posts/72/view
2026-03-10T19:44:17.098+05:30 DEBUG 34000 --- [http-nio-8080-exec-9] o.r.r.service.CustomUserDetailsService   : Loading user by username or email: user1
2026-03-10T19:44:17.111+05:30 DEBUG 34000 --- [http-nio-8080-exec-9] o.s.security.web.FilterChainProxy        : Secured POST /api/business/posts/72/view
2026-03-10T19:44:17.113+05:30 DEBUG 34000 --- [http-nio-8080-exec-9] o.r.r.controller.BusinessController      : Recording view for post: 72
2026-03-10T19:44:17.114+05:30 DEBUG 34000 --- [http-nio-8080-exec-9] o.r.revconnect.service.BusinessService   : Recording view for post: 72
2026-03-10T19:44:17.129+05:30 DEBUG 34000 --- [http-nio-8080-exec-8] o.s.security.web.FilterChainProxy        : Securing POST /api/business/posts/71/impression
2026-03-10T19:44:17.129+05:30 DEBUG 34000 --- [http-nio-8080-exec-7] o.s.security.web.FilterChainProxy        : Securing GET /api/posts/71/liked
2026-03-10T19:44:17.129+05:30 DEBUG 34000 --- [http-nio-8080-exec-10] o.s.security.web.FilterChainProxy        : Securing GET /api/bookmarks/posts/71/status
2026-03-10T19:44:17.130+05:30 DEBUG 34000 --- [http-nio-8080-exec-7] o.r.r.service.CustomUserDetailsService   : Loading user by username or email: user1
2026-03-10T19:44:17.131+05:30 DEBUG 34000 --- [http-nio-8080-exec-10] o.r.r.service.CustomUserDetailsService   : Loading user by username or email: user1
2026-03-10T19:44:17.132+05:30 DEBUG 34000 --- [http-nio-8080-exec-8] o.r.r.service.CustomUserDetailsService   : Loading user by username or email: user1
2026-03-10T19:44:17.138+05:30 DEBUG 34000 --- [http-nio-8080-exec-2] o.s.security.web.FilterChainProxy        : Securing POST /api/business/posts/71/view
2026-03-10T19:44:17.138+05:30 DEBUG 34000 --- [http-nio-8080-exec-5] o.s.security.web.FilterChainProxy        : Securing POST /api/business/posts/70/impression
2026-03-10T19:44:17.141+05:30 DEBUG 34000 --- [http-nio-8080-exec-5] o.r.r.service.CustomUserDetailsService   : Loading user by username or email: user1
2026-03-10T19:44:17.143+05:30 DEBUG 34000 --- [http-nio-8080-exec-8] o.s.security.web.FilterChainProxy        : Secured POST /api/business/posts/71/impression
2026-03-10T19:44:17.144+05:30 DEBUG 34000 --- [http-nio-8080-exec-8] o.r.r.controller.BusinessController      : Recording impression for post: 71
2026-03-10T19:44:17.144+05:30 DEBUG 34000 --- [http-nio-8080-exec-2] o.r.r.service.CustomUserDetailsService   : Loading user by username or email: user1
2026-03-10T19:44:17.145+05:30 DEBUG 34000 --- [http-nio-8080-exec-7] o.s.security.web.FilterChainProxy        : Secured GET /api/posts/71/liked
2026-03-10T19:44:17.145+05:30 DEBUG 34000 --- [http-nio-8080-exec-10] o.s.security.web.FilterChainProxy        : Secured GET /api/bookmarks/posts/71/status
2026-03-10T19:44:17.146+05:30 DEBUG 34000 --- [http-nio-8080-exec-8] o.r.revconnect.service.BusinessService   : Recording impression for post: 71
2026-03-10T19:44:17.146+05:30  INFO 34000 --- [http-nio-8080-exec-7] o.r.r.controller.InteractionController   : Check like status for post ID: 71
2026-03-10T19:44:17.147+05:30  INFO 34000 --- [http-nio-8080-exec-10] o.r.r.controller.BookmarkController      : Check bookmark status for post ID: 71
2026-03-10T19:44:17.147+05:30 DEBUG 34000 --- [http-nio-8080-exec-6] o.s.security.web.FilterChainProxy        : Securing GET /api/posts/70/liked
2026-03-10T19:44:17.152+05:30 DEBUG 34000 --- [http-nio-8080-exec-6] o.r.r.service.CustomUserDetailsService   : Loading user by username or email: user1
2026-03-10T19:44:17.153+05:30 DEBUG 34000 --- [http-nio-8080-exec-5] o.s.security.web.FilterChainProxy        : Secured POST /api/business/posts/70/impression
2026-03-10T19:44:17.153+05:30 DEBUG 34000 --- [http-nio-8080-exec-2] o.s.security.web.FilterChainProxy        : Secured POST /api/business/posts/71/view
2026-03-10T19:44:17.156+05:30 DEBUG 34000 --- [http-nio-8080-exec-2] o.r.r.controller.BusinessController      : Recording view for post: 71
2026-03-10T19:44:17.158+05:30 DEBUG 34000 --- [http-nio-8080-exec-5] o.r.r.controller.BusinessController      : Recording impression for post: 70
2026-03-10T19:44:17.159+05:30 DEBUG 34000 --- [http-nio-8080-exec-2] o.r.revconnect.service.BusinessService   : Recording view for post: 71
2026-03-10T19:44:17.160+05:30 DEBUG 34000 --- [http-nio-8080-exec-5] o.r.revconnect.service.BusinessService   : Recording impression for post: 70
2026-03-10T19:44:17.168+05:30 DEBUG 34000 --- [http-nio-8080-exec-6] o.s.security.web.FilterChainProxy        : Secured GET /api/posts/70/liked
2026-03-10T19:44:17.168+05:30 DEBUG 34000 --- [http-nio-8080-exec-1] o.s.security.web.FilterChainProxy        : Securing GET /api/bookmarks/posts/70/status
2026-03-10T19:44:17.169+05:30 DEBUG 34000 --- [http-nio-8080-exec-1] o.r.r.service.CustomUserDetailsService   : Loading user by username or email: user1
2026-03-10T19:44:17.170+05:30  INFO 34000 --- [http-nio-8080-exec-6] o.r.r.controller.InteractionController   : Check like status for post ID: 70
2026-03-10T19:44:17.179+05:30 DEBUG 34000 --- [http-nio-8080-exec-3] o.s.security.web.FilterChainProxy        : Securing POST /api/business/posts/70/view
2026-03-10T19:44:17.180+05:30 DEBUG 34000 --- [http-nio-8080-exec-3] o.r.r.service.CustomUserDetailsService   : Loading user by username or email: user1
2026-03-10T19:44:17.185+05:30 DEBUG 34000 --- [http-nio-8080-exec-1] o.s.security.web.FilterChainProxy        : Secured GET /api/bookmarks/posts/70/status
2026-03-10T19:44:17.188+05:30  INFO 34000 --- [http-nio-8080-exec-1] o.r.r.controller.BookmarkController      : Check bookmark status for post ID: 70
2026-03-10T19:44:17.191+05:30 DEBUG 34000 --- [http-nio-8080-exec-4] o.s.security.web.FilterChainProxy        : Securing POST /api/business/posts/69/impression
2026-03-10T19:44:17.192+05:30 DEBUG 34000 --- [http-nio-8080-exec-4] o.r.r.service.CustomUserDetailsService   : Loading user by username or email: user1
2026-03-10T19:44:17.194+05:30 DEBUG 34000 --- [http-nio-8080-exec-3] o.s.security.web.FilterChainProxy        : Secured POST /api/business/posts/70/view
2026-03-10T19:44:17.195+05:30 DEBUG 34000 --- [http-nio-8080-exec-3] o.r.r.controller.BusinessController      : Recording view for post: 70
2026-03-10T19:44:17.196+05:30 DEBUG 34000 --- [http-nio-8080-exec-9] o.s.security.web.FilterChainProxy        : Securing GET /api/posts/69/liked
2026-03-10T19:44:17.196+05:30 DEBUG 34000 --- [http-nio-8080-exec-7] o.s.security.web.FilterChainProxy        : Securing GET /api/bookmarks/posts/69/status
2026-03-10T19:44:17.196+05:30 DEBUG 34000 --- [http-nio-8080-exec-3] o.r.revconnect.service.BusinessService   : Recording view for post: 70
2026-03-10T19:44:17.198+05:30 DEBUG 34000 --- [http-nio-8080-exec-7] o.r.r.service.CustomUserDetailsService   : Loading user by username or email: user1
2026-03-10T19:44:17.198+05:30 DEBUG 34000 --- [http-nio-8080-exec-9] o.r.r.service.CustomUserDetailsService   : Loading user by username or email: user1
2026-03-10T19:44:17.200+05:30 DEBUG 34000 --- [http-nio-8080-exec-8] o.s.security.web.FilterChainProxy        : Securing POST /api/business/posts/69/view
2026-03-10T19:44:17.200+05:30 DEBUG 34000 --- [http-nio-8080-exec-4] o.s.security.web.FilterChainProxy        : Secured POST /api/business/posts/69/impression
2026-03-10T19:44:17.201+05:30 DEBUG 34000 --- [http-nio-8080-exec-4] o.r.r.controller.BusinessController      : Recording impression for post: 69
2026-03-10T19:44:17.201+05:30 DEBUG 34000 --- [http-nio-8080-exec-8] o.r.r.service.CustomUserDetailsService   : Loading user by username or email: user1
2026-03-10T19:44:17.202+05:30 DEBUG 34000 --- [http-nio-8080-exec-4] o.r.revconnect.service.BusinessService   : Recording impression for post: 69
2026-03-10T19:44:17.209+05:30 DEBUG 34000 --- [http-nio-8080-exec-7] o.s.security.web.FilterChainProxy        : Secured GET /api/bookmarks/posts/69/status
2026-03-10T19:44:17.209+05:30 DEBUG 34000 --- [http-nio-8080-exec-9] o.s.security.web.FilterChainProxy        : Secured GET /api/posts/69/liked
2026-03-10T19:44:17.210+05:30 DEBUG 34000 --- [http-nio-8080-exec-8] o.s.security.web.FilterChainProxy        : Secured POST /api/business/posts/69/view
2026-03-10T19:44:17.210+05:30  INFO 34000 --- [http-nio-8080-exec-9] o.r.r.controller.InteractionController   : Check like status for post ID: 69
2026-03-10T19:44:17.210+05:30  INFO 34000 --- [http-nio-8080-exec-7] o.r.r.controller.BookmarkController      : Check bookmark status for post ID: 69
2026-03-10T19:44:17.210+05:30 DEBUG 34000 --- [http-nio-8080-exec-8] o.r.r.controller.BusinessController      : Recording view for post: 69
2026-03-10T19:44:17.211+05:30 DEBUG 34000 --- [http-nio-8080-exec-8] o.r.revconnect.service.BusinessService   : Recording view for post: 69
2026-03-10T19:44:17.225+05:30 DEBUG 34000 --- [http-nio-8080-exec-5] o.s.security.web.FilterChainProxy        : Securing POST /api/business/posts/66/impression
2026-03-10T19:44:17.226+05:30 DEBUG 34000 --- [http-nio-8080-exec-6] o.s.security.web.FilterChainProxy        : Securing GET /api/posts/66/liked
2026-03-10T19:44:17.227+05:30 DEBUG 34000 --- [http-nio-8080-exec-6] o.r.r.service.CustomUserDetailsService   : Loading user by username or email: user1
2026-03-10T19:44:17.227+05:30 DEBUG 34000 --- [http-nio-8080-exec-5] o.r.r.service.CustomUserDetailsService   : Loading user by username or email: user1
2026-03-10T19:44:17.232+05:30 DEBUG 34000 --- [http-nio-8080-exec-10] o.s.security.web.FilterChainProxy        : Securing GET /api/bookmarks/posts/66/status
2026-03-10T19:44:17.234+05:30 DEBUG 34000 --- [http-nio-8080-exec-10] o.r.r.service.CustomUserDetailsService   : Loading user by username or email: user1
2026-03-10T19:44:17.235+05:30 DEBUG 34000 --- [http-nio-8080-exec-6] o.s.security.web.FilterChainProxy        : Secured GET /api/posts/66/liked
2026-03-10T19:44:17.237+05:30  INFO 34000 --- [http-nio-8080-exec-6] o.r.r.controller.InteractionController   : Check like status for post ID: 66
2026-03-10T19:44:17.238+05:30 DEBUG 34000 --- [http-nio-8080-exec-5] o.s.security.web.FilterChainProxy        : Secured POST /api/business/posts/66/impression
2026-03-10T19:44:17.239+05:30 DEBUG 34000 --- [http-nio-8080-exec-5] o.r.r.controller.BusinessController      : Recording impression for post: 66
2026-03-10T19:44:17.240+05:30 DEBUG 34000 --- [http-nio-8080-exec-2] o.s.security.web.FilterChainProxy        : Securing POST /api/business/posts/66/view
2026-03-10T19:44:17.241+05:30 DEBUG 34000 --- [http-nio-8080-exec-5] o.r.revconnect.service.BusinessService   : Recording impression for post: 66
2026-03-10T19:44:17.241+05:30 DEBUG 34000 --- [http-nio-8080-exec-2] o.r.r.service.CustomUserDetailsService   : Loading user by username or email: user1
2026-03-10T19:44:17.244+05:30 DEBUG 34000 --- [http-nio-8080-exec-1] o.s.security.web.FilterChainProxy        : Securing GET /uploads/media/1/profile/399af8b4-7629-4b96-b1a0-e2779793a067.jpg
2026-03-10T19:44:17.244+05:30 DEBUG 34000 --- [http-nio-8080-exec-1] o.s.s.w.a.AnonymousAuthenticationFilter  : Set SecurityContextHolder to anonymous SecurityContext
2026-03-10T19:44:17.246+05:30 DEBUG 34000 --- [http-nio-8080-exec-3] o.s.security.web.FilterChainProxy        : Securing GET /uploads/media/1/generic/b4ba7ced-9876-4b70-a8d5-b6e7606b50ca.png
2026-03-10T19:44:17.246+05:30 DEBUG 34000 --- [http-nio-8080-exec-10] o.s.security.web.FilterChainProxy        : Secured GET /api/bookmarks/posts/66/status
2026-03-10T19:44:17.246+05:30 DEBUG 34000 --- [http-nio-8080-exec-3] o.s.s.w.a.AnonymousAuthenticationFilter  : Set SecurityContextHolder to anonymous SecurityContext
2026-03-10T19:44:17.246+05:30 DEBUG 34000 --- [http-nio-8080-exec-3] o.s.security.web.FilterChainProxy        : Secured GET /uploads/media/1/generic/b4ba7ced-9876-4b70-a8d5-b6e7606b50ca.png
2026-03-10T19:44:17.247+05:30 DEBUG 34000 --- [http-nio-8080-exec-1] o.s.security.web.FilterChainProxy        : Secured GET /uploads/media/1/profile/399af8b4-7629-4b96-b1a0-e2779793a067.jpg
2026-03-10T19:44:17.247+05:30  INFO 34000 --- [http-nio-8080-exec-10] o.r.r.controller.BookmarkController      : Check bookmark status for post ID: 66
2026-03-10T19:44:17.250+05:30  WARN 34000 --- [http-nio-8080-exec-1] .m.m.a.ExceptionHandlerExceptionResolver : Resolved [org.springframework.web.servlet.resource.NoResourceFoundException: No static resource media/1/profile/399af8b4-7629-4b96-b1a0-e2779793a067.jpg.]
2026-03-10T19:44:17.256+05:30 DEBUG 34000 --- [http-nio-8080-exec-2] o.s.security.web.FilterChainProxy        : Secured POST /api/business/posts/66/view
2026-03-10T19:44:17.258+05:30 DEBUG 34000 --- [http-nio-8080-exec-2] o.r.r.controller.BusinessController      : Recording view for post: 66
2026-03-10T19:44:17.259+05:30 DEBUG 34000 --- [http-nio-8080-exec-2] o.r.revconnect.service.BusinessService   : Recording view for post: 66
2026-03-10T19:44:17.265+05:30 DEBUG 34000 --- [http-nio-8080-exec-4] o.s.security.web.FilterChainProxy        : Securing GET /uploads/media/4/profile/1a12ec78-6437-4714-a3b0-c9cbde62ccd7.jpg
2026-03-10T19:44:17.265+05:30 DEBUG 34000 --- [http-nio-8080-exec-9] o.s.security.web.FilterChainProxy        : Securing GET /uploads/media/4/generic/afba8f70-b62a-4091-aed6-fae68bce0a65.jpg
2026-03-10T19:44:17.265+05:30 DEBUG 34000 --- [http-nio-8080-exec-4] o.s.s.w.a.AnonymousAuthenticationFilter  : Set SecurityContextHolder to anonymous SecurityContext
2026-03-10T19:44:17.265+05:30 DEBUG 34000 --- [http-nio-8080-exec-9] o.s.s.w.a.AnonymousAuthenticationFilter  : Set SecurityContextHolder to anonymous SecurityContext
2026-03-10T19:44:17.265+05:30 DEBUG 34000 --- [http-nio-8080-exec-4] o.s.security.web.FilterChainProxy        : Secured GET /uploads/media/4/profile/1a12ec78-6437-4714-a3b0-c9cbde62ccd7.jpg
2026-03-10T19:44:17.265+05:30 DEBUG 34000 --- [http-nio-8080-exec-9] o.s.security.web.FilterChainProxy        : Secured GET /uploads/media/4/generic/afba8f70-b62a-4091-aed6-fae68bce0a65.jpg
2026-03-10T19:44:17.268+05:30  WARN 34000 --- [http-nio-8080-exec-9] .m.m.a.ExceptionHandlerExceptionResolver : Resolved [org.springframework.web.servlet.resource.NoResourceFoundException: No static resource media/4/generic/afba8f70-b62a-4091-aed6-fae68bce0a65.jpg.]
2026-03-10T19:44:17.268+05:30  WARN 34000 --- [http-nio-8080-exec-4] .m.m.a.ExceptionHandlerExceptionResolver : Resolved [org.springframework.web.servlet.resource.NoResourceFoundException: No static resource media/4/profile/1a12ec78-6437-4714-a3b0-c9cbde62ccd7.jpg.]
2026-03-10T19:44:17.285+05:30 DEBUG 34000 --- [http-nio-8080-exec-8] o.s.security.web.FilterChainProxy        : Securing GET /uploads/media/1/generic/0566907f-e3e4-4d66-9b90-efebf8aa1a77.jpg
2026-03-10T19:44:17.285+05:30 DEBUG 34000 --- [http-nio-8080-exec-8] o.s.s.w.a.AnonymousAuthenticationFilter  : Set SecurityContextHolder to anonymous SecurityContext
2026-03-10T19:44:17.285+05:30 DEBUG 34000 --- [http-nio-8080-exec-7] o.s.security.web.FilterChainProxy        : Securing GET /uploads/media/1/generic/7fde1b47-8060-46da-9571-91aafb55d03d.jpg
2026-03-10T19:44:17.285+05:30 DEBUG 34000 --- [http-nio-8080-exec-6] o.s.security.web.FilterChainProxy        : Securing GET /uploads/media/4/generic/ea0f2604-2300-4567-b0df-24461f5dc2be.jpg
2026-03-10T19:44:17.285+05:30 DEBUG 34000 --- [http-nio-8080-exec-7] o.s.s.w.a.AnonymousAuthenticationFilter  : Set SecurityContextHolder to anonymous SecurityContext
2026-03-10T19:44:17.285+05:30 DEBUG 34000 --- [http-nio-8080-exec-6] o.s.s.w.a.AnonymousAuthenticationFilter  : Set SecurityContextHolder to anonymous SecurityContext
2026-03-10T19:44:17.285+05:30 DEBUG 34000 --- [http-nio-8080-exec-8] o.s.security.web.FilterChainProxy        : Secured GET /uploads/media/1/generic/0566907f-e3e4-4d66-9b90-efebf8aa1a77.jpg
2026-03-10T19:44:17.285+05:30 DEBUG 34000 --- [http-nio-8080-exec-6] o.s.security.web.FilterChainProxy        : Secured GET /uploads/media/4/generic/ea0f2604-2300-4567-b0df-24461f5dc2be.jpg
2026-03-10T19:44:17.285+05:30 DEBUG 34000 --- [http-nio-8080-exec-7] o.s.security.web.FilterChainProxy        : Secured GET /uploads/media/1/generic/7fde1b47-8060-46da-9571-91aafb55d03d.jpg
2026-03-10T19:44:17.289+05:30  WARN 34000 --- [http-nio-8080-exec-6] .m.m.a.ExceptionHandlerExceptionResolver : Resolved [org.springframework.web.servlet.resource.NoResourceFoundException: No static resource media/4/generic/ea0f2604-2300-4567-b0df-24461f5dc2be.jpg.]
2026-03-10T19:44:17.289+05:30  WARN 34000 --- [http-nio-8080-exec-8] .m.m.a.ExceptionHandlerExceptionResolver : Resolved [org.springframework.web.servlet.resource.NoResourceFoundException: No static resource media/1/generic/0566907f-e3e4-4d66-9b90-efebf8aa1a77.jpg.]
2026-03-10T19:44:17.290+05:30  WARN 34000 --- [http-nio-8080-exec-7] .m.m.a.ExceptionHandlerExceptionResolver : Resolved [org.springframework.web.servlet.resource.NoResourceFoundException: No static resource media/1/generic/7fde1b47-8060-46da-9571-91aafb55d03d.jpg.]
2026-03-10T19:44:17.297+05:30 DEBUG 34000 --- [http-nio-8080-exec-1] o.s.security.web.FilterChainProxy        : Securing GET /uploads/media/1/generic/66efcb11-e753-40ca-8db2-72d7eb62ea46.jpg
2026-03-10T19:44:17.297+05:30 DEBUG 34000 --- [http-nio-8080-exec-1] o.s.s.w.a.AnonymousAuthenticationFilter  : Set SecurityContextHolder to anonymous SecurityContext
2026-03-10T19:44:17.298+05:30 DEBUG 34000 --- [http-nio-8080-exec-1] o.s.security.web.FilterChainProxy        : Secured GET /uploads/media/1/generic/66efcb11-e753-40ca-8db2-72d7eb62ea46.jpg
2026-03-10T19:44:17.299+05:30 DEBUG 34000 --- [http-nio-8080-exec-5] o.s.security.web.FilterChainProxy        : Securing GET /uploads/media/11/profile/a98ad951-1fa6-4b6c-84cf-fd97d589c8ea.jpg
2026-03-10T19:44:17.299+05:30 DEBUG 34000 --- [http-nio-8080-exec-5] o.s.s.w.a.AnonymousAuthenticationFilter  : Set SecurityContextHolder to anonymous SecurityContext
2026-03-10T19:44:17.300+05:30 DEBUG 34000 --- [http-nio-8080-exec-5] o.s.security.web.FilterChainProxy        : Secured GET /uploads/media/11/profile/a98ad951-1fa6-4b6c-84cf-fd97d589c8ea.jpg
2026-03-10T19:44:17.303+05:30  WARN 34000 --- [http-nio-8080-exec-1] .m.m.a.ExceptionHandlerExceptionResolver : Resolved [org.springframework.web.servlet.resource.NoResourceFoundException: No static resource media/1/generic/66efcb11-e753-40ca-8db2-72d7eb62ea46.jpg.]
2026-03-10T19:44:17.305+05:30 DEBUG 34000 --- [http-nio-8080-exec-3] o.s.security.web.FilterChainProxy        : Securing GET /uploads/media/11/generic/e7feafd5-9318-4c78-b84a-1eea8175cca3.jpg
2026-03-10T19:44:17.305+05:30 DEBUG 34000 --- [http-nio-8080-exec-3] o.s.s.w.a.AnonymousAuthenticationFilter  : Set SecurityContextHolder to anonymous SecurityContext
2026-03-10T19:44:17.305+05:30 DEBUG 34000 --- [http-nio-8080-exec-3] o.s.security.web.FilterChainProxy        : Secured GET /uploads/media/11/generic/e7feafd5-9318-4c78-b84a-1eea8175cca3.jpg
2026-03-10T19:44:17.305+05:30  WARN 34000 --- [http-nio-8080-exec-5] .m.m.a.ExceptionHandlerExceptionResolver : Resolved [org.springframework.web.servlet.resource.NoResourceFoundException: No static resource media/11/profile/a98ad951-1fa6-4b6c-84cf-fd97d589c8ea.jpg.]
2026-03-10T19:44:17.309+05:30  WARN 34000 --- [http-nio-8080-exec-3] .m.m.a.ExceptionHandlerExceptionResolver : Resolved [org.springframework.web.servlet.resource.NoResourceFoundException: No static resource media/11/generic/e7feafd5-9318-4c78-b84a-1eea8175cca3.jpg.]
2026-03-10T19:44:17.317+05:30 DEBUG 34000 --- [http-nio-8080-exec-10] o.s.security.web.FilterChainProxy        : Securing GET /uploads/media/4/video/e5b4263b-b2b4-45bd-8671-d1b46b1a6348.mp4
2026-03-10T19:44:17.317+05:30 DEBUG 34000 --- [http-nio-8080-exec-4] o.s.security.web.FilterChainProxy        : Securing GET /uploads/media/1/video/99f88e69-e838-4464-8561-a62b7544a441.mp4
2026-03-10T19:44:17.317+05:30 DEBUG 34000 --- [http-nio-8080-exec-9] o.s.security.web.FilterChainProxy        : Securing GET /uploads/media/4/video/e856b82e-d555-4135-a76a-920f9532f5ff.mp4
2026-03-10T19:44:17.318+05:30 DEBUG 34000 --- [http-nio-8080-exec-4] o.s.s.w.a.AnonymousAuthenticationFilter  : Set SecurityContextHolder to anonymous SecurityContext
2026-03-10T19:44:17.318+05:30 DEBUG 34000 --- [http-nio-8080-exec-10] o.s.s.w.a.AnonymousAuthenticationFilter  : Set SecurityContextHolder to anonymous SecurityContext
2026-03-10T19:44:17.318+05:30 DEBUG 34000 --- [http-nio-8080-exec-9] o.s.s.w.a.AnonymousAuthenticationFilter  : Set SecurityContextHolder to anonymous SecurityContext
2026-03-10T19:44:17.318+05:30 DEBUG 34000 --- [http-nio-8080-exec-4] o.s.security.web.FilterChainProxy        : Secured GET /uploads/media/1/video/99f88e69-e838-4464-8561-a62b7544a441.mp4
2026-03-10T19:44:17.318+05:30 DEBUG 34000 --- [http-nio-8080-exec-10] o.s.security.web.FilterChainProxy        : Secured GET /uploads/media/4/video/e5b4263b-b2b4-45bd-8671-d1b46b1a6348.mp4
2026-03-10T19:44:17.318+05:30 DEBUG 34000 --- [http-nio-8080-exec-9] o.s.security.web.FilterChainProxy        : Secured GET /uploads/media/4/video/e856b82e-d555-4135-a76a-920f9532f5ff.mp4
2026-03-10T19:44:17.328+05:30  WARN 34000 --- [http-nio-8080-exec-9] .m.m.a.ExceptionHandlerExceptionResolver : Resolved [org.springframework.web.servlet.resource.NoResourceFoundException: No static resource media/4/video/e856b82e-d555-4135-a76a-920f9532f5ff.mp4.]
2026-03-10T19:44:17.328+05:30  WARN 34000 --- [http-nio-8080-exec-10] .m.m.a.ExceptionHandlerExceptionResolver : Resolved [org.springframework.web.servlet.resource.NoResourceFoundException: No static resource media/4/video/e5b4263b-b2b4-45bd-8671-d1b46b1a6348.mp4.]
2026-03-10T19:44:17.328+05:30  WARN 34000 --- [http-nio-8080-exec-4] .m.m.a.ExceptionHandlerExceptionResolver : Resolved [org.springframework.web.servlet.resource.NoResourceFoundException: No static resource media/1/video/99f88e69-e838-4464-8561-a62b7544a441.mp4.]
2026-03-10T19:44:17.645+05:30  INFO 34000 --- [MessageBroker-1] o.s.w.s.c.WebSocketMessageBrokerStats    : WebSocketSession[0 current WS(0)-HttpStream(0)-HttpPoll(0), 0 total, 0 closed abnormally (0 connect failure, 0 send limit, 0 transport error)], stompSubProtocol[processed CONNECT(0)-CONNECTED(0)-DISCONNECT(0)], stompBrokerRelay[null], inboundChannel[pool size = 0, active threads = 0, queued tasks = 0, completed tasks = 0], outboundChannel[pool size = 0, active threads = 0, queued tasks = 0, completed tasks = 0], sockJsScheduler[pool size = 1, active threads = 1, queued tasks = 0, completed tasks = 0]
2026-03-10T19:44:46.377+05:30 DEBUG 34000 --- [http-nio-8080-exec-2] o.s.security.web.FilterChainProxy        : Securing GET /api/messages/unread/count
2026-03-10T19:44:46.379+05:30 DEBUG 34000 --- [http-nio-8080-exec-2] o.r.r.service.CustomUserDetailsService   : Loading user by username or email: user1
2026-03-10T19:44:46.395+05:30 DEBUG 34000 --- [http-nio-8080-exec-2] o.s.security.web.FilterChainProxy        : Secured GET /api/messages/unread/count
2026-03-10T19:44:46.397+05:30  INFO 34000 --- [http-nio-8080-exec-2] o.r.r.controller.MessageController       : Getting unread message count
2026-03-10T19:45:16.383+05:30 DEBUG 34000 --- [http-nio-8080-exec-6] o.s.security.web.FilterChainProxy        : Securing GET /api/messages/unread/count
2026-03-10T19:45:16.385+05:30 DEBUG 34000 --- [http-nio-8080-exec-6] o.r.r.service.CustomUserDetailsService   : Loading user by username or email: user1
2026-03-10T19:45:16.409+05:30 DEBUG 34000 --- [http-nio-8080-exec-6] o.s.security.web.FilterChainProxy        : Secured GET /api/messages/unread/count
2026-03-10T19:45:16.409+05:30  INFO 34000 --- [http-nio-8080-exec-6] o.r.r.controller.MessageController       : Getting unread message count
2026-03-10T19:45:46.383+05:30 DEBUG 34000 --- [http-nio-8080-exec-8] o.s.security.web.FilterChainProxy        : Securing GET /api/messages/unread/count
2026-03-10T19:45:46.387+05:30 DEBUG 34000 --- [http-nio-8080-exec-8] o.r.r.service.CustomUserDetailsService   : Loading user by username or email: user1
2026-03-10T19:45:46.409+05:30 DEBUG 34000 --- [http-nio-8080-exec-8] o.s.security.web.FilterChainProxy        : Secured GET /api/messages/unread/count
2026-03-10T19:45:46.409+05:30  INFO 34000 --- [http-nio-8080-exec-8] o.r.r.controller.MessageController       : Getting unread message count
2026-03-10T19:45:57.129+05:30 DEBUG 34000 --- [http-nio-8080-exec-7] o.s.security.web.FilterChainProxy        : Securing GET /api/users/me
2026-03-10T19:45:57.131+05:30 DEBUG 34000 --- [http-nio-8080-exec-7] o.r.r.service.CustomUserDetailsService   : Loading user by username or email: user1
2026-03-10T19:45:57.137+05:30 DEBUG 34000 --- [http-nio-8080-exec-1] o.s.security.web.FilterChainProxy        : Securing GET /api/messages/conversations?page=0&size=20
2026-03-10T19:45:57.137+05:30 DEBUG 34000 --- [http-nio-8080-exec-5] o.s.security.web.FilterChainProxy        : Securing GET /api/messages/unread/count
2026-03-10T19:45:57.138+05:30 DEBUG 34000 --- [http-nio-8080-exec-5] o.r.r.service.CustomUserDetailsService   : Loading user by username or email: user1
2026-03-10T19:45:57.139+05:30 DEBUG 34000 --- [http-nio-8080-exec-1] o.r.r.service.CustomUserDetailsService   : Loading user by username or email: user1
2026-03-10T19:45:57.139+05:30 DEBUG 34000 --- [http-nio-8080-exec-3] o.s.security.web.FilterChainProxy        : Securing GET /api/notifications/count
2026-03-10T19:45:57.141+05:30 DEBUG 34000 --- [http-nio-8080-exec-3] o.r.r.service.CustomUserDetailsService   : Loading user by username or email: user1
2026-03-10T19:45:57.146+05:30 DEBUG 34000 --- [http-nio-8080-exec-7] o.s.security.web.FilterChainProxy        : Secured GET /api/users/me
2026-03-10T19:45:57.147+05:30  INFO 34000 --- [http-nio-8080-exec-7] o.r.r.controller.UserController          : Request to get current user profile
2026-03-10T19:45:57.147+05:30  INFO 34000 --- [http-nio-8080-exec-7] o.r.revconnect.service.UserService       : Fetching profile for user: user1
2026-03-10T19:45:57.147+05:30 DEBUG 34000 --- [http-nio-8080-exec-7] o.r.r.controller.UserController          : Profile retrieved for user: user1
2026-03-10T19:45:57.154+05:30 DEBUG 34000 --- [http-nio-8080-exec-1] o.s.security.web.FilterChainProxy        : Secured GET /api/messages/conversations?page=0&size=20
2026-03-10T19:45:57.157+05:30 DEBUG 34000 --- [http-nio-8080-exec-5] o.s.security.web.FilterChainProxy        : Secured GET /api/messages/unread/count
2026-03-10T19:45:57.159+05:30  INFO 34000 --- [http-nio-8080-exec-5] o.r.r.controller.MessageController       : Getting unread message count
2026-03-10T19:45:57.161+05:30  INFO 34000 --- [http-nio-8080-exec-1] o.r.r.controller.MessageController       : [TRACE] Incoming Get Conversations request
2026-03-10T19:45:57.161+05:30 DEBUG 34000 --- [http-nio-8080-exec-4] o.s.security.web.FilterChainProxy        : Securing GET /api/users/me
2026-03-10T19:45:57.163+05:30 DEBUG 34000 --- [http-nio-8080-exec-3] o.s.security.web.FilterChainProxy        : Secured GET /api/notifications/count
2026-03-10T19:45:57.165+05:30  INFO 34000 --- [http-nio-8080-exec-1] o.r.revconnect.service.MessageService    : [TRACE] Fetching conversation partners for user: user1. ID: 1
2026-03-10T19:45:57.166+05:30  INFO 34000 --- [http-nio-8080-exec-3] o.r.r.controller.NotificationController  : Get unread count request
2026-03-10T19:45:57.166+05:30 DEBUG 34000 --- [http-nio-8080-exec-4] o.r.r.service.CustomUserDetailsService   : Loading user by username or email: user1
2026-03-10T19:45:57.176+05:30  INFO 34000 --- [http-nio-8080-exec-3] o.r.r.service.NotificationService        : User user1 has 5 unread notifications
2026-03-10T19:45:57.193+05:30 DEBUG 34000 --- [http-nio-8080-exec-4] o.s.security.web.FilterChainProxy        : Secured GET /api/users/me
2026-03-10T19:45:57.193+05:30  INFO 34000 --- [http-nio-8080-exec-4] o.r.r.controller.UserController          : Request to get current user profile
2026-03-10T19:45:57.193+05:30  INFO 34000 --- [http-nio-8080-exec-4] o.r.revconnect.service.UserService       : Fetching profile for user: user1
2026-03-10T19:45:57.195+05:30 DEBUG 34000 --- [http-nio-8080-exec-9] o.s.security.web.FilterChainProxy        : Securing GET /api/notifications/count
2026-03-10T19:45:57.195+05:30 DEBUG 34000 --- [http-nio-8080-exec-4] o.r.r.controller.UserController          : Profile retrieved for user: user1
2026-03-10T19:45:57.197+05:30 DEBUG 34000 --- [http-nio-8080-exec-9] o.r.r.service.CustomUserDetailsService   : Loading user by username or email: user1
2026-03-10T19:45:57.207+05:30 DEBUG 34000 --- [http-nio-8080-exec-10] o.s.security.web.FilterChainProxy        : Securing GET /api/users/me
2026-03-10T19:45:57.210+05:30 DEBUG 34000 --- [http-nio-8080-exec-10] o.r.r.service.CustomUserDetailsService   : Loading user by username or email: user1
2026-03-10T19:45:57.219+05:30 DEBUG 34000 --- [http-nio-8080-exec-9] o.s.security.web.FilterChainProxy        : Secured GET /api/notifications/count
2026-03-10T19:45:57.219+05:30  INFO 34000 --- [http-nio-8080-exec-9] o.r.r.controller.NotificationController  : Get unread count request
2026-03-10T19:45:57.225+05:30  INFO 34000 --- [http-nio-8080-exec-9] o.r.r.service.NotificationService        : User user1 has 5 unread notifications
2026-03-10T19:45:57.233+05:30 DEBUG 34000 --- [http-nio-8080-exec-10] o.s.security.web.FilterChainProxy        : Secured GET /api/users/me
2026-03-10T19:45:57.235+05:30  INFO 34000 --- [http-nio-8080-exec-10] o.r.r.controller.UserController          : Request to get current user profile
2026-03-10T19:45:57.235+05:30  INFO 34000 --- [http-nio-8080-exec-10] o.r.revconnect.service.UserService       : Fetching profile for user: user1
2026-03-10T19:45:57.235+05:30 DEBUG 34000 --- [http-nio-8080-exec-10] o.r.r.controller.UserController          : Profile retrieved for user: user1
2026-03-10T19:45:57.241+05:30 DEBUG 34000 --- [http-nio-8080-exec-2] o.s.security.web.FilterChainProxy        : Securing GET /uploads/media/1/profile/399af8b4-7629-4b96-b1a0-e2779793a067.jpg
2026-03-10T19:45:57.242+05:30 DEBUG 34000 --- [http-nio-8080-exec-2] o.s.s.w.a.AnonymousAuthenticationFilter  : Set SecurityContextHolder to anonymous SecurityContext
2026-03-10T19:45:57.243+05:30 DEBUG 34000 --- [http-nio-8080-exec-2] o.s.security.web.FilterChainProxy        : Secured GET /uploads/media/1/profile/399af8b4-7629-4b96-b1a0-e2779793a067.jpg
2026-03-10T19:45:57.254+05:30  WARN 34000 --- [http-nio-8080-exec-2] .m.m.a.ExceptionHandlerExceptionResolver : Resolved [org.springframework.web.servlet.resource.NoResourceFoundException: No static resource media/1/profile/399af8b4-7629-4b96-b1a0-e2779793a067.jpg.]
2026-03-10T19:45:57.274+05:30  INFO 34000 --- [http-nio-8080-exec-1] o.r.revconnect.service.MessageService    : [TRACE] Found 7 conversation partners for user user1
2026-03-10T19:45:57.275+05:30  INFO 34000 --- [http-nio-8080-exec-1] o.r.revconnect.service.MessageService    : [TRACE]   Partner: abhi (ID: 9)
2026-03-10T19:45:57.275+05:30  INFO 34000 --- [http-nio-8080-exec-1] o.r.revconnect.service.MessageService    : [TRACE]   Partner: user1 (ID: 1)
2026-03-10T19:45:57.275+05:30  INFO 34000 --- [http-nio-8080-exec-1] o.r.revconnect.service.MessageService    : [TRACE]   Partner: business2 (ID: 3)
2026-03-10T19:45:57.275+05:30  INFO 34000 --- [http-nio-8080-exec-1] o.r.revconnect.service.MessageService    : [TRACE]   Partner: business1 (ID: 4)
2026-03-10T19:45:57.275+05:30  INFO 34000 --- [http-nio-8080-exec-1] o.r.revconnect.service.MessageService    : [TRACE]   Partner: Pavan (ID: 5)
2026-03-10T19:45:57.275+05:30  INFO 34000 --- [http-nio-8080-exec-1] o.r.revconnect.service.MessageService    : [TRACE]   Partner: ganesh (ID: 8)
2026-03-10T19:45:57.275+05:30  INFO 34000 --- [http-nio-8080-exec-1] o.r.revconnect.service.MessageService    : [TRACE]   Partner: creator1 (ID: 11)
2026-03-10T19:45:57.278+05:30  INFO 34000 --- [http-nio-8080-exec-1] o.r.r.controller.MessageController       : [TRACE] Found 7 conversations
2026-03-10T19:45:57.312+05:30 DEBUG 34000 --- [http-nio-8080-exec-6] o.s.security.web.FilterChainProxy        : Securing GET /uploads/media/9/profile/b4eac687-a99e-45c2-8c10-42bc795d6cd3.jpeg
2026-03-10T19:45:57.312+05:30 DEBUG 34000 --- [http-nio-8080-exec-7] o.s.security.web.FilterChainProxy        : Securing GET /uploads/media/3/profile/8b0d96c8-16aa-492c-94cc-845467d7c000.jpg
2026-03-10T19:45:57.312+05:30 DEBUG 34000 --- [http-nio-8080-exec-8] o.s.security.web.FilterChainProxy        : Securing GET /uploads/media/1/profile/399af8b4-7629-4b96-b1a0-e2779793a067.jpg
2026-03-10T19:45:57.313+05:30 DEBUG 34000 --- [http-nio-8080-exec-7] o.s.s.w.a.AnonymousAuthenticationFilter  : Set SecurityContextHolder to anonymous SecurityContext
2026-03-10T19:45:57.313+05:30 DEBUG 34000 --- [http-nio-8080-exec-6] o.s.s.w.a.AnonymousAuthenticationFilter  : Set SecurityContextHolder to anonymous SecurityContext
2026-03-10T19:45:57.313+05:30 DEBUG 34000 --- [http-nio-8080-exec-8] o.s.s.w.a.AnonymousAuthenticationFilter  : Set SecurityContextHolder to anonymous SecurityContext
2026-03-10T19:45:57.313+05:30 DEBUG 34000 --- [http-nio-8080-exec-7] o.s.security.web.FilterChainProxy        : Secured GET /uploads/media/3/profile/8b0d96c8-16aa-492c-94cc-845467d7c000.jpg
2026-03-10T19:45:57.313+05:30 DEBUG 34000 --- [http-nio-8080-exec-8] o.s.security.web.FilterChainProxy        : Secured GET /uploads/media/1/profile/399af8b4-7629-4b96-b1a0-e2779793a067.jpg
2026-03-10T19:45:57.315+05:30 DEBUG 34000 --- [http-nio-8080-exec-6] o.s.security.web.FilterChainProxy        : Secured GET /uploads/media/9/profile/b4eac687-a99e-45c2-8c10-42bc795d6cd3.jpeg
2026-03-10T19:45:57.317+05:30 DEBUG 34000 --- [http-nio-8080-exec-3] o.s.security.web.FilterChainProxy        : Securing GET /uploads/media/5/profile/76c2ecef-f15d-4cc0-a63a-19afc7283d89.jpeg
2026-03-10T19:45:57.317+05:30 DEBUG 34000 --- [http-nio-8080-exec-5] o.s.security.web.FilterChainProxy        : Securing GET /uploads/media/4/profile/1a12ec78-6437-4714-a3b0-c9cbde62ccd7.jpg
2026-03-10T19:45:57.317+05:30 DEBUG 34000 --- [http-nio-8080-exec-3] o.s.s.w.a.AnonymousAuthenticationFilter  : Set SecurityContextHolder to anonymous SecurityContext
2026-03-10T19:45:57.317+05:30 DEBUG 34000 --- [http-nio-8080-exec-5] o.s.s.w.a.AnonymousAuthenticationFilter  : Set SecurityContextHolder to anonymous SecurityContext
2026-03-10T19:45:57.317+05:30 DEBUG 34000 --- [http-nio-8080-exec-3] o.s.security.web.FilterChainProxy        : Secured GET /uploads/media/5/profile/76c2ecef-f15d-4cc0-a63a-19afc7283d89.jpeg
2026-03-10T19:45:57.317+05:30 DEBUG 34000 --- [http-nio-8080-exec-5] o.s.security.web.FilterChainProxy        : Secured GET /uploads/media/4/profile/1a12ec78-6437-4714-a3b0-c9cbde62ccd7.jpg
2026-03-10T19:45:57.319+05:30 DEBUG 34000 --- [http-nio-8080-exec-4] o.s.security.web.FilterChainProxy        : Securing GET /uploads/media/11/profile/a98ad951-1fa6-4b6c-84cf-fd97d589c8ea.jpg
2026-03-10T19:45:57.319+05:30 DEBUG 34000 --- [http-nio-8080-exec-4] o.s.s.w.a.AnonymousAuthenticationFilter  : Set SecurityContextHolder to anonymous SecurityContext
2026-03-10T19:45:57.320+05:30 DEBUG 34000 --- [http-nio-8080-exec-4] o.s.security.web.FilterChainProxy        : Secured GET /uploads/media/11/profile/a98ad951-1fa6-4b6c-84cf-fd97d589c8ea.jpg
2026-03-10T19:45:57.320+05:30  WARN 34000 --- [http-nio-8080-exec-7] .m.m.a.ExceptionHandlerExceptionResolver : Resolved [org.springframework.web.servlet.resource.NoResourceFoundException: No static resource media/3/profile/8b0d96c8-16aa-492c-94cc-845467d7c000.jpg.]
2026-03-10T19:45:57.321+05:30  WARN 34000 --- [http-nio-8080-exec-6] .m.m.a.ExceptionHandlerExceptionResolver : Resolved [org.springframework.web.servlet.resource.NoResourceFoundException: No static resource media/9/profile/b4eac687-a99e-45c2-8c10-42bc795d6cd3.jpeg.]
2026-03-10T19:45:57.323+05:30  WARN 34000 --- [http-nio-8080-exec-8] .m.m.a.ExceptionHandlerExceptionResolver : Resolved [org.springframework.web.servlet.resource.NoResourceFoundException: No static resource media/1/profile/399af8b4-7629-4b96-b1a0-e2779793a067.jpg.]
2026-03-10T19:45:57.324+05:30  WARN 34000 --- [http-nio-8080-exec-5] .m.m.a.ExceptionHandlerExceptionResolver : Resolved [org.springframework.web.servlet.resource.NoResourceFoundException: No static resource media/4/profile/1a12ec78-6437-4714-a3b0-c9cbde62ccd7.jpg.]
2026-03-10T19:45:57.326+05:30  WARN 34000 --- [http-nio-8080-exec-3] .m.m.a.ExceptionHandlerExceptionResolver : Resolved [org.springframework.web.servlet.resource.NoResourceFoundException: No static resource media/5/profile/76c2ecef-f15d-4cc0-a63a-19afc7283d89.jpeg.]
2026-03-10T19:45:57.329+05:30  WARN 34000 --- [http-nio-8080-exec-4] .m.m.a.ExceptionHandlerExceptionResolver : Resolved [org.springframework.web.servlet.resource.NoResourceFoundException: No static resource media/11/profile/a98ad951-1fa6-4b6c-84cf-fd97d589c8ea.jpg.]
2026-03-10T19:45:59.234+05:30 DEBUG 34000 --- [http-nio-8080-exec-9] o.s.security.web.FilterChainProxy        : Securing POST /api/messages/conversations/1/read
2026-03-10T19:45:59.234+05:30 DEBUG 34000 --- [http-nio-8080-exec-10] o.s.security.web.FilterChainProxy        : Securing GET /api/messages/conversations/1?page=0&size=50
2026-03-10T19:45:59.239+05:30 DEBUG 34000 --- [http-nio-8080-exec-9] o.r.r.service.CustomUserDetailsService   : Loading user by username or email: user1
2026-03-10T19:45:59.239+05:30 DEBUG 34000 --- [http-nio-8080-exec-10] o.r.r.service.CustomUserDetailsService   : Loading user by username or email: user1
2026-03-10T19:45:59.254+05:30 DEBUG 34000 --- [http-nio-8080-exec-2] o.s.security.web.FilterChainProxy        : Securing GET /uploads/media/1/profile/399af8b4-7629-4b96-b1a0-e2779793a067.jpg
2026-03-10T19:45:59.254+05:30 DEBUG 34000 --- [http-nio-8080-exec-2] o.s.s.w.a.AnonymousAuthenticationFilter  : Set SecurityContextHolder to anonymous SecurityContext
2026-03-10T19:45:59.255+05:30 DEBUG 34000 --- [http-nio-8080-exec-2] o.s.security.web.FilterChainProxy        : Secured GET /uploads/media/1/profile/399af8b4-7629-4b96-b1a0-e2779793a067.jpg
2026-03-10T19:45:59.263+05:30  WARN 34000 --- [http-nio-8080-exec-2] .m.m.a.ExceptionHandlerExceptionResolver : Resolved [org.springframework.web.servlet.resource.NoResourceFoundException: No static resource media/1/profile/399af8b4-7629-4b96-b1a0-e2779793a067.jpg.]
2026-03-10T19:45:59.272+05:30 DEBUG 34000 --- [http-nio-8080-exec-9] o.s.security.web.FilterChainProxy        : Secured POST /api/messages/conversations/1/read
2026-03-10T19:45:59.272+05:30 DEBUG 34000 --- [http-nio-8080-exec-10] o.s.security.web.FilterChainProxy        : Secured GET /api/messages/conversations/1?page=0&size=50
2026-03-10T19:45:59.275+05:30  INFO 34000 --- [http-nio-8080-exec-9] o.r.r.controller.MessageController       : Marking conversation 1 as read
2026-03-10T19:45:59.286+05:30  INFO 34000 --- [http-nio-8080-exec-10] o.r.r.controller.MessageController       : Getting messages for conversation: 1
2026-03-10T19:45:59.301+05:30  INFO 34000 --- [http-nio-8080-exec-10] o.r.revconnect.service.MessageService    : Fetching conversation between user1 and user1
2026-03-10T19:45:59.317+05:30  INFO 34000 --- [http-nio-8080-exec-9] o.r.revconnect.service.MessageService    : All messages from user1 marked as read
2026-03-10T19:46:00.516+05:30 DEBUG 34000 --- [http-nio-8080-exec-1] o.s.security.web.FilterChainProxy        : Securing POST /api/messages/conversations/9/read
2026-03-10T19:46:00.517+05:30 DEBUG 34000 --- [http-nio-8080-exec-7] o.s.security.web.FilterChainProxy        : Securing GET /api/messages/conversations/9?page=0&size=50
2026-03-10T19:46:00.522+05:30 DEBUG 34000 --- [http-nio-8080-exec-8] o.s.security.web.FilterChainProxy        : Securing GET /uploads/media/9/profile/b4eac687-a99e-45c2-8c10-42bc795d6cd3.jpeg
2026-03-10T19:46:00.522+05:30 DEBUG 34000 --- [http-nio-8080-exec-8] o.s.s.w.a.AnonymousAuthenticationFilter  : Set SecurityContextHolder to anonymous SecurityContext
2026-03-10T19:46:00.523+05:30 DEBUG 34000 --- [http-nio-8080-exec-8] o.s.security.web.FilterChainProxy        : Secured GET /uploads/media/9/profile/b4eac687-a99e-45c2-8c10-42bc795d6cd3.jpeg
2026-03-10T19:46:00.523+05:30 DEBUG 34000 --- [http-nio-8080-exec-7] o.r.r.service.CustomUserDetailsService   : Loading user by username or email: user1
2026-03-10T19:46:00.523+05:30 DEBUG 34000 --- [http-nio-8080-exec-1] o.r.r.service.CustomUserDetailsService   : Loading user by username or email: user1
2026-03-10T19:46:00.548+05:30  WARN 34000 --- [http-nio-8080-exec-8] .m.m.a.ExceptionHandlerExceptionResolver : Resolved [org.springframework.web.servlet.resource.NoResourceFoundException: No static resource media/9/profile/b4eac687-a99e-45c2-8c10-42bc795d6cd3.jpeg.]
2026-03-10T19:46:00.568+05:30 DEBUG 34000 --- [http-nio-8080-exec-1] o.s.security.web.FilterChainProxy        : Secured POST /api/messages/conversations/9/read
2026-03-10T19:46:00.569+05:30 DEBUG 34000 --- [http-nio-8080-exec-7] o.s.security.web.FilterChainProxy        : Secured GET /api/messages/conversations/9?page=0&size=50
2026-03-10T19:46:00.571+05:30  INFO 34000 --- [http-nio-8080-exec-1] o.r.r.controller.MessageController       : Marking conversation 9 as read
2026-03-10T19:46:00.573+05:30  INFO 34000 --- [http-nio-8080-exec-7] o.r.r.controller.MessageController       : Getting messages for conversation: 9
2026-03-10T19:46:00.589+05:30  INFO 34000 --- [http-nio-8080-exec-7] o.r.revconnect.service.MessageService    : Fetching conversation between user1 and abhi
2026-03-10T19:46:00.604+05:30  INFO 34000 --- [http-nio-8080-exec-1] o.r.revconnect.service.MessageService    : All messages from abhi marked as read
2026-03-10T19:46:01.447+05:30 DEBUG 34000 --- [http-nio-8080-exec-6] o.s.security.web.FilterChainProxy        : Securing POST /api/messages/conversations/3/read
2026-03-10T19:46:01.447+05:30 DEBUG 34000 --- [http-nio-8080-exec-5] o.s.security.web.FilterChainProxy        : Securing GET /api/messages/conversations/3?page=0&size=50
2026-03-10T19:46:01.452+05:30 DEBUG 34000 --- [http-nio-8080-exec-5] o.r.r.service.CustomUserDetailsService   : Loading user by username or email: user1
2026-03-10T19:46:01.452+05:30 DEBUG 34000 --- [http-nio-8080-exec-6] o.r.r.service.CustomUserDetailsService   : Loading user by username or email: user1
2026-03-10T19:46:01.454+05:30 DEBUG 34000 --- [http-nio-8080-exec-3] o.s.security.web.FilterChainProxy        : Securing GET /uploads/media/3/profile/8b0d96c8-16aa-492c-94cc-845467d7c000.jpg
2026-03-10T19:46:01.455+05:30 DEBUG 34000 --- [http-nio-8080-exec-3] o.s.s.w.a.AnonymousAuthenticationFilter  : Set SecurityContextHolder to anonymous SecurityContext
2026-03-10T19:46:01.455+05:30 DEBUG 34000 --- [http-nio-8080-exec-3] o.s.security.web.FilterChainProxy        : Secured GET /uploads/media/3/profile/8b0d96c8-16aa-492c-94cc-845467d7c000.jpg
2026-03-10T19:46:01.462+05:30  WARN 34000 --- [http-nio-8080-exec-3] .m.m.a.ExceptionHandlerExceptionResolver : Resolved [org.springframework.web.servlet.resource.NoResourceFoundException: No static resource media/3/profile/8b0d96c8-16aa-492c-94cc-845467d7c000.jpg.]
2026-03-10T19:46:01.475+05:30 DEBUG 34000 --- [http-nio-8080-exec-5] o.s.security.web.FilterChainProxy        : Secured GET /api/messages/conversations/3?page=0&size=50
2026-03-10T19:46:01.479+05:30 DEBUG 34000 --- [http-nio-8080-exec-6] o.s.security.web.FilterChainProxy        : Secured POST /api/messages/conversations/3/read
2026-03-10T19:46:01.482+05:30  INFO 34000 --- [http-nio-8080-exec-5] o.r.r.controller.MessageController       : Getting messages for conversation: 3
2026-03-10T19:46:01.482+05:30  INFO 34000 --- [http-nio-8080-exec-6] o.r.r.controller.MessageController       : Marking conversation 3 as read
2026-03-10T19:46:01.500+05:30  INFO 34000 --- [http-nio-8080-exec-5] o.r.revconnect.service.MessageService    : Fetching conversation between user1 and business2
2026-03-10T19:46:01.514+05:30  INFO 34000 --- [http-nio-8080-exec-6] o.r.revconnect.service.MessageService    : All messages from business2 marked as read
2026-03-10T19:46:02.759+05:30 DEBUG 34000 --- [http-nio-8080-exec-4] o.s.security.web.FilterChainProxy        : Securing POST /api/messages/conversations/4/read
2026-03-10T19:46:02.761+05:30 DEBUG 34000 --- [http-nio-8080-exec-4] o.r.r.service.CustomUserDetailsService   : Loading user by username or email: user1
2026-03-10T19:46:02.794+05:30 DEBUG 34000 --- [http-nio-8080-exec-2] o.s.security.web.FilterChainProxy        : Securing GET /api/messages/conversations/4?page=0&size=50
2026-03-10T19:46:02.796+05:30 DEBUG 34000 --- [http-nio-8080-exec-4] o.s.security.web.FilterChainProxy        : Secured POST /api/messages/conversations/4/read
2026-03-10T19:46:02.797+05:30 DEBUG 34000 --- [http-nio-8080-exec-2] o.r.r.service.CustomUserDetailsService   : Loading user by username or email: user1
2026-03-10T19:46:02.797+05:30 DEBUG 34000 --- [http-nio-8080-exec-10] o.s.security.web.FilterChainProxy        : Securing GET /uploads/media/4/profile/1a12ec78-6437-4714-a3b0-c9cbde62ccd7.jpg
2026-03-10T19:46:02.799+05:30 DEBUG 34000 --- [http-nio-8080-exec-10] o.s.s.w.a.AnonymousAuthenticationFilter  : Set SecurityContextHolder to anonymous SecurityContext
2026-03-10T19:46:02.799+05:30  INFO 34000 --- [http-nio-8080-exec-4] o.r.r.controller.MessageController       : Marking conversation 4 as read
2026-03-10T19:46:02.799+05:30 DEBUG 34000 --- [http-nio-8080-exec-10] o.s.security.web.FilterChainProxy        : Secured GET /uploads/media/4/profile/1a12ec78-6437-4714-a3b0-c9cbde62ccd7.jpg
2026-03-10T19:46:02.808+05:30  WARN 34000 --- [http-nio-8080-exec-10] .m.m.a.ExceptionHandlerExceptionResolver : Resolved [org.springframework.web.servlet.resource.NoResourceFoundException: No static resource media/4/profile/1a12ec78-6437-4714-a3b0-c9cbde62ccd7.jpg.]
2026-03-10T19:46:02.829+05:30 DEBUG 34000 --- [http-nio-8080-exec-2] o.s.security.web.FilterChainProxy        : Secured GET /api/messages/conversations/4?page=0&size=50
2026-03-10T19:46:02.831+05:30  INFO 34000 --- [http-nio-8080-exec-4] o.r.revconnect.service.MessageService    : All messages from business1 marked as read
2026-03-10T19:46:02.835+05:30  INFO 34000 --- [http-nio-8080-exec-2] o.r.r.controller.MessageController       : Getting messages for conversation: 4
2026-03-10T19:46:02.851+05:30  INFO 34000 --- [http-nio-8080-exec-2] o.r.revconnect.service.MessageService    : Fetching conversation between user1 and business1
2026-03-10T19:46:27.516+05:30 DEBUG 34000 --- [http-nio-8080-exec-9] o.s.security.web.FilterChainProxy        : Securing GET /api/messages/unread/count
2026-03-10T19:46:27.518+05:30 DEBUG 34000 --- [http-nio-8080-exec-9] o.r.r.service.CustomUserDetailsService   : Loading user by username or email: user1
2026-03-10T19:46:27.530+05:30 DEBUG 34000 --- [http-nio-8080-exec-9] o.s.security.web.FilterChainProxy        : Secured GET /api/messages/unread/count
2026-03-10T19:46:27.531+05:30  INFO 34000 --- [http-nio-8080-exec-9] o.r.r.controller.MessageController       : Getting unread message count
2026-03-10T19:46:57.523+05:30 DEBUG 34000 --- [http-nio-8080-exec-8] o.s.security.web.FilterChainProxy        : Securing GET /api/messages/unread/count
2026-03-10T19:46:57.524+05:30 DEBUG 34000 --- [http-nio-8080-exec-8] o.r.r.service.CustomUserDetailsService   : Loading user by username or email: user1
2026-03-10T19:46:57.544+05:30 DEBUG 34000 --- [http-nio-8080-exec-8] o.s.security.web.FilterChainProxy        : Secured GET /api/messages/unread/count
2026-03-10T19:46:57.545+05:30  INFO 34000 --- [http-nio-8080-exec-8] o.r.r.controller.MessageController       : Getting unread message count
2026-03-10T19:47:27.526+05:30 DEBUG 34000 --- [http-nio-8080-exec-1] o.s.security.web.FilterChainProxy        : Securing GET /api/messages/unread/count
2026-03-10T19:47:27.529+05:30 DEBUG 34000 --- [http-nio-8080-exec-1] o.r.r.service.CustomUserDetailsService   : Loading user by username or email: user1
2026-03-10T19:47:27.557+05:30 DEBUG 34000 --- [http-nio-8080-exec-1] o.s.security.web.FilterChainProxy        : Secured GET /api/messages/unread/count
2026-03-10T19:47:27.559+05:30  INFO 34000 --- [http-nio-8080-exec-1] o.r.r.controller.MessageController       : Getting unread message count
2026-03-10T19:47:57.520+05:30 DEBUG 34000 --- [http-nio-8080-exec-7] o.s.security.web.FilterChainProxy        : Securing GET /api/messages/unread/count
2026-03-10T19:47:57.521+05:30 DEBUG 34000 --- [http-nio-8080-exec-7] o.r.r.service.CustomUserDetailsService   : Loading user by username or email: user1
2026-03-10T19:47:57.541+05:30 DEBUG 34000 --- [http-nio-8080-exec-7] o.s.security.web.FilterChainProxy        : Secured GET /api/messages/unread/count
2026-03-10T19:47:57.542+05:30  INFO 34000 --- [http-nio-8080-exec-7] o.r.r.controller.MessageController       : Getting unread message count
2026-03-10T19:48:27.526+05:30 DEBUG 34000 --- [http-nio-8080-exec-3] o.s.security.web.FilterChainProxy        : Securing GET /api/messages/unread/count
2026-03-10T19:48:27.530+05:30 DEBUG 34000 --- [http-nio-8080-exec-3] o.r.r.service.CustomUserDetailsService   : Loading user by username or email: user1
2026-03-10T19:48:27.554+05:30 DEBUG 34000 --- [http-nio-8080-exec-3] o.s.security.web.FilterChainProxy        : Secured GET /api/messages/unread/count
2026-03-10T19:48:27.555+05:30  INFO 34000 --- [http-nio-8080-exec-3] o.r.r.controller.MessageController       : Getting unread message count
2026-03-10T19:49:25.656+05:30 DEBUG 34000 --- [http-nio-8080-exec-6] o.s.security.web.FilterChainProxy        : Securing POST /api/auth/login
2026-03-10T19:49:25.659+05:30 DEBUG 34000 --- [http-nio-8080-exec-6] o.r.r.service.CustomUserDetailsService   : Loading user by username or email: user1
2026-03-10T19:49:25.692+05:30 DEBUG 34000 --- [http-nio-8080-exec-6] o.s.security.web.FilterChainProxy        : Secured POST /api/auth/login
2026-03-10T19:49:25.699+05:30  INFO 34000 --- [http-nio-8080-exec-6] o.r.r.controller.AuthController          : Login attempt for: user1
2026-03-10T19:49:25.700+05:30  INFO 34000 --- [http-nio-8080-exec-6] o.r.revconnect.service.AuthService       : Attempting login for user: user1
2026-03-10T19:49:25.701+05:30 DEBUG 34000 --- [http-nio-8080-exec-6] o.r.r.service.CustomUserDetailsService   : Loading user by username or email: user1
2026-03-10T19:49:26.110+05:30 DEBUG 34000 --- [http-nio-8080-exec-6] o.s.s.a.dao.DaoAuthenticationProvider    : Authenticated user
2026-03-10T19:49:26.111+05:30  INFO 34000 --- [http-nio-8080-exec-6] o.r.revconnect.service.AuthService       : User logged in successfully: user1
2026-03-10T19:49:26.111+05:30  INFO 34000 --- [http-nio-8080-exec-6] o.r.r.controller.AuthController          : Login successful for user: user1
2026-03-10T19:49:26.474+05:30 DEBUG 34000 --- [http-nio-8080-exec-5] o.s.security.web.FilterChainProxy        : Securing GET /api/users/me
2026-03-10T19:49:26.476+05:30 DEBUG 34000 --- [http-nio-8080-exec-5] o.r.r.service.CustomUserDetailsService   : Loading user by username or email: user1
2026-03-10T19:49:26.476+05:30 DEBUG 34000 --- [http-nio-8080-exec-10] o.s.security.web.FilterChainProxy        : Securing GET /api/messages/unread/count
2026-03-10T19:49:26.476+05:30 DEBUG 34000 --- [http-nio-8080-exec-4] o.s.security.web.FilterChainProxy        : Securing GET /api/notifications/count
2026-03-10T19:49:26.476+05:30 DEBUG 34000 --- [http-nio-8080-exec-2] o.s.security.web.FilterChainProxy        : Securing GET /api/stories/feed
2026-03-10T19:49:26.477+05:30 DEBUG 34000 --- [http-nio-8080-exec-10] o.r.r.service.CustomUserDetailsService   : Loading user by username or email: user1
2026-03-10T19:49:26.477+05:30 DEBUG 34000 --- [http-nio-8080-exec-4] o.r.r.service.CustomUserDetailsService   : Loading user by username or email: user1
2026-03-10T19:49:26.477+05:30 DEBUG 34000 --- [http-nio-8080-exec-2] o.r.r.service.CustomUserDetailsService   : Loading user by username or email: user1
2026-03-10T19:49:26.493+05:30 DEBUG 34000 --- [http-nio-8080-exec-10] o.s.security.web.FilterChainProxy        : Secured GET /api/messages/unread/count
2026-03-10T19:49:26.494+05:30 DEBUG 34000 --- [http-nio-8080-exec-5] o.s.security.web.FilterChainProxy        : Secured GET /api/users/me
2026-03-10T19:49:26.494+05:30 DEBUG 34000 --- [http-nio-8080-exec-4] o.s.security.web.FilterChainProxy        : Secured GET /api/notifications/count
2026-03-10T19:49:26.494+05:30  INFO 34000 --- [http-nio-8080-exec-10] o.r.r.controller.MessageController       : Getting unread message count
2026-03-10T19:49:26.494+05:30  INFO 34000 --- [http-nio-8080-exec-5] o.r.r.controller.UserController          : Request to get current user profile
2026-03-10T19:49:26.495+05:30  INFO 34000 --- [http-nio-8080-exec-5] o.r.revconnect.service.UserService       : Fetching profile for user: user1
2026-03-10T19:49:26.495+05:30  INFO 34000 --- [http-nio-8080-exec-4] o.r.r.controller.NotificationController  : Get unread count request
2026-03-10T19:49:26.495+05:30 DEBUG 34000 --- [http-nio-8080-exec-5] o.r.r.controller.UserController          : Profile retrieved for user: user1
2026-03-10T19:49:26.496+05:30 DEBUG 34000 --- [http-nio-8080-exec-2] o.s.security.web.FilterChainProxy        : Secured GET /api/stories/feed
2026-03-10T19:49:26.496+05:30  INFO 34000 --- [http-nio-8080-exec-2] o.r.r.controller.StoryController         : Getting stories feed
2026-03-10T19:49:26.501+05:30  INFO 34000 --- [http-nio-8080-exec-4] o.r.r.service.NotificationService        : User user1 has 5 unread notifications
2026-03-10T19:49:26.517+05:30 DEBUG 34000 --- [http-nio-8080-exec-9] o.s.security.web.FilterChainProxy        : Securing GET /api/users/me
2026-03-10T19:49:26.518+05:30 DEBUG 34000 --- [http-nio-8080-exec-9] o.r.r.service.CustomUserDetailsService   : Loading user by username or email: user1
2026-03-10T19:49:26.521+05:30 DEBUG 34000 --- [http-nio-8080-exec-8] o.s.security.web.FilterChainProxy        : Securing GET /api/notifications/count
2026-03-10T19:49:26.522+05:30 DEBUG 34000 --- [http-nio-8080-exec-8] o.r.r.service.CustomUserDetailsService   : Loading user by username or email: user1
2026-03-10T19:49:26.532+05:30 DEBUG 34000 --- [http-nio-8080-exec-9] o.s.security.web.FilterChainProxy        : Secured GET /api/users/me
2026-03-10T19:49:26.532+05:30  INFO 34000 --- [http-nio-8080-exec-9] o.r.r.controller.UserController          : Request to get current user profile
2026-03-10T19:49:26.532+05:30  INFO 34000 --- [http-nio-8080-exec-9] o.r.revconnect.service.UserService       : Fetching profile for user: user1
2026-03-10T19:49:26.533+05:30 DEBUG 34000 --- [http-nio-8080-exec-9] o.r.r.controller.UserController          : Profile retrieved for user: user1
2026-03-10T19:49:26.534+05:30 DEBUG 34000 --- [http-nio-8080-exec-1] o.s.security.web.FilterChainProxy        : Securing GET /api/posts/feed/personalized?page=0&size=10
2026-03-10T19:49:26.534+05:30 DEBUG 34000 --- [http-nio-8080-exec-7] o.s.security.web.FilterChainProxy        : Securing GET /api/search/trending
2026-03-10T19:49:26.535+05:30 DEBUG 34000 --- [http-nio-8080-exec-1] o.r.r.service.CustomUserDetailsService   : Loading user by username or email: user1
2026-03-10T19:49:26.535+05:30 DEBUG 34000 --- [http-nio-8080-exec-8] o.s.security.web.FilterChainProxy        : Secured GET /api/notifications/count
2026-03-10T19:49:26.535+05:30 DEBUG 34000 --- [http-nio-8080-exec-7] o.r.r.service.CustomUserDetailsService   : Loading user by username or email: user1
2026-03-10T19:49:26.536+05:30  INFO 34000 --- [http-nio-8080-exec-8] o.r.r.controller.NotificationController  : Get unread count request
2026-03-10T19:49:26.540+05:30  INFO 34000 --- [http-nio-8080-exec-8] o.r.r.service.NotificationService        : User user1 has 5 unread notifications
2026-03-10T19:49:26.547+05:30 DEBUG 34000 --- [http-nio-8080-exec-7] o.s.security.web.FilterChainProxy        : Secured GET /api/search/trending
2026-03-10T19:49:26.548+05:30  INFO 34000 --- [http-nio-8080-exec-7] o.r.r.controller.SearchController        : Getting trending searches
2026-03-10T19:49:26.548+05:30  INFO 34000 --- [http-nio-8080-exec-7] o.r.revconnect.service.HashtagService    : Fetching top 10 trending hashtags
2026-03-10T19:49:26.549+05:30 DEBUG 34000 --- [http-nio-8080-exec-3] o.s.security.web.FilterChainProxy        : Securing GET /api/users/me
2026-03-10T19:49:26.550+05:30 DEBUG 34000 --- [http-nio-8080-exec-1] o.s.security.web.FilterChainProxy        : Secured GET /api/posts/feed/personalized?page=0&size=10
2026-03-10T19:49:26.551+05:30 DEBUG 34000 --- [http-nio-8080-exec-3] o.r.r.service.CustomUserDetailsService   : Loading user by username or email: user1
2026-03-10T19:49:26.551+05:30  INFO 34000 --- [http-nio-8080-exec-1] o.r.r.controller.PostController          : Get personalized feed request - page: 0, size: 10
2026-03-10T19:49:26.555+05:30  INFO 34000 --- [http-nio-8080-exec-2] o.r.revconnect.service.StoryService      : Fetching stories feed for 7 users
2026-03-10T19:49:26.571+05:30 DEBUG 34000 --- [http-nio-8080-exec-3] o.s.security.web.FilterChainProxy        : Secured GET /api/users/me
2026-03-10T19:49:26.571+05:30  INFO 34000 --- [http-nio-8080-exec-3] o.r.r.controller.UserController          : Request to get current user profile
2026-03-10T19:49:26.571+05:30  INFO 34000 --- [http-nio-8080-exec-3] o.r.revconnect.service.UserService       : Fetching profile for user: user1
2026-03-10T19:49:26.571+05:30 DEBUG 34000 --- [http-nio-8080-exec-3] o.r.r.controller.UserController          : Profile retrieved for user: user1
2026-03-10T19:49:26.588+05:30 DEBUG 34000 --- [http-nio-8080-exec-6] o.s.security.web.FilterChainProxy        : Securing GET /api/stories
2026-03-10T19:49:26.589+05:30 DEBUG 34000 --- [http-nio-8080-exec-6] o.r.r.service.CustomUserDetailsService   : Loading user by username or email: user1
2026-03-10T19:49:26.591+05:30 DEBUG 34000 --- [http-nio-8080-exec-5] o.s.security.web.FilterChainProxy        : Securing GET /api/users/me
2026-03-10T19:49:26.591+05:30 DEBUG 34000 --- [http-nio-8080-exec-5] o.r.r.service.CustomUserDetailsService   : Loading user by username or email: user1
2026-03-10T19:49:26.606+05:30 DEBUG 34000 --- [http-nio-8080-exec-6] o.s.security.web.FilterChainProxy        : Secured GET /api/stories
2026-03-10T19:49:26.607+05:30  INFO 34000 --- [http-nio-8080-exec-6] o.r.r.controller.StoryController         : Getting my stories
2026-03-10T19:49:26.607+05:30  INFO 34000 --- [http-nio-8080-exec-6] o.r.revconnect.service.StoryService      : Fetching active stories for user: user1
2026-03-10T19:49:26.608+05:30 DEBUG 34000 --- [http-nio-8080-exec-5] o.s.security.web.FilterChainProxy        : Secured GET /api/users/me
2026-03-10T19:49:26.610+05:30  INFO 34000 --- [http-nio-8080-exec-5] o.r.r.controller.UserController          : Request to get current user profile
2026-03-10T19:49:26.610+05:30  INFO 34000 --- [http-nio-8080-exec-5] o.r.revconnect.service.UserService       : Fetching profile for user: user1
2026-03-10T19:49:26.610+05:30 DEBUG 34000 --- [http-nio-8080-exec-5] o.r.r.controller.UserController          : Profile retrieved for user: user1
2026-03-10T19:49:26.631+05:30 DEBUG 34000 --- [http-nio-8080-exec-4] o.s.security.web.FilterChainProxy        : Securing GET /uploads/media/1/profile/399af8b4-7629-4b96-b1a0-e2779793a067.jpg
2026-03-10T19:49:26.631+05:30 DEBUG 34000 --- [http-nio-8080-exec-4] o.s.s.w.a.AnonymousAuthenticationFilter  : Set SecurityContextHolder to anonymous SecurityContext
2026-03-10T19:49:26.631+05:30 DEBUG 34000 --- [http-nio-8080-exec-4] o.s.security.web.FilterChainProxy        : Secured GET /uploads/media/1/profile/399af8b4-7629-4b96-b1a0-e2779793a067.jpg
2026-03-10T19:49:26.636+05:30  WARN 34000 --- [http-nio-8080-exec-4] .m.m.a.ExceptionHandlerExceptionResolver : Resolved [org.springframework.web.servlet.resource.NoResourceFoundException: No static resource media/1/profile/399af8b4-7629-4b96-b1a0-e2779793a067.jpg.]
2026-03-10T19:49:26.788+05:30 DEBUG 34000 --- [http-nio-8080-exec-10] o.s.security.web.FilterChainProxy        : Securing GET /api/posts/79/liked
2026-03-10T19:49:26.789+05:30 DEBUG 34000 --- [http-nio-8080-exec-9] o.s.security.web.FilterChainProxy        : Securing GET /api/bookmarks/posts/79/status
2026-03-10T19:49:26.790+05:30 DEBUG 34000 --- [http-nio-8080-exec-8] o.s.security.web.FilterChainProxy        : Securing POST /api/business/posts/79/impression
2026-03-10T19:49:26.790+05:30 DEBUG 34000 --- [http-nio-8080-exec-10] o.r.r.service.CustomUserDetailsService   : Loading user by username or email: user1
2026-03-10T19:49:26.792+05:30 DEBUG 34000 --- [http-nio-8080-exec-9] o.r.r.service.CustomUserDetailsService   : Loading user by username or email: user1
2026-03-10T19:49:26.794+05:30 DEBUG 34000 --- [http-nio-8080-exec-8] o.r.r.service.CustomUserDetailsService   : Loading user by username or email: user1
2026-03-10T19:49:26.801+05:30 DEBUG 34000 --- [http-nio-8080-exec-7] o.s.security.web.FilterChainProxy        : Securing POST /api/business/posts/79/view
2026-03-10T19:49:26.801+05:30 DEBUG 34000 --- [http-nio-8080-exec-2] o.s.security.web.FilterChainProxy        : Securing GET /api/posts/76/liked
2026-03-10T19:49:26.802+05:30 DEBUG 34000 --- [http-nio-8080-exec-3] o.s.security.web.FilterChainProxy        : Securing GET /api/bookmarks/posts/76/status
2026-03-10T19:49:26.803+05:30 DEBUG 34000 --- [http-nio-8080-exec-3] o.r.r.service.CustomUserDetailsService   : Loading user by username or email: user1
2026-03-10T19:49:26.803+05:30 DEBUG 34000 --- [http-nio-8080-exec-7] o.r.r.service.CustomUserDetailsService   : Loading user by username or email: user1
2026-03-10T19:49:26.803+05:30 DEBUG 34000 --- [http-nio-8080-exec-2] o.r.r.service.CustomUserDetailsService   : Loading user by username or email: user1
2026-03-10T19:49:26.810+05:30 DEBUG 34000 --- [http-nio-8080-exec-10] o.s.security.web.FilterChainProxy        : Secured GET /api/posts/79/liked
2026-03-10T19:49:26.810+05:30 DEBUG 34000 --- [http-nio-8080-exec-9] o.s.security.web.FilterChainProxy        : Secured GET /api/bookmarks/posts/79/status
2026-03-10T19:49:26.811+05:30 DEBUG 34000 --- [http-nio-8080-exec-8] o.s.security.web.FilterChainProxy        : Secured POST /api/business/posts/79/impression
2026-03-10T19:49:26.811+05:30  INFO 34000 --- [http-nio-8080-exec-9] o.r.r.controller.BookmarkController      : Check bookmark status for post ID: 79
2026-03-10T19:49:26.811+05:30  INFO 34000 --- [http-nio-8080-exec-10] o.r.r.controller.InteractionController   : Check like status for post ID: 79
2026-03-10T19:49:26.815+05:30 DEBUG 34000 --- [http-nio-8080-exec-8] o.r.r.controller.BusinessController      : Recording impression for post: 79
2026-03-10T19:49:26.819+05:30 DEBUG 34000 --- [http-nio-8080-exec-3] o.s.security.web.FilterChainProxy        : Secured GET /api/bookmarks/posts/76/status
2026-03-10T19:49:26.819+05:30 DEBUG 34000 --- [http-nio-8080-exec-8] o.r.revconnect.service.BusinessService   : Recording impression for post: 79
2026-03-10T19:49:26.820+05:30 DEBUG 34000 --- [http-nio-8080-exec-2] o.s.security.web.FilterChainProxy        : Secured GET /api/posts/76/liked
2026-03-10T19:49:26.820+05:30  INFO 34000 --- [http-nio-8080-exec-3] o.r.r.controller.BookmarkController      : Check bookmark status for post ID: 76
2026-03-10T19:49:26.822+05:30 DEBUG 34000 --- [http-nio-8080-exec-7] o.s.security.web.FilterChainProxy        : Secured POST /api/business/posts/79/view
2026-03-10T19:49:26.822+05:30  INFO 34000 --- [http-nio-8080-exec-2] o.r.r.controller.InteractionController   : Check like status for post ID: 76
2026-03-10T19:49:26.825+05:30 DEBUG 34000 --- [http-nio-8080-exec-7] o.r.r.controller.BusinessController      : Recording view for post: 79
2026-03-10T19:49:26.830+05:30  WARN 34000 --- [http-nio-8080-exec-8] .m.m.a.ExceptionHandlerExceptionResolver : Resolved [org.springframework.dao.IncorrectResultSizeDataAccessException: Query did not return a unique result: 2 results were returned]
2026-03-10T19:49:26.831+05:30 DEBUG 34000 --- [http-nio-8080-exec-7] o.r.revconnect.service.BusinessService   : Recording view for post: 79
2026-03-10T19:49:26.848+05:30  WARN 34000 --- [http-nio-8080-exec-7] .m.m.a.ExceptionHandlerExceptionResolver : Resolved [org.springframework.dao.IncorrectResultSizeDataAccessException: Query did not return a unique result: 2 results were returned]
2026-03-10T19:49:26.871+05:30 DEBUG 34000 --- [http-nio-8080-exec-5] o.s.security.web.FilterChainProxy        : Securing POST /api/business/posts/76/impression
2026-03-10T19:49:26.873+05:30 DEBUG 34000 --- [http-nio-8080-exec-5] o.r.r.service.CustomUserDetailsService   : Loading user by username or email: user1
2026-03-10T19:49:26.879+05:30 DEBUG 34000 --- [http-nio-8080-exec-6] o.s.security.web.FilterChainProxy        : Securing POST /api/business/posts/76/view
2026-03-10T19:49:26.879+05:30 DEBUG 34000 --- [http-nio-8080-exec-4] o.s.security.web.FilterChainProxy        : Securing POST /api/business/posts/75/impression
2026-03-10T19:49:26.880+05:30 DEBUG 34000 --- [http-nio-8080-exec-6] o.r.r.service.CustomUserDetailsService   : Loading user by username or email: user1
2026-03-10T19:49:26.882+05:30 DEBUG 34000 --- [http-nio-8080-exec-4] o.r.r.service.CustomUserDetailsService   : Loading user by username or email: user1
2026-03-10T19:49:26.891+05:30 DEBUG 34000 --- [http-nio-8080-exec-5] o.s.security.web.FilterChainProxy        : Secured POST /api/business/posts/76/impression
2026-03-10T19:49:26.893+05:30 DEBUG 34000 --- [http-nio-8080-exec-1] o.s.security.web.FilterChainProxy        : Securing GET /api/posts/75/liked
2026-03-10T19:49:26.895+05:30 DEBUG 34000 --- [http-nio-8080-exec-1] o.r.r.service.CustomUserDetailsService   : Loading user by username or email: user1
2026-03-10T19:49:26.895+05:30 DEBUG 34000 --- [http-nio-8080-exec-10] o.s.security.web.FilterChainProxy        : Securing POST /api/business/posts/75/view
2026-03-10T19:49:26.897+05:30 DEBUG 34000 --- [http-nio-8080-exec-8] o.s.security.web.FilterChainProxy        : Securing GET /api/bookmarks/posts/75/status
2026-03-10T19:49:26.897+05:30 DEBUG 34000 --- [http-nio-8080-exec-10] o.r.r.service.CustomUserDetailsService   : Loading user by username or email: user1
2026-03-10T19:49:26.895+05:30 DEBUG 34000 --- [http-nio-8080-exec-5] o.r.r.controller.BusinessController      : Recording impression for post: 76
2026-03-10T19:49:26.900+05:30 DEBUG 34000 --- [http-nio-8080-exec-5] o.r.revconnect.service.BusinessService   : Recording impression for post: 76
2026-03-10T19:49:26.902+05:30 DEBUG 34000 --- [http-nio-8080-exec-4] o.s.security.web.FilterChainProxy        : Secured POST /api/business/posts/75/impression
2026-03-10T19:49:26.903+05:30 DEBUG 34000 --- [http-nio-8080-exec-8] o.r.r.service.CustomUserDetailsService   : Loading user by username or email: user1
2026-03-10T19:49:26.905+05:30 DEBUG 34000 --- [http-nio-8080-exec-4] o.r.r.controller.BusinessController      : Recording impression for post: 75
2026-03-10T19:49:26.906+05:30 DEBUG 34000 --- [http-nio-8080-exec-6] o.s.security.web.FilterChainProxy        : Secured POST /api/business/posts/76/view
2026-03-10T19:49:26.913+05:30 DEBUG 34000 --- [http-nio-8080-exec-4] o.r.revconnect.service.BusinessService   : Recording impression for post: 75
2026-03-10T19:49:26.913+05:30 DEBUG 34000 --- [http-nio-8080-exec-6] o.r.r.controller.BusinessController      : Recording view for post: 76
2026-03-10T19:49:26.918+05:30 DEBUG 34000 --- [http-nio-8080-exec-6] o.r.revconnect.service.BusinessService   : Recording view for post: 76
2026-03-10T19:49:26.918+05:30  WARN 34000 --- [http-nio-8080-exec-5] .m.m.a.ExceptionHandlerExceptionResolver : Resolved [org.springframework.dao.IncorrectResultSizeDataAccessException: Query did not return a unique result: 2 results were returned]
2026-03-10T19:49:26.924+05:30 DEBUG 34000 --- [http-nio-8080-exec-10] o.s.security.web.FilterChainProxy        : Secured POST /api/business/posts/75/view
2026-03-10T19:49:26.926+05:30 DEBUG 34000 --- [http-nio-8080-exec-10] o.r.r.controller.BusinessController      : Recording view for post: 75
2026-03-10T19:49:26.930+05:30 DEBUG 34000 --- [http-nio-8080-exec-10] o.r.revconnect.service.BusinessService   : Recording view for post: 75
2026-03-10T19:49:26.932+05:30 DEBUG 34000 --- [http-nio-8080-exec-8] o.s.security.web.FilterChainProxy        : Secured GET /api/bookmarks/posts/75/status
2026-03-10T19:49:26.934+05:30  WARN 34000 --- [http-nio-8080-exec-4] .m.m.a.ExceptionHandlerExceptionResolver : Resolved [org.springframework.dao.IncorrectResultSizeDataAccessException: Query did not return a unique result: 2 results were returned]
2026-03-10T19:49:26.934+05:30  WARN 34000 --- [http-nio-8080-exec-6] .m.m.a.ExceptionHandlerExceptionResolver : Resolved [org.springframework.dao.IncorrectResultSizeDataAccessException: Query did not return a unique result: 2 results were returned]
2026-03-10T19:49:26.936+05:30  INFO 34000 --- [http-nio-8080-exec-8] o.r.r.controller.BookmarkController      : Check bookmark status for post ID: 75
2026-03-10T19:49:26.942+05:30  WARN 34000 --- [http-nio-8080-exec-10] .m.m.a.ExceptionHandlerExceptionResolver : Resolved [org.springframework.dao.IncorrectResultSizeDataAccessException: Query did not return a unique result: 2 results were returned]
2026-03-10T19:49:26.943+05:30 DEBUG 34000 --- [http-nio-8080-exec-2] o.s.security.web.FilterChainProxy        : Securing POST /api/business/posts/74/impression
2026-03-10T19:49:26.945+05:30 DEBUG 34000 --- [http-nio-8080-exec-2] o.r.r.service.CustomUserDetailsService   : Loading user by username or email: user1
2026-03-10T19:49:26.945+05:30 DEBUG 34000 --- [http-nio-8080-exec-1] o.s.security.web.FilterChainProxy        : Secured GET /api/posts/75/liked
2026-03-10T19:49:26.946+05:30  INFO 34000 --- [http-nio-8080-exec-1] o.r.r.controller.InteractionController   : Check like status for post ID: 75
2026-03-10T19:49:26.964+05:30 DEBUG 34000 --- [http-nio-8080-exec-2] o.s.security.web.FilterChainProxy        : Secured POST /api/business/posts/74/impression
2026-03-10T19:49:26.966+05:30 DEBUG 34000 --- [http-nio-8080-exec-2] o.r.r.controller.BusinessController      : Recording impression for post: 74
2026-03-10T19:49:26.967+05:30 DEBUG 34000 --- [http-nio-8080-exec-2] o.r.revconnect.service.BusinessService   : Recording impression for post: 74
2026-03-10T19:49:26.969+05:30 DEBUG 34000 --- [http-nio-8080-exec-7] o.s.security.web.FilterChainProxy        : Securing GET /api/posts/74/liked
2026-03-10T19:49:26.969+05:30 DEBUG 34000 --- [http-nio-8080-exec-9] o.s.security.web.FilterChainProxy        : Securing GET /api/bookmarks/posts/74/status
2026-03-10T19:49:26.972+05:30 DEBUG 34000 --- [http-nio-8080-exec-9] o.r.r.service.CustomUserDetailsService   : Loading user by username or email: user1
2026-03-10T19:49:26.972+05:30 DEBUG 34000 --- [http-nio-8080-exec-7] o.r.r.service.CustomUserDetailsService   : Loading user by username or email: user1
2026-03-10T19:49:26.990+05:30 DEBUG 34000 --- [http-nio-8080-exec-9] o.s.security.web.FilterChainProxy        : Secured GET /api/bookmarks/posts/74/status
2026-03-10T19:49:26.993+05:30 DEBUG 34000 --- [http-nio-8080-exec-3] o.s.security.web.FilterChainProxy        : Securing POST /api/business/posts/74/view
2026-03-10T19:49:26.993+05:30 DEBUG 34000 --- [http-nio-8080-exec-7] o.s.security.web.FilterChainProxy        : Secured GET /api/posts/74/liked
2026-03-10T19:49:26.996+05:30  INFO 34000 --- [http-nio-8080-exec-9] o.r.r.controller.BookmarkController      : Check bookmark status for post ID: 74
2026-03-10T19:49:26.996+05:30 DEBUG 34000 --- [http-nio-8080-exec-3] o.r.r.service.CustomUserDetailsService   : Loading user by username or email: user1
2026-03-10T19:49:26.999+05:30  INFO 34000 --- [http-nio-8080-exec-7] o.r.r.controller.InteractionController   : Check like status for post ID: 74
2026-03-10T19:49:27.009+05:30 DEBUG 34000 --- [http-nio-8080-exec-5] o.s.security.web.FilterChainProxy        : Securing GET /api/posts/73/liked
2026-03-10T19:49:27.010+05:30 DEBUG 34000 --- [http-nio-8080-exec-4] o.s.security.web.FilterChainProxy        : Securing GET /api/bookmarks/posts/73/status
2026-03-10T19:49:27.012+05:30 DEBUG 34000 --- [http-nio-8080-exec-5] o.r.r.service.CustomUserDetailsService   : Loading user by username or email: user1
2026-03-10T19:49:27.013+05:30 DEBUG 34000 --- [http-nio-8080-exec-4] o.r.r.service.CustomUserDetailsService   : Loading user by username or email: user1
2026-03-10T19:49:27.021+05:30 DEBUG 34000 --- [http-nio-8080-exec-3] o.s.security.web.FilterChainProxy        : Secured POST /api/business/posts/74/view
2026-03-10T19:49:27.027+05:30 DEBUG 34000 --- [http-nio-8080-exec-3] o.r.r.controller.BusinessController      : Recording view for post: 74
2026-03-10T19:49:27.037+05:30 DEBUG 34000 --- [http-nio-8080-exec-3] o.r.revconnect.service.BusinessService   : Recording view for post: 74
2026-03-10T19:49:27.042+05:30 DEBUG 34000 --- [http-nio-8080-exec-5] o.s.security.web.FilterChainProxy        : Secured GET /api/posts/73/liked
2026-03-10T19:49:27.042+05:30 DEBUG 34000 --- [http-nio-8080-exec-4] o.s.security.web.FilterChainProxy        : Secured GET /api/bookmarks/posts/73/status
2026-03-10T19:49:27.044+05:30 DEBUG 34000 --- [http-nio-8080-exec-6] o.s.security.web.FilterChainProxy        : Securing POST /api/business/posts/73/impression
2026-03-10T19:49:27.047+05:30  INFO 34000 --- [http-nio-8080-exec-4] o.r.r.controller.BookmarkController      : Check bookmark status for post ID: 73
2026-03-10T19:49:27.047+05:30 DEBUG 34000 --- [http-nio-8080-exec-6] o.r.r.service.CustomUserDetailsService   : Loading user by username or email: user1
2026-03-10T19:49:27.047+05:30  INFO 34000 --- [http-nio-8080-exec-5] o.r.r.controller.InteractionController   : Check like status for post ID: 73
2026-03-10T19:49:27.070+05:30 DEBUG 34000 --- [http-nio-8080-exec-6] o.s.security.web.FilterChainProxy        : Secured POST /api/business/posts/73/impression
2026-03-10T19:49:27.075+05:30 DEBUG 34000 --- [http-nio-8080-exec-10] o.s.security.web.FilterChainProxy        : Securing POST /api/business/posts/73/view
2026-03-10T19:49:27.079+05:30 DEBUG 34000 --- [http-nio-8080-exec-6] o.r.r.controller.BusinessController      : Recording impression for post: 73
2026-03-10T19:49:27.080+05:30 DEBUG 34000 --- [http-nio-8080-exec-10] o.r.r.service.CustomUserDetailsService   : Loading user by username or email: user1
2026-03-10T19:49:27.082+05:30 DEBUG 34000 --- [http-nio-8080-exec-6] o.r.revconnect.service.BusinessService   : Recording impression for post: 73
2026-03-10T19:49:27.092+05:30 DEBUG 34000 --- [http-nio-8080-exec-1] o.s.security.web.FilterChainProxy        : Securing POST /api/business/posts/72/impression
2026-03-10T19:49:27.097+05:30 DEBUG 34000 --- [http-nio-8080-exec-1] o.r.r.service.CustomUserDetailsService   : Loading user by username or email: user1
2026-03-10T19:49:27.099+05:30 DEBUG 34000 --- [http-nio-8080-exec-10] o.s.security.web.FilterChainProxy        : Secured POST /api/business/posts/73/view
2026-03-10T19:49:27.102+05:30 DEBUG 34000 --- [http-nio-8080-exec-10] o.r.r.controller.BusinessController      : Recording view for post: 73
2026-03-10T19:49:27.104+05:30 DEBUG 34000 --- [http-nio-8080-exec-10] o.r.revconnect.service.BusinessService   : Recording view for post: 73
2026-03-10T19:49:27.112+05:30 DEBUG 34000 --- [http-nio-8080-exec-1] o.s.security.web.FilterChainProxy        : Secured POST /api/business/posts/72/impression
2026-03-10T19:49:27.115+05:30 DEBUG 34000 --- [http-nio-8080-exec-1] o.r.r.controller.BusinessController      : Recording impression for post: 72
2026-03-10T19:49:27.118+05:30 DEBUG 34000 --- [http-nio-8080-exec-1] o.r.revconnect.service.BusinessService   : Recording impression for post: 72
2026-03-10T19:49:27.124+05:30 DEBUG 34000 --- [http-nio-8080-exec-8] o.s.security.web.FilterChainProxy        : Securing GET /api/posts/72/liked
2026-03-10T19:49:27.125+05:30 DEBUG 34000 --- [http-nio-8080-exec-8] o.r.r.service.CustomUserDetailsService   : Loading user by username or email: user1
2026-03-10T19:49:27.127+05:30 DEBUG 34000 --- [http-nio-8080-exec-2] o.s.security.web.FilterChainProxy        : Securing GET /api/bookmarks/posts/72/status
2026-03-10T19:49:27.129+05:30 DEBUG 34000 --- [http-nio-8080-exec-2] o.r.r.service.CustomUserDetailsService   : Loading user by username or email: user1
2026-03-10T19:49:27.139+05:30 DEBUG 34000 --- [http-nio-8080-exec-7] o.s.security.web.FilterChainProxy        : Securing POST /api/business/posts/72/view
2026-03-10T19:49:27.141+05:30 DEBUG 34000 --- [http-nio-8080-exec-7] o.r.r.service.CustomUserDetailsService   : Loading user by username or email: user1
2026-03-10T19:49:27.147+05:30 DEBUG 34000 --- [http-nio-8080-exec-8] o.s.security.web.FilterChainProxy        : Secured GET /api/posts/72/liked
2026-03-10T19:49:27.149+05:30  INFO 34000 --- [http-nio-8080-exec-8] o.r.r.controller.InteractionController   : Check like status for post ID: 72
2026-03-10T19:49:27.152+05:30 DEBUG 34000 --- [http-nio-8080-exec-2] o.s.security.web.FilterChainProxy        : Secured GET /api/bookmarks/posts/72/status
2026-03-10T19:49:27.153+05:30 DEBUG 34000 --- [http-nio-8080-exec-9] o.s.security.web.FilterChainProxy        : Securing GET /api/posts/71/liked
2026-03-10T19:49:27.155+05:30 DEBUG 34000 --- [http-nio-8080-exec-9] o.r.r.service.CustomUserDetailsService   : Loading user by username or email: user1
2026-03-10T19:49:27.155+05:30  INFO 34000 --- [http-nio-8080-exec-2] o.r.r.controller.BookmarkController      : Check bookmark status for post ID: 72
2026-03-10T19:49:27.159+05:30 DEBUG 34000 --- [http-nio-8080-exec-7] o.s.security.web.FilterChainProxy        : Secured POST /api/business/posts/72/view
2026-03-10T19:49:27.162+05:30 DEBUG 34000 --- [http-nio-8080-exec-7] o.r.r.controller.BusinessController      : Recording view for post: 72
2026-03-10T19:49:27.164+05:30 DEBUG 34000 --- [http-nio-8080-exec-5] o.s.security.web.FilterChainProxy        : Securing POST /api/business/posts/71/impression
2026-03-10T19:49:27.165+05:30 DEBUG 34000 --- [http-nio-8080-exec-7] o.r.revconnect.service.BusinessService   : Recording view for post: 72
2026-03-10T19:49:27.167+05:30 DEBUG 34000 --- [http-nio-8080-exec-5] o.r.r.service.CustomUserDetailsService   : Loading user by username or email: user1
2026-03-10T19:49:27.172+05:30 DEBUG 34000 --- [http-nio-8080-exec-9] o.s.security.web.FilterChainProxy        : Secured GET /api/posts/71/liked
2026-03-10T19:49:27.171+05:30 DEBUG 34000 --- [http-nio-8080-exec-3] o.s.security.web.FilterChainProxy        : Securing POST /api/business/posts/71/view
2026-03-10T19:49:27.174+05:30  INFO 34000 --- [http-nio-8080-exec-9] o.r.r.controller.InteractionController   : Check like status for post ID: 71
2026-03-10T19:49:27.177+05:30 DEBUG 34000 --- [http-nio-8080-exec-3] o.r.r.service.CustomUserDetailsService   : Loading user by username or email: user1
2026-03-10T19:49:27.241+05:30 DEBUG 34000 --- [http-nio-8080-exec-4] o.s.security.web.FilterChainProxy        : Securing GET /api/bookmarks/posts/71/status
2026-03-10T19:49:27.255+05:30 DEBUG 34000 --- [http-nio-8080-exec-5] o.s.security.web.FilterChainProxy        : Secured POST /api/business/posts/71/impression
2026-03-10T19:49:27.255+05:30 DEBUG 34000 --- [http-nio-8080-exec-4] o.r.r.service.CustomUserDetailsService   : Loading user by username or email: user1
2026-03-10T19:49:27.277+05:30 DEBUG 34000 --- [http-nio-8080-exec-3] o.s.security.web.FilterChainProxy        : Secured POST /api/business/posts/71/view
2026-03-10T19:49:27.279+05:30 DEBUG 34000 --- [http-nio-8080-exec-5] o.r.r.controller.BusinessController      : Recording impression for post: 71
2026-03-10T19:49:27.280+05:30 DEBUG 34000 --- [http-nio-8080-exec-3] o.r.r.controller.BusinessController      : Recording view for post: 71
2026-03-10T19:49:27.281+05:30 DEBUG 34000 --- [http-nio-8080-exec-5] o.r.revconnect.service.BusinessService   : Recording impression for post: 71
2026-03-10T19:49:27.286+05:30 DEBUG 34000 --- [http-nio-8080-exec-3] o.r.revconnect.service.BusinessService   : Recording view for post: 71
2026-03-10T19:49:27.373+05:30 DEBUG 34000 --- [http-nio-8080-exec-10] o.s.security.web.FilterChainProxy        : Securing POST /api/business/posts/70/impression
2026-03-10T19:49:27.373+05:30 DEBUG 34000 --- [http-nio-8080-exec-6] o.s.security.web.FilterChainProxy        : Securing GET /api/posts/70/liked
2026-03-10T19:49:27.380+05:30 DEBUG 34000 --- [http-nio-8080-exec-6] o.r.r.service.CustomUserDetailsService   : Loading user by username or email: user1
2026-03-10T19:49:27.382+05:30 DEBUG 34000 --- [http-nio-8080-exec-1] o.s.security.web.FilterChainProxy        : Securing GET /api/bookmarks/posts/70/status
2026-03-10T19:49:27.384+05:30 DEBUG 34000 --- [http-nio-8080-exec-10] o.r.r.service.CustomUserDetailsService   : Loading user by username or email: user1
2026-03-10T19:49:27.389+05:30 DEBUG 34000 --- [http-nio-8080-exec-4] o.s.security.web.FilterChainProxy        : Secured GET /api/bookmarks/posts/71/status
2026-03-10T19:49:27.390+05:30 DEBUG 34000 --- [http-nio-8080-exec-1] o.r.r.service.CustomUserDetailsService   : Loading user by username or email: user1
2026-03-10T19:49:27.393+05:30  INFO 34000 --- [http-nio-8080-exec-4] o.r.r.controller.BookmarkController      : Check bookmark status for post ID: 71
2026-03-10T19:49:27.470+05:30 DEBUG 34000 --- [http-nio-8080-exec-1] o.s.security.web.FilterChainProxy        : Secured GET /api/bookmarks/posts/70/status
2026-03-10T19:49:27.470+05:30 DEBUG 34000 --- [http-nio-8080-exec-10] o.s.security.web.FilterChainProxy        : Secured POST /api/business/posts/70/impression
2026-03-10T19:49:27.471+05:30 DEBUG 34000 --- [http-nio-8080-exec-10] o.r.r.controller.BusinessController      : Recording impression for post: 70
2026-03-10T19:49:27.471+05:30  INFO 34000 --- [http-nio-8080-exec-1] o.r.r.controller.BookmarkController      : Check bookmark status for post ID: 70
2026-03-10T19:49:27.474+05:30 DEBUG 34000 --- [http-nio-8080-exec-10] o.r.revconnect.service.BusinessService   : Recording impression for post: 70
2026-03-10T19:49:27.479+05:30 DEBUG 34000 --- [http-nio-8080-exec-6] o.s.security.web.FilterChainProxy        : Secured GET /api/posts/70/liked
2026-03-10T19:49:27.481+05:30  INFO 34000 --- [http-nio-8080-exec-6] o.r.r.controller.InteractionController   : Check like status for post ID: 70
2026-03-10T19:49:27.531+05:30 DEBUG 34000 --- [http-nio-8080-exec-8] o.s.security.web.FilterChainProxy        : Securing POST /api/business/posts/70/view
2026-03-10T19:49:27.535+05:30 DEBUG 34000 --- [http-nio-8080-exec-8] o.r.r.service.CustomUserDetailsService   : Loading user by username or email: user1
2026-03-10T19:49:27.553+05:30 DEBUG 34000 --- [http-nio-8080-exec-8] o.s.security.web.FilterChainProxy        : Secured POST /api/business/posts/70/view
2026-03-10T19:49:27.555+05:30 DEBUG 34000 --- [http-nio-8080-exec-8] o.r.r.controller.BusinessController      : Recording view for post: 70
2026-03-10T19:49:27.556+05:30 DEBUG 34000 --- [http-nio-8080-exec-8] o.r.revconnect.service.BusinessService   : Recording view for post: 70
2026-03-10T19:49:27.557+05:30 DEBUG 34000 --- [http-nio-8080-exec-2] o.s.security.web.FilterChainProxy        : Securing GET /api/posts/69/liked
2026-03-10T19:49:27.559+05:30 DEBUG 34000 --- [http-nio-8080-exec-9] o.s.security.web.FilterChainProxy        : Securing POST /api/business/posts/69/impression
2026-03-10T19:49:27.561+05:30 DEBUG 34000 --- [http-nio-8080-exec-2] o.r.r.service.CustomUserDetailsService   : Loading user by username or email: user1
2026-03-10T19:49:27.561+05:30 DEBUG 34000 --- [http-nio-8080-exec-9] o.r.r.service.CustomUserDetailsService   : Loading user by username or email: user1
2026-03-10T19:49:27.577+05:30 DEBUG 34000 --- [http-nio-8080-exec-7] o.s.security.web.FilterChainProxy        : Securing POST /api/business/posts/69/view
2026-03-10T19:49:27.578+05:30 DEBUG 34000 --- [http-nio-8080-exec-7] o.r.r.service.CustomUserDetailsService   : Loading user by username or email: user1
2026-03-10T19:49:27.579+05:30 DEBUG 34000 --- [http-nio-8080-exec-5] o.s.security.web.FilterChainProxy        : Securing GET /api/bookmarks/posts/69/status
2026-03-10T19:49:27.579+05:30 DEBUG 34000 --- [http-nio-8080-exec-2] o.s.security.web.FilterChainProxy        : Secured GET /api/posts/69/liked
2026-03-10T19:49:27.579+05:30 DEBUG 34000 --- [http-nio-8080-exec-3] o.s.security.web.FilterChainProxy        : Securing POST /api/business/posts/66/impression
2026-03-10T19:49:27.578+05:30 DEBUG 34000 --- [http-nio-8080-exec-9] o.s.security.web.FilterChainProxy        : Secured POST /api/business/posts/69/impression
2026-03-10T19:49:27.581+05:30 DEBUG 34000 --- [http-nio-8080-exec-5] o.r.r.service.CustomUserDetailsService   : Loading user by username or email: user1
2026-03-10T19:49:27.581+05:30 DEBUG 34000 --- [http-nio-8080-exec-9] o.r.r.controller.BusinessController      : Recording impression for post: 69
2026-03-10T19:49:27.583+05:30 DEBUG 34000 --- [http-nio-8080-exec-3] o.r.r.service.CustomUserDetailsService   : Loading user by username or email: user1
2026-03-10T19:49:27.584+05:30  INFO 34000 --- [http-nio-8080-exec-2] o.r.r.controller.InteractionController   : Check like status for post ID: 69
2026-03-10T19:49:27.586+05:30 DEBUG 34000 --- [http-nio-8080-exec-9] o.r.revconnect.service.BusinessService   : Recording impression for post: 69
2026-03-10T19:49:27.603+05:30 DEBUG 34000 --- [http-nio-8080-exec-7] o.s.security.web.FilterChainProxy        : Secured POST /api/business/posts/69/view
2026-03-10T19:49:27.605+05:30 DEBUG 34000 --- [http-nio-8080-exec-3] o.s.security.web.FilterChainProxy        : Secured POST /api/business/posts/66/impression
2026-03-10T19:49:27.606+05:30 DEBUG 34000 --- [http-nio-8080-exec-7] o.r.r.controller.BusinessController      : Recording view for post: 69
2026-03-10T19:49:27.606+05:30 DEBUG 34000 --- [http-nio-8080-exec-5] o.s.security.web.FilterChainProxy        : Secured GET /api/bookmarks/posts/69/status
2026-03-10T19:49:27.608+05:30 DEBUG 34000 --- [http-nio-8080-exec-3] o.r.r.controller.BusinessController      : Recording impression for post: 66
2026-03-10T19:49:27.609+05:30 DEBUG 34000 --- [http-nio-8080-exec-7] o.r.revconnect.service.BusinessService   : Recording view for post: 69
2026-03-10T19:49:27.609+05:30  INFO 34000 --- [http-nio-8080-exec-5] o.r.r.controller.BookmarkController      : Check bookmark status for post ID: 69
2026-03-10T19:49:27.612+05:30 DEBUG 34000 --- [http-nio-8080-exec-3] o.r.revconnect.service.BusinessService   : Recording impression for post: 66
2026-03-10T19:49:27.635+05:30 DEBUG 34000 --- [http-nio-8080-exec-4] o.s.security.web.FilterChainProxy        : Securing GET /api/posts/66/liked
2026-03-10T19:49:27.641+05:30 DEBUG 34000 --- [http-nio-8080-exec-4] o.r.r.service.CustomUserDetailsService   : Loading user by username or email: user1
2026-03-10T19:49:27.655+05:30 DEBUG 34000 --- [http-nio-8080-exec-6] o.s.security.web.FilterChainProxy        : Securing GET /api/bookmarks/posts/66/status
2026-03-10T19:49:27.657+05:30 DEBUG 34000 --- [http-nio-8080-exec-6] o.r.r.service.CustomUserDetailsService   : Loading user by username or email: user1
2026-03-10T19:49:27.664+05:30 DEBUG 34000 --- [http-nio-8080-exec-4] o.s.security.web.FilterChainProxy        : Secured GET /api/posts/66/liked
2026-03-10T19:49:27.666+05:30  INFO 34000 --- [http-nio-8080-exec-4] o.r.r.controller.InteractionController   : Check like status for post ID: 66
2026-03-10T19:49:27.681+05:30 DEBUG 34000 --- [http-nio-8080-exec-6] o.s.security.web.FilterChainProxy        : Secured GET /api/bookmarks/posts/66/status
2026-03-10T19:49:27.682+05:30 DEBUG 34000 --- [http-nio-8080-exec-10] o.s.security.web.FilterChainProxy        : Securing POST /api/business/posts/66/view
2026-03-10T19:49:27.682+05:30  INFO 34000 --- [http-nio-8080-exec-6] o.r.r.controller.BookmarkController      : Check bookmark status for post ID: 66
2026-03-10T19:49:27.686+05:30 DEBUG 34000 --- [http-nio-8080-exec-10] o.r.r.service.CustomUserDetailsService   : Loading user by username or email: user1
2026-03-10T19:49:27.689+05:30 DEBUG 34000 --- [http-nio-8080-exec-1] o.s.security.web.FilterChainProxy        : Securing GET /uploads/media/1/generic/b4ba7ced-9876-4b70-a8d5-b6e7606b50ca.png
2026-03-10T19:49:27.692+05:30 DEBUG 34000 --- [http-nio-8080-exec-1] o.s.s.w.a.AnonymousAuthenticationFilter  : Set SecurityContextHolder to anonymous SecurityContext
2026-03-10T19:49:27.692+05:30 DEBUG 34000 --- [http-nio-8080-exec-1] o.s.security.web.FilterChainProxy        : Secured GET /uploads/media/1/generic/b4ba7ced-9876-4b70-a8d5-b6e7606b50ca.png
2026-03-10T19:49:27.694+05:30 DEBUG 34000 --- [http-nio-8080-exec-8] o.s.security.web.FilterChainProxy        : Securing GET /uploads/media/1/profile/399af8b4-7629-4b96-b1a0-e2779793a067.jpg
2026-03-10T19:49:27.695+05:30 DEBUG 34000 --- [http-nio-8080-exec-8] o.s.s.w.a.AnonymousAuthenticationFilter  : Set SecurityContextHolder to anonymous SecurityContext
2026-03-10T19:49:27.696+05:30 DEBUG 34000 --- [http-nio-8080-exec-8] o.s.security.web.FilterChainProxy        : Secured GET /uploads/media/1/profile/399af8b4-7629-4b96-b1a0-e2779793a067.jpg
2026-03-10T19:49:27.705+05:30 DEBUG 34000 --- [http-nio-8080-exec-10] o.s.security.web.FilterChainProxy        : Secured POST /api/business/posts/66/view
2026-03-10T19:49:27.705+05:30  WARN 34000 --- [http-nio-8080-exec-8] .m.m.a.ExceptionHandlerExceptionResolver : Resolved [org.springframework.web.servlet.resource.NoResourceFoundException: No static resource media/1/profile/399af8b4-7629-4b96-b1a0-e2779793a067.jpg.]
2026-03-10T19:49:27.709+05:30 DEBUG 34000 --- [http-nio-8080-exec-10] o.r.r.controller.BusinessController      : Recording view for post: 66
2026-03-10T19:49:27.711+05:30 DEBUG 34000 --- [http-nio-8080-exec-10] o.r.revconnect.service.BusinessService   : Recording view for post: 66
2026-03-10T19:49:27.745+05:30 DEBUG 34000 --- [http-nio-8080-exec-2] o.s.security.web.FilterChainProxy        : Securing GET /uploads/media/4/profile/1a12ec78-6437-4714-a3b0-c9cbde62ccd7.jpg
2026-03-10T19:49:27.745+05:30 DEBUG 34000 --- [http-nio-8080-exec-9] o.s.security.web.FilterChainProxy        : Securing GET /uploads/media/4/generic/afba8f70-b62a-4091-aed6-fae68bce0a65.jpg
2026-03-10T19:49:27.746+05:30 DEBUG 34000 --- [http-nio-8080-exec-2] o.s.s.w.a.AnonymousAuthenticationFilter  : Set SecurityContextHolder to anonymous SecurityContext
2026-03-10T19:49:27.746+05:30 DEBUG 34000 --- [http-nio-8080-exec-9] o.s.s.w.a.AnonymousAuthenticationFilter  : Set SecurityContextHolder to anonymous SecurityContext
2026-03-10T19:49:27.747+05:30 DEBUG 34000 --- [http-nio-8080-exec-2] o.s.security.web.FilterChainProxy        : Secured GET /uploads/media/4/profile/1a12ec78-6437-4714-a3b0-c9cbde62ccd7.jpg
2026-03-10T19:49:27.747+05:30 DEBUG 34000 --- [http-nio-8080-exec-9] o.s.security.web.FilterChainProxy        : Secured GET /uploads/media/4/generic/afba8f70-b62a-4091-aed6-fae68bce0a65.jpg
2026-03-10T19:49:27.755+05:30  WARN 34000 --- [http-nio-8080-exec-9] .m.m.a.ExceptionHandlerExceptionResolver : Resolved [org.springframework.web.servlet.resource.NoResourceFoundException: No static resource media/4/generic/afba8f70-b62a-4091-aed6-fae68bce0a65.jpg.]
2026-03-10T19:49:27.755+05:30  WARN 34000 --- [http-nio-8080-exec-2] .m.m.a.ExceptionHandlerExceptionResolver : Resolved [org.springframework.web.servlet.resource.NoResourceFoundException: No static resource media/4/profile/1a12ec78-6437-4714-a3b0-c9cbde62ccd7.jpg.]
2026-03-10T19:49:27.774+05:30 DEBUG 34000 --- [http-nio-8080-exec-7] o.s.security.web.FilterChainProxy        : Securing GET /uploads/media/1/generic/7fde1b47-8060-46da-9571-91aafb55d03d.jpg
2026-03-10T19:49:27.774+05:30 DEBUG 34000 --- [http-nio-8080-exec-3] o.s.security.web.FilterChainProxy        : Securing GET /uploads/media/4/generic/ea0f2604-2300-4567-b0df-24461f5dc2be.jpg
2026-03-10T19:49:27.775+05:30 DEBUG 34000 --- [http-nio-8080-exec-7] o.s.s.w.a.AnonymousAuthenticationFilter  : Set SecurityContextHolder to anonymous SecurityContext
2026-03-10T19:49:27.775+05:30 DEBUG 34000 --- [http-nio-8080-exec-3] o.s.s.w.a.AnonymousAuthenticationFilter  : Set SecurityContextHolder to anonymous SecurityContext
2026-03-10T19:49:27.775+05:30 DEBUG 34000 --- [http-nio-8080-exec-7] o.s.security.web.FilterChainProxy        : Secured GET /uploads/media/1/generic/7fde1b47-8060-46da-9571-91aafb55d03d.jpg
2026-03-10T19:49:27.776+05:30 DEBUG 34000 --- [http-nio-8080-exec-3] o.s.security.web.FilterChainProxy        : Secured GET /uploads/media/4/generic/ea0f2604-2300-4567-b0df-24461f5dc2be.jpg
2026-03-10T19:49:27.781+05:30  WARN 34000 --- [http-nio-8080-exec-3] .m.m.a.ExceptionHandlerExceptionResolver : Resolved [org.springframework.web.servlet.resource.NoResourceFoundException: No static resource media/4/generic/ea0f2604-2300-4567-b0df-24461f5dc2be.jpg.]
2026-03-10T19:49:27.781+05:30  WARN 34000 --- [http-nio-8080-exec-7] .m.m.a.ExceptionHandlerExceptionResolver : Resolved [org.springframework.web.servlet.resource.NoResourceFoundException: No static resource media/1/generic/7fde1b47-8060-46da-9571-91aafb55d03d.jpg.]
2026-03-10T19:49:27.791+05:30 DEBUG 34000 --- [http-nio-8080-exec-5] o.s.security.web.FilterChainProxy        : Securing GET /uploads/media/1/generic/0566907f-e3e4-4d66-9b90-efebf8aa1a77.jpg
2026-03-10T19:49:27.792+05:30 DEBUG 34000 --- [http-nio-8080-exec-5] o.s.s.w.a.AnonymousAuthenticationFilter  : Set SecurityContextHolder to anonymous SecurityContext
2026-03-10T19:49:27.793+05:30 DEBUG 34000 --- [http-nio-8080-exec-5] o.s.security.web.FilterChainProxy        : Secured GET /uploads/media/1/generic/0566907f-e3e4-4d66-9b90-efebf8aa1a77.jpg
2026-03-10T19:49:27.798+05:30  WARN 34000 --- [http-nio-8080-exec-5] .m.m.a.ExceptionHandlerExceptionResolver : Resolved [org.springframework.web.servlet.resource.NoResourceFoundException: No static resource media/1/generic/0566907f-e3e4-4d66-9b90-efebf8aa1a77.jpg.]
2026-03-10T19:49:27.822+05:30 DEBUG 34000 --- [http-nio-8080-exec-8] o.s.security.web.FilterChainProxy        : Securing GET /uploads/media/11/generic/e7feafd5-9318-4c78-b84a-1eea8175cca3.jpg
2026-03-10T19:49:27.822+05:30 DEBUG 34000 --- [http-nio-8080-exec-4] o.s.security.web.FilterChainProxy        : Securing GET /uploads/media/1/generic/66efcb11-e753-40ca-8db2-72d7eb62ea46.jpg
2026-03-10T19:49:27.822+05:30 DEBUG 34000 --- [http-nio-8080-exec-1] o.s.security.web.FilterChainProxy        : Securing GET /uploads/media/11/profile/a98ad951-1fa6-4b6c-84cf-fd97d589c8ea.jpg
2026-03-10T19:49:27.823+05:30 DEBUG 34000 --- [http-nio-8080-exec-8] o.s.s.w.a.AnonymousAuthenticationFilter  : Set SecurityContextHolder to anonymous SecurityContext
2026-03-10T19:49:27.823+05:30 DEBUG 34000 --- [http-nio-8080-exec-1] o.s.s.w.a.AnonymousAuthenticationFilter  : Set SecurityContextHolder to anonymous SecurityContext
2026-03-10T19:49:27.823+05:30 DEBUG 34000 --- [http-nio-8080-exec-4] o.s.s.w.a.AnonymousAuthenticationFilter  : Set SecurityContextHolder to anonymous SecurityContext
2026-03-10T19:49:27.823+05:30 DEBUG 34000 --- [http-nio-8080-exec-8] o.s.security.web.FilterChainProxy        : Secured GET /uploads/media/11/generic/e7feafd5-9318-4c78-b84a-1eea8175cca3.jpg
2026-03-10T19:49:27.823+05:30 DEBUG 34000 --- [http-nio-8080-exec-1] o.s.security.web.FilterChainProxy        : Secured GET /uploads/media/11/profile/a98ad951-1fa6-4b6c-84cf-fd97d589c8ea.jpg
2026-03-10T19:49:27.823+05:30 DEBUG 34000 --- [http-nio-8080-exec-4] o.s.security.web.FilterChainProxy        : Secured GET /uploads/media/1/generic/66efcb11-e753-40ca-8db2-72d7eb62ea46.jpg
2026-03-10T19:49:27.827+05:30  WARN 34000 --- [http-nio-8080-exec-4] .m.m.a.ExceptionHandlerExceptionResolver : Resolved [org.springframework.web.servlet.resource.NoResourceFoundException: No static resource media/1/generic/66efcb11-e753-40ca-8db2-72d7eb62ea46.jpg.]
2026-03-10T19:49:27.827+05:30  WARN 34000 --- [http-nio-8080-exec-8] .m.m.a.ExceptionHandlerExceptionResolver : Resolved [org.springframework.web.servlet.resource.NoResourceFoundException: No static resource media/11/generic/e7feafd5-9318-4c78-b84a-1eea8175cca3.jpg.]
2026-03-10T19:49:27.827+05:30  WARN 34000 --- [http-nio-8080-exec-1] .m.m.a.ExceptionHandlerExceptionResolver : Resolved [org.springframework.web.servlet.resource.NoResourceFoundException: No static resource media/11/profile/a98ad951-1fa6-4b6c-84cf-fd97d589c8ea.jpg.]
2026-03-10T19:49:27.832+05:30 DEBUG 34000 --- [http-nio-8080-exec-6] o.s.security.web.FilterChainProxy        : Securing GET /uploads/media/4/video/e5b4263b-b2b4-45bd-8671-d1b46b1a6348.mp4
2026-03-10T19:49:27.832+05:30 DEBUG 34000 --- [http-nio-8080-exec-10] o.s.security.web.FilterChainProxy        : Securing GET /uploads/media/1/video/99f88e69-e838-4464-8561-a62b7544a441.mp4
2026-03-10T19:49:27.832+05:30 DEBUG 34000 --- [http-nio-8080-exec-6] o.s.s.w.a.AnonymousAuthenticationFilter  : Set SecurityContextHolder to anonymous SecurityContext
2026-03-10T19:49:27.834+05:30 DEBUG 34000 --- [http-nio-8080-exec-6] o.s.security.web.FilterChainProxy        : Secured GET /uploads/media/4/video/e5b4263b-b2b4-45bd-8671-d1b46b1a6348.mp4
2026-03-10T19:49:27.834+05:30 DEBUG 34000 --- [http-nio-8080-exec-10] o.s.s.w.a.AnonymousAuthenticationFilter  : Set SecurityContextHolder to anonymous SecurityContext
2026-03-10T19:49:27.836+05:30 DEBUG 34000 --- [http-nio-8080-exec-10] o.s.security.web.FilterChainProxy        : Secured GET /uploads/media/1/video/99f88e69-e838-4464-8561-a62b7544a441.mp4
2026-03-10T19:49:27.841+05:30  WARN 34000 --- [http-nio-8080-exec-6] .m.m.a.ExceptionHandlerExceptionResolver : Resolved [org.springframework.web.servlet.resource.NoResourceFoundException: No static resource media/4/video/e5b4263b-b2b4-45bd-8671-d1b46b1a6348.mp4.]
2026-03-10T19:49:27.841+05:30  WARN 34000 --- [http-nio-8080-exec-10] .m.m.a.ExceptionHandlerExceptionResolver : Resolved [org.springframework.web.servlet.resource.NoResourceFoundException: No static resource media/1/video/99f88e69-e838-4464-8561-a62b7544a441.mp4.]
2026-03-10T19:49:27.846+05:30 DEBUG 34000 --- [http-nio-8080-exec-9] o.s.security.web.FilterChainProxy        : Securing GET /uploads/media/4/video/e856b82e-d555-4135-a76a-920f9532f5ff.mp4
2026-03-10T19:49:27.846+05:30 DEBUG 34000 --- [http-nio-8080-exec-9] o.s.s.w.a.AnonymousAuthenticationFilter  : Set SecurityContextHolder to anonymous SecurityContext
2026-03-10T19:49:27.847+05:30 DEBUG 34000 --- [http-nio-8080-exec-9] o.s.security.web.FilterChainProxy        : Secured GET /uploads/media/4/video/e856b82e-d555-4135-a76a-920f9532f5ff.mp4
2026-03-10T19:49:27.853+05:30  WARN 34000 --- [http-nio-8080-exec-9] .m.m.a.ExceptionHandlerExceptionResolver : Resolved [org.springframework.web.servlet.resource.NoResourceFoundException: No static resource media/4/video/e856b82e-d555-4135-a76a-920f9532f5ff.mp4.]
2026-03-10T19:50:12.630+05:30 DEBUG 34000 --- [http-nio-8080-exec-2] o.s.security.web.FilterChainProxy        : Securing POST /api/auth/register
2026-03-10T19:50:12.631+05:30 DEBUG 34000 --- [http-nio-8080-exec-2] o.s.s.w.a.AnonymousAuthenticationFilter  : Set SecurityContextHolder to anonymous SecurityContext
2026-03-10T19:50:12.631+05:30 DEBUG 34000 --- [http-nio-8080-exec-2] o.s.security.web.FilterChainProxy        : Secured POST /api/auth/register
2026-03-10T19:50:12.768+05:30  INFO 34000 --- [http-nio-8080-exec-2] o.r.r.controller.AuthController          : Registration request received for username: ramu
2026-03-10T19:50:12.775+05:30  INFO 34000 --- [http-nio-8080-exec-2] o.r.revconnect.service.AuthService       : Registering new user with username: ramu
2026-03-10T19:50:13.390+05:30  INFO 34000 --- [http-nio-8080-exec-2] o.r.revconnect.service.AuthService       : User registered successfully with ID: 23
2026-03-10T19:50:13.430+05:30  INFO 34000 --- [http-nio-8080-exec-2] o.r.r.controller.AuthController          : User registered successfully: ramu
2026-03-10T19:50:24.605+05:30 DEBUG 34000 --- [http-nio-8080-exec-7] o.s.security.web.FilterChainProxy        : Securing POST /api/auth/login
2026-03-10T19:50:24.606+05:30 DEBUG 34000 --- [http-nio-8080-exec-7] o.s.s.w.a.AnonymousAuthenticationFilter  : Set SecurityContextHolder to anonymous SecurityContext
2026-03-10T19:50:24.606+05:30 DEBUG 34000 --- [http-nio-8080-exec-7] o.s.security.web.FilterChainProxy        : Secured POST /api/auth/login
2026-03-10T19:50:24.609+05:30  INFO 34000 --- [http-nio-8080-exec-7] o.r.r.controller.AuthController          : Login attempt for: ramu
2026-03-10T19:50:24.610+05:30  INFO 34000 --- [http-nio-8080-exec-7] o.r.revconnect.service.AuthService       : Attempting login for user: ramu
2026-03-10T19:50:24.610+05:30 DEBUG 34000 --- [http-nio-8080-exec-7] o.r.r.service.CustomUserDetailsService   : Loading user by username or email: ramu
2026-03-10T19:50:24.972+05:30 DEBUG 34000 --- [http-nio-8080-exec-7] o.s.s.a.dao.DaoAuthenticationProvider    : Authenticated user
2026-03-10T19:50:24.973+05:30  INFO 34000 --- [http-nio-8080-exec-7] o.r.revconnect.service.AuthService       : User logged in successfully: ramu
2026-03-10T19:50:24.973+05:30  INFO 34000 --- [http-nio-8080-exec-7] o.r.r.controller.AuthController          : Login successful for user: ramu
2026-03-10T19:50:25.113+05:30 DEBUG 34000 --- [http-nio-8080-exec-3] o.s.security.web.FilterChainProxy        : Securing GET /api/users/me
2026-03-10T19:50:25.114+05:30 DEBUG 34000 --- [http-nio-8080-exec-5] o.s.security.web.FilterChainProxy        : Securing GET /api/messages/unread/count
2026-03-10T19:50:25.114+05:30 DEBUG 34000 --- [http-nio-8080-exec-4] o.s.security.web.FilterChainProxy        : Securing GET /api/notifications/count
2026-03-10T19:50:25.116+05:30 DEBUG 34000 --- [http-nio-8080-exec-4] o.r.r.service.CustomUserDetailsService   : Loading user by username or email: ramu
2026-03-10T19:50:25.116+05:30 DEBUG 34000 --- [http-nio-8080-exec-3] o.r.r.service.CustomUserDetailsService   : Loading user by username or email: ramu
2026-03-10T19:50:25.116+05:30 DEBUG 34000 --- [http-nio-8080-exec-5] o.r.r.service.CustomUserDetailsService   : Loading user by username or email: ramu
2026-03-10T19:50:25.116+05:30 DEBUG 34000 --- [http-nio-8080-exec-1] o.s.security.web.FilterChainProxy        : Securing GET /api/stories/feed
2026-03-10T19:50:25.118+05:30 DEBUG 34000 --- [http-nio-8080-exec-1] o.r.r.service.CustomUserDetailsService   : Loading user by username or email: ramu
2026-03-10T19:50:25.131+05:30 DEBUG 34000 --- [http-nio-8080-exec-4] o.s.security.web.FilterChainProxy        : Secured GET /api/notifications/count
2026-03-10T19:50:25.132+05:30 DEBUG 34000 --- [http-nio-8080-exec-5] o.s.security.web.FilterChainProxy        : Secured GET /api/messages/unread/count
2026-03-10T19:50:25.132+05:30  INFO 34000 --- [http-nio-8080-exec-4] o.r.r.controller.NotificationController  : Get unread count request
2026-03-10T19:50:25.134+05:30  INFO 34000 --- [http-nio-8080-exec-5] o.r.r.controller.MessageController       : Getting unread message count
2026-03-10T19:50:25.134+05:30 DEBUG 34000 --- [http-nio-8080-exec-3] o.s.security.web.FilterChainProxy        : Secured GET /api/users/me
2026-03-10T19:50:25.135+05:30 DEBUG 34000 --- [http-nio-8080-exec-1] o.s.security.web.FilterChainProxy        : Secured GET /api/stories/feed
2026-03-10T19:50:25.135+05:30  INFO 34000 --- [http-nio-8080-exec-3] o.r.r.controller.UserController          : Request to get current user profile
2026-03-10T19:50:25.135+05:30  INFO 34000 --- [http-nio-8080-exec-3] o.r.revconnect.service.UserService       : Fetching profile for user: ramu
2026-03-10T19:50:25.135+05:30 DEBUG 34000 --- [http-nio-8080-exec-3] o.r.r.controller.UserController          : Profile retrieved for user: ramu
2026-03-10T19:50:25.135+05:30  INFO 34000 --- [http-nio-8080-exec-1] o.r.r.controller.StoryController         : Getting stories feed
2026-03-10T19:50:25.137+05:30  INFO 34000 --- [http-nio-8080-exec-4] o.r.r.service.NotificationService        : User ramu has 0 unread notifications
2026-03-10T19:50:25.147+05:30  INFO 34000 --- [http-nio-8080-exec-1] o.r.revconnect.service.StoryService      : Fetching stories feed for 0 users
2026-03-10T19:50:25.148+05:30 DEBUG 34000 --- [http-nio-8080-exec-8] o.s.security.web.FilterChainProxy        : Securing GET /api/users/me
2026-03-10T19:50:25.150+05:30 DEBUG 34000 --- [http-nio-8080-exec-8] o.r.r.service.CustomUserDetailsService   : Loading user by username or email: ramu
2026-03-10T19:50:25.162+05:30 DEBUG 34000 --- [http-nio-8080-exec-6] o.s.security.web.FilterChainProxy        : Securing GET /api/posts/feed/personalized?page=0&size=10
2026-03-10T19:50:25.163+05:30 DEBUG 34000 --- [http-nio-8080-exec-10] o.s.security.web.FilterChainProxy        : Securing GET /api/search/trending
2026-03-10T19:50:25.164+05:30 DEBUG 34000 --- [http-nio-8080-exec-10] o.r.r.service.CustomUserDetailsService   : Loading user by username or email: ramu
2026-03-10T19:50:25.164+05:30 DEBUG 34000 --- [http-nio-8080-exec-6] o.r.r.service.CustomUserDetailsService   : Loading user by username or email: ramu
2026-03-10T19:50:25.165+05:30 DEBUG 34000 --- [http-nio-8080-exec-8] o.s.security.web.FilterChainProxy        : Secured GET /api/users/me
2026-03-10T19:50:25.165+05:30 DEBUG 34000 --- [http-nio-8080-exec-9] o.s.security.web.FilterChainProxy        : Securing GET /api/notifications/count
2026-03-10T19:50:25.167+05:30  INFO 34000 --- [http-nio-8080-exec-8] o.r.r.controller.UserController          : Request to get current user profile
2026-03-10T19:50:25.167+05:30  INFO 34000 --- [http-nio-8080-exec-8] o.r.revconnect.service.UserService       : Fetching profile for user: ramu
2026-03-10T19:50:25.167+05:30 DEBUG 34000 --- [http-nio-8080-exec-9] o.r.r.service.CustomUserDetailsService   : Loading user by username or email: ramu
2026-03-10T19:50:25.168+05:30 DEBUG 34000 --- [http-nio-8080-exec-8] o.r.r.controller.UserController          : Profile retrieved for user: ramu
2026-03-10T19:50:25.177+05:30 DEBUG 34000 --- [http-nio-8080-exec-2] o.s.security.web.FilterChainProxy        : Securing GET /api/stories
2026-03-10T19:50:25.179+05:30 DEBUG 34000 --- [http-nio-8080-exec-2] o.r.r.service.CustomUserDetailsService   : Loading user by username or email: ramu
2026-03-10T19:50:25.180+05:30 DEBUG 34000 --- [http-nio-8080-exec-6] o.s.security.web.FilterChainProxy        : Secured GET /api/posts/feed/personalized?page=0&size=10
2026-03-10T19:50:25.180+05:30 DEBUG 34000 --- [http-nio-8080-exec-10] o.s.security.web.FilterChainProxy        : Secured GET /api/search/trending
2026-03-10T19:50:25.181+05:30  INFO 34000 --- [http-nio-8080-exec-10] o.r.r.controller.SearchController        : Getting trending searches
2026-03-10T19:50:25.181+05:30  INFO 34000 --- [http-nio-8080-exec-10] o.r.revconnect.service.HashtagService    : Fetching top 10 trending hashtags
2026-03-10T19:50:25.182+05:30  INFO 34000 --- [http-nio-8080-exec-6] o.r.r.controller.PostController          : Get personalized feed request - page: 0, size: 10
2026-03-10T19:50:25.183+05:30 DEBUG 34000 --- [http-nio-8080-exec-9] o.s.security.web.FilterChainProxy        : Secured GET /api/notifications/count
2026-03-10T19:50:25.185+05:30  INFO 34000 --- [http-nio-8080-exec-9] o.r.r.controller.NotificationController  : Get unread count request
2026-03-10T19:50:25.192+05:30  INFO 34000 --- [http-nio-8080-exec-9] o.r.r.service.NotificationService        : User ramu has 0 unread notifications
2026-03-10T19:50:25.194+05:30 DEBUG 34000 --- [http-nio-8080-exec-7] o.s.security.web.FilterChainProxy        : Securing GET /api/users/me
2026-03-10T19:50:25.196+05:30 DEBUG 34000 --- [http-nio-8080-exec-7] o.r.r.service.CustomUserDetailsService   : Loading user by username or email: ramu
2026-03-10T19:50:25.198+05:30 DEBUG 34000 --- [http-nio-8080-exec-2] o.s.security.web.FilterChainProxy        : Secured GET /api/stories
2026-03-10T19:50:25.200+05:30  INFO 34000 --- [http-nio-8080-exec-2] o.r.r.controller.StoryController         : Getting my stories
2026-03-10T19:50:25.200+05:30  INFO 34000 --- [http-nio-8080-exec-2] o.r.revconnect.service.StoryService      : Fetching active stories for user: ramu
2026-03-10T19:50:25.213+05:30 DEBUG 34000 --- [http-nio-8080-exec-7] o.s.security.web.FilterChainProxy        : Secured GET /api/users/me
2026-03-10T19:50:25.214+05:30  INFO 34000 --- [http-nio-8080-exec-7] o.r.r.controller.UserController          : Request to get current user profile
2026-03-10T19:50:25.214+05:30  INFO 34000 --- [http-nio-8080-exec-7] o.r.revconnect.service.UserService       : Fetching profile for user: ramu
2026-03-10T19:50:25.215+05:30 DEBUG 34000 --- [http-nio-8080-exec-7] o.r.r.controller.UserController          : Profile retrieved for user: ramu
2026-03-10T19:50:25.231+05:30 DEBUG 34000 --- [http-nio-8080-exec-3] o.s.security.web.FilterChainProxy        : Securing GET /api/users/me
2026-03-10T19:50:25.232+05:30 DEBUG 34000 --- [http-nio-8080-exec-3] o.r.r.service.CustomUserDetailsService   : Loading user by username or email: ramu
2026-03-10T19:50:25.244+05:30 DEBUG 34000 --- [http-nio-8080-exec-3] o.s.security.web.FilterChainProxy        : Secured GET /api/users/me
2026-03-10T19:50:25.245+05:30  INFO 34000 --- [http-nio-8080-exec-3] o.r.r.controller.UserController          : Request to get current user profile
2026-03-10T19:50:25.245+05:30  INFO 34000 --- [http-nio-8080-exec-3] o.r.revconnect.service.UserService       : Fetching profile for user: ramu
2026-03-10T19:50:25.247+05:30 DEBUG 34000 --- [http-nio-8080-exec-3] o.r.r.controller.UserController          : Profile retrieved for user: ramu
2026-03-10T19:50:32.188+05:30 DEBUG 34000 --- [http-nio-8080-exec-4] o.s.security.web.FilterChainProxy        : Securing GET /api/users/suggested?page=0&size=5
2026-03-10T19:50:32.193+05:30 DEBUG 34000 --- [http-nio-8080-exec-4] o.r.r.service.CustomUserDetailsService   : Loading user by username or email: ramu
2026-03-10T19:50:32.198+05:30 DEBUG 34000 --- [http-nio-8080-exec-5] o.s.security.web.FilterChainProxy        : Securing GET /api/users/me
2026-03-10T19:50:32.200+05:30 DEBUG 34000 --- [http-nio-8080-exec-5] o.r.r.service.CustomUserDetailsService   : Loading user by username or email: ramu
2026-03-10T19:50:32.215+05:30 DEBUG 34000 --- [http-nio-8080-exec-1] o.s.security.web.FilterChainProxy        : Securing GET /api/messages/unread/count
2026-03-10T19:50:32.217+05:30 DEBUG 34000 --- [http-nio-8080-exec-1] o.r.r.service.CustomUserDetailsService   : Loading user by username or email: ramu
2026-03-10T19:50:32.217+05:30 DEBUG 34000 --- [http-nio-8080-exec-8] o.s.security.web.FilterChainProxy        : Securing GET /api/notifications/count
2026-03-10T19:50:32.220+05:30 DEBUG 34000 --- [http-nio-8080-exec-8] o.r.r.service.CustomUserDetailsService   : Loading user by username or email: ramu
2026-03-10T19:50:32.224+05:30 DEBUG 34000 --- [http-nio-8080-exec-4] o.s.security.web.FilterChainProxy        : Secured GET /api/users/suggested?page=0&size=5
2026-03-10T19:50:32.227+05:30  INFO 34000 --- [http-nio-8080-exec-4] o.r.r.controller.UserController          : Request to get suggested users - page: 0, size: 5
2026-03-10T19:50:32.227+05:30  INFO 34000 --- [http-nio-8080-exec-4] o.r.revconnect.service.UserService       : Getting suggested users for: ramu
2026-03-10T19:50:32.231+05:30 DEBUG 34000 --- [http-nio-8080-exec-5] o.s.security.web.FilterChainProxy        : Secured GET /api/users/me
2026-03-10T19:50:32.232+05:30  INFO 34000 --- [http-nio-8080-exec-5] o.r.r.controller.UserController          : Request to get current user profile
2026-03-10T19:50:32.233+05:30  INFO 34000 --- [http-nio-8080-exec-5] o.r.revconnect.service.UserService       : Fetching profile for user: ramu
2026-03-10T19:50:32.233+05:30 DEBUG 34000 --- [http-nio-8080-exec-5] o.r.r.controller.UserController          : Profile retrieved for user: ramu
2026-03-10T19:50:32.233+05:30 DEBUG 34000 --- [http-nio-8080-exec-1] o.s.security.web.FilterChainProxy        : Secured GET /api/messages/unread/count
2026-03-10T19:50:32.235+05:30  INFO 34000 --- [http-nio-8080-exec-1] o.r.r.controller.MessageController       : Getting unread message count
2026-03-10T19:50:32.237+05:30 DEBUG 34000 --- [http-nio-8080-exec-8] o.s.security.web.FilterChainProxy        : Secured GET /api/notifications/count
2026-03-10T19:50:32.239+05:30  INFO 34000 --- [http-nio-8080-exec-8] o.r.r.controller.NotificationController  : Get unread count request
2026-03-10T19:50:32.244+05:30  INFO 34000 --- [http-nio-8080-exec-8] o.r.r.service.NotificationService        : User ramu has 0 unread notifications
2026-03-10T19:50:32.260+05:30 DEBUG 34000 --- [http-nio-8080-exec-10] o.s.security.web.FilterChainProxy        : Securing GET /api/users/me
2026-03-10T19:50:32.261+05:30 DEBUG 34000 --- [http-nio-8080-exec-10] o.r.r.service.CustomUserDetailsService   : Loading user by username or email: ramu
2026-03-10T19:50:32.273+05:30 DEBUG 34000 --- [http-nio-8080-exec-9] o.s.security.web.FilterChainProxy        : Securing GET /api/posts/me?page=0&size=20
2026-03-10T19:50:32.274+05:30 DEBUG 34000 --- [http-nio-8080-exec-6] o.s.security.web.FilterChainProxy        : Securing GET /api/notifications/count
2026-03-10T19:50:32.275+05:30 DEBUG 34000 --- [http-nio-8080-exec-9] o.r.r.service.CustomUserDetailsService   : Loading user by username or email: ramu
2026-03-10T19:50:32.275+05:30 DEBUG 34000 --- [http-nio-8080-exec-2] o.s.security.web.FilterChainProxy        : Securing GET /api/users/23/connection-stats
2026-03-10T19:50:32.276+05:30 DEBUG 34000 --- [http-nio-8080-exec-7] o.s.security.web.FilterChainProxy        : Securing GET /api/connections/pending?page=0&size=50
2026-03-10T19:50:32.276+05:30 DEBUG 34000 --- [http-nio-8080-exec-10] o.s.security.web.FilterChainProxy        : Secured GET /api/users/me
2026-03-10T19:50:32.276+05:30 DEBUG 34000 --- [http-nio-8080-exec-6] o.r.r.service.CustomUserDetailsService   : Loading user by username or email: ramu
2026-03-10T19:50:32.276+05:30 DEBUG 34000 --- [http-nio-8080-exec-2] o.r.r.service.CustomUserDetailsService   : Loading user by username or email: ramu
2026-03-10T19:50:32.277+05:30  INFO 34000 --- [http-nio-8080-exec-10] o.r.r.controller.UserController          : Request to get current user profile
2026-03-10T19:50:32.277+05:30  INFO 34000 --- [http-nio-8080-exec-10] o.r.revconnect.service.UserService       : Fetching profile for user: ramu
2026-03-10T19:50:32.277+05:30 DEBUG 34000 --- [http-nio-8080-exec-10] o.r.r.controller.UserController          : Profile retrieved for user: ramu
2026-03-10T19:50:32.277+05:30 DEBUG 34000 --- [http-nio-8080-exec-7] o.r.r.service.CustomUserDetailsService   : Loading user by username or email: ramu
2026-03-10T19:50:32.288+05:30 DEBUG 34000 --- [http-nio-8080-exec-2] o.s.security.web.FilterChainProxy        : Secured GET /api/users/23/connection-stats
2026-03-10T19:50:32.288+05:30 DEBUG 34000 --- [http-nio-8080-exec-6] o.s.security.web.FilterChainProxy        : Secured GET /api/notifications/count
2026-03-10T19:50:32.288+05:30 DEBUG 34000 --- [http-nio-8080-exec-9] o.s.security.web.FilterChainProxy        : Secured GET /api/posts/me?page=0&size=20
2026-03-10T19:50:32.289+05:30  INFO 34000 --- [http-nio-8080-exec-6] o.r.r.controller.NotificationController  : Get unread count request
2026-03-10T19:50:32.290+05:30 DEBUG 34000 --- [http-nio-8080-exec-7] o.s.security.web.FilterChainProxy        : Secured GET /api/connections/pending?page=0&size=50
2026-03-10T19:50:32.291+05:30  INFO 34000 --- [http-nio-8080-exec-9] o.r.r.controller.PostController          : Get my posts request - page: 0, size: 20
2026-03-10T19:50:32.291+05:30  INFO 34000 --- [http-nio-8080-exec-2] o.r.r.controller.ConnectionController    : Get connection stats request for user ID: 23
2026-03-10T19:50:32.291+05:30  INFO 34000 --- [http-nio-8080-exec-9] o.r.revconnect.service.PostService       : Fetching posts for user: ramu
2026-03-10T19:50:32.291+05:30  INFO 34000 --- [http-nio-8080-exec-7] o.r.r.controller.ConnectionController    : Get pending connection requests
2026-03-10T19:50:32.292+05:30  INFO 34000 --- [http-nio-8080-exec-2] o.r.r.service.ConnectionService          : Fetching connection stats for user ID: 23
2026-03-10T19:50:32.292+05:30  INFO 34000 --- [http-nio-8080-exec-7] o.r.r.service.ConnectionService          : Fetching pending requests for user: ramu
2026-03-10T19:50:32.294+05:30  INFO 34000 --- [http-nio-8080-exec-6] o.r.r.service.NotificationService        : User ramu has 0 unread notifications
2026-03-10T19:50:32.294+05:30 DEBUG 34000 --- [http-nio-8080-exec-3] o.s.security.web.FilterChainProxy        : Securing GET /api/users/me
2026-03-10T19:50:32.295+05:30 DEBUG 34000 --- [http-nio-8080-exec-3] o.r.r.service.CustomUserDetailsService   : Loading user by username or email: ramu
2026-03-10T19:50:32.298+05:30  INFO 34000 --- [http-nio-8080-exec-7] o.r.r.service.ConnectionService          : Found 0 pending requests
2026-03-10T19:50:32.308+05:30 DEBUG 34000 --- [http-nio-8080-exec-3] o.s.security.web.FilterChainProxy        : Secured GET /api/users/me
2026-03-10T19:50:32.310+05:30  INFO 34000 --- [http-nio-8080-exec-3] o.r.r.controller.UserController          : Request to get current user profile
2026-03-10T19:50:32.310+05:30  INFO 34000 --- [http-nio-8080-exec-3] o.r.revconnect.service.UserService       : Fetching profile for user: ramu
2026-03-10T19:50:32.310+05:30 DEBUG 34000 --- [http-nio-8080-exec-3] o.r.r.controller.UserController          : Profile retrieved for user: ramu
2026-03-10T19:50:32.344+05:30  INFO 34000 --- [http-nio-8080-exec-2] o.r.r.service.ConnectionService          : User 23 has 0 followers and 0 following
2026-03-10T19:50:32.366+05:30 DEBUG 34000 --- [http-nio-8080-exec-5] o.s.security.web.FilterChainProxy        : Securing GET /api/connections/pending/sent?page=0&size=50
2026-03-10T19:50:32.368+05:30 DEBUG 34000 --- [http-nio-8080-exec-5] o.r.r.service.CustomUserDetailsService   : Loading user by username or email: ramu
2026-03-10T19:50:32.383+05:30 DEBUG 34000 --- [http-nio-8080-exec-5] o.s.security.web.FilterChainProxy        : Secured GET /api/connections/pending/sent?page=0&size=50
2026-03-10T19:50:40.875+05:30 DEBUG 34000 --- [http-nio-8080-exec-8] o.s.security.web.FilterChainProxy        : Securing POST /api/media/upload/profile-picture
2026-03-10T19:50:40.877+05:30 DEBUG 34000 --- [http-nio-8080-exec-8] o.r.r.service.CustomUserDetailsService   : Loading user by username or email: ramu
2026-03-10T19:50:40.899+05:30 DEBUG 34000 --- [http-nio-8080-exec-8] o.s.security.web.FilterChainProxy        : Secured POST /api/media/upload/profile-picture
2026-03-10T19:50:40.985+05:30  INFO 34000 --- [http-nio-8080-exec-8] o.r.r.controller.MediaController         : Uploading profile picture
2026-03-10T19:50:41.234+05:30 DEBUG 34000 --- [http-nio-8080-exec-1] o.s.security.web.FilterChainProxy        : Securing GET /uploads/media/23/profile/40fce8f4-5a08-4f77-9381-07cae014a01a.png
2026-03-10T19:50:41.235+05:30 DEBUG 34000 --- [http-nio-8080-exec-1] o.s.s.w.a.AnonymousAuthenticationFilter  : Set SecurityContextHolder to anonymous SecurityContext
2026-03-10T19:50:41.235+05:30 DEBUG 34000 --- [http-nio-8080-exec-1] o.s.security.web.FilterChainProxy        : Secured GET /uploads/media/23/profile/40fce8f4-5a08-4f77-9381-07cae014a01a.png
2026-03-10T19:50:51.744+05:30 DEBUG 34000 --- [http-nio-8080-exec-10] o.s.security.web.FilterChainProxy        : Securing POST /api/media/upload/cover-photo
2026-03-10T19:50:51.746+05:30 DEBUG 34000 --- [http-nio-8080-exec-10] o.r.r.service.CustomUserDetailsService   : Loading user by username or email: ramu
2026-03-10T19:50:51.771+05:30 DEBUG 34000 --- [http-nio-8080-exec-10] o.s.security.web.FilterChainProxy        : Secured POST /api/media/upload/cover-photo
2026-03-10T19:50:51.791+05:30  INFO 34000 --- [http-nio-8080-exec-10] o.r.r.controller.MediaController         : Uploading cover photo
2026-03-10T19:50:51.961+05:30 DEBUG 34000 --- [http-nio-8080-exec-4] o.s.security.web.FilterChainProxy        : Securing GET /uploads/media/23/cover/b2267258-cb4f-45ac-b361-5be7c9782ebd.jpeg
2026-03-10T19:50:51.962+05:30 DEBUG 34000 --- [http-nio-8080-exec-4] o.s.s.w.a.AnonymousAuthenticationFilter  : Set SecurityContextHolder to anonymous SecurityContext
2026-03-10T19:50:51.963+05:30 DEBUG 34000 --- [http-nio-8080-exec-4] o.s.security.web.FilterChainProxy        : Secured GET /uploads/media/23/cover/b2267258-cb4f-45ac-b361-5be7c9782ebd.jpeg
2026-03-10T19:50:55.155+05:30 DEBUG 34000 --- [http-nio-8080-exec-6] o.s.security.web.FilterChainProxy        : Securing GET /api/users/me
2026-03-10T19:50:55.155+05:30 DEBUG 34000 --- [http-nio-8080-exec-9] o.s.security.web.FilterChainProxy        : Securing GET /api/messages/unread/count
2026-03-10T19:50:55.157+05:30 DEBUG 34000 --- [http-nio-8080-exec-6] o.r.r.service.CustomUserDetailsService   : Loading user by username or email: ramu
2026-03-10T19:50:55.157+05:30 DEBUG 34000 --- [http-nio-8080-exec-9] o.r.r.service.CustomUserDetailsService   : Loading user by username or email: ramu
2026-03-10T19:50:55.163+05:30 DEBUG 34000 --- [http-nio-8080-exec-7] o.s.security.web.FilterChainProxy        : Securing GET /api/notifications/count
2026-03-10T19:50:55.165+05:30 DEBUG 34000 --- [http-nio-8080-exec-3] o.s.security.web.FilterChainProxy        : Securing GET /api/stories/feed
2026-03-10T19:50:55.166+05:30 DEBUG 34000 --- [http-nio-8080-exec-3] o.r.r.service.CustomUserDetailsService   : Loading user by username or email: ramu
2026-03-10T19:50:55.166+05:30 DEBUG 34000 --- [http-nio-8080-exec-7] o.r.r.service.CustomUserDetailsService   : Loading user by username or email: ramu
2026-03-10T19:50:55.175+05:30 DEBUG 34000 --- [http-nio-8080-exec-9] o.s.security.web.FilterChainProxy        : Secured GET /api/messages/unread/count
2026-03-10T19:50:55.175+05:30 DEBUG 34000 --- [http-nio-8080-exec-6] o.s.security.web.FilterChainProxy        : Secured GET /api/users/me
2026-03-10T19:50:55.177+05:30  INFO 34000 --- [http-nio-8080-exec-9] o.r.r.controller.MessageController       : Getting unread message count
2026-03-10T19:50:55.178+05:30  INFO 34000 --- [http-nio-8080-exec-6] o.r.r.controller.UserController          : Request to get current user profile
2026-03-10T19:50:55.178+05:30  INFO 34000 --- [http-nio-8080-exec-6] o.r.revconnect.service.UserService       : Fetching profile for user: ramu
2026-03-10T19:50:55.179+05:30 DEBUG 34000 --- [http-nio-8080-exec-6] o.r.r.controller.UserController          : Profile retrieved for user: ramu
2026-03-10T19:50:55.184+05:30 DEBUG 34000 --- [http-nio-8080-exec-3] o.s.security.web.FilterChainProxy        : Secured GET /api/stories/feed
2026-03-10T19:50:55.185+05:30 DEBUG 34000 --- [http-nio-8080-exec-7] o.s.security.web.FilterChainProxy        : Secured GET /api/notifications/count
2026-03-10T19:50:55.185+05:30  INFO 34000 --- [http-nio-8080-exec-3] o.r.r.controller.StoryController         : Getting stories feed
2026-03-10T19:50:55.186+05:30  INFO 34000 --- [http-nio-8080-exec-7] o.r.r.controller.NotificationController  : Get unread count request
2026-03-10T19:50:55.193+05:30  INFO 34000 --- [http-nio-8080-exec-7] o.r.r.service.NotificationService        : User ramu has 0 unread notifications
2026-03-10T19:50:55.197+05:30  INFO 34000 --- [http-nio-8080-exec-3] o.r.revconnect.service.StoryService      : Fetching stories feed for 0 users
2026-03-10T19:50:55.201+05:30 DEBUG 34000 --- [http-nio-8080-exec-2] o.s.security.web.FilterChainProxy        : Securing GET /api/users/me
2026-03-10T19:50:55.201+05:30 DEBUG 34000 --- [http-nio-8080-exec-2] o.r.r.service.CustomUserDetailsService   : Loading user by username or email: ramu
2026-03-10T19:50:55.213+05:30 DEBUG 34000 --- [http-nio-8080-exec-5] o.s.security.web.FilterChainProxy        : Securing GET /api/posts/feed/personalized?page=0&size=10
2026-03-10T19:50:55.215+05:30 DEBUG 34000 --- [http-nio-8080-exec-5] o.r.r.service.CustomUserDetailsService   : Loading user by username or email: ramu
2026-03-10T19:50:55.215+05:30 DEBUG 34000 --- [http-nio-8080-exec-2] o.s.security.web.FilterChainProxy        : Secured GET /api/users/me
2026-03-10T19:50:55.215+05:30  INFO 34000 --- [http-nio-8080-exec-2] o.r.r.controller.UserController          : Request to get current user profile
2026-03-10T19:50:55.217+05:30  INFO 34000 --- [http-nio-8080-exec-2] o.r.revconnect.service.UserService       : Fetching profile for user: ramu
2026-03-10T19:50:55.217+05:30 DEBUG 34000 --- [http-nio-8080-exec-2] o.r.r.controller.UserController          : Profile retrieved for user: ramu
2026-03-10T19:50:55.218+05:30 DEBUG 34000 --- [http-nio-8080-exec-8] o.s.security.web.FilterChainProxy        : Securing GET /api/search/trending
2026-03-10T19:50:55.218+05:30 DEBUG 34000 --- [http-nio-8080-exec-1] o.s.security.web.FilterChainProxy        : Securing GET /api/notifications/count
2026-03-10T19:50:55.220+05:30 DEBUG 34000 --- [http-nio-8080-exec-1] o.r.r.service.CustomUserDetailsService   : Loading user by username or email: ramu
2026-03-10T19:50:55.220+05:30 DEBUG 34000 --- [http-nio-8080-exec-8] o.r.r.service.CustomUserDetailsService   : Loading user by username or email: ramu
2026-03-10T19:50:55.231+05:30 DEBUG 34000 --- [http-nio-8080-exec-5] o.s.security.web.FilterChainProxy        : Secured GET /api/posts/feed/personalized?page=0&size=10
2026-03-10T19:50:55.233+05:30 DEBUG 34000 --- [http-nio-8080-exec-8] o.s.security.web.FilterChainProxy        : Secured GET /api/search/trending
2026-03-10T19:50:55.233+05:30 DEBUG 34000 --- [http-nio-8080-exec-1] o.s.security.web.FilterChainProxy        : Secured GET /api/notifications/count
2026-03-10T19:50:55.234+05:30  INFO 34000 --- [http-nio-8080-exec-8] o.r.r.controller.SearchController        : Getting trending searches
2026-03-10T19:50:55.235+05:30  INFO 34000 --- [http-nio-8080-exec-1] o.r.r.controller.NotificationController  : Get unread count request
2026-03-10T19:50:55.235+05:30  INFO 34000 --- [http-nio-8080-exec-8] o.r.revconnect.service.HashtagService    : Fetching top 10 trending hashtags
2026-03-10T19:50:55.235+05:30  INFO 34000 --- [http-nio-8080-exec-5] o.r.r.controller.PostController          : Get personalized feed request - page: 0, size: 10
2026-03-10T19:50:55.236+05:30 DEBUG 34000 --- [http-nio-8080-exec-4] o.s.security.web.FilterChainProxy        : Securing GET /api/users/me
2026-03-10T19:50:55.236+05:30 DEBUG 34000 --- [http-nio-8080-exec-10] o.s.security.web.FilterChainProxy        : Securing GET /api/stories
2026-03-10T19:50:55.237+05:30 DEBUG 34000 --- [http-nio-8080-exec-4] o.r.r.service.CustomUserDetailsService   : Loading user by username or email: ramu
2026-03-10T19:50:55.239+05:30 DEBUG 34000 --- [http-nio-8080-exec-10] o.r.r.service.CustomUserDetailsService   : Loading user by username or email: ramu
2026-03-10T19:50:55.241+05:30  INFO 34000 --- [http-nio-8080-exec-1] o.r.r.service.NotificationService        : User ramu has 0 unread notifications
2026-03-10T19:50:55.253+05:30 DEBUG 34000 --- [http-nio-8080-exec-10] o.s.security.web.FilterChainProxy        : Secured GET /api/stories
2026-03-10T19:50:55.254+05:30 DEBUG 34000 --- [http-nio-8080-exec-4] o.s.security.web.FilterChainProxy        : Secured GET /api/users/me
2026-03-10T19:50:55.254+05:30  INFO 34000 --- [http-nio-8080-exec-10] o.r.r.controller.StoryController         : Getting my stories
2026-03-10T19:50:55.255+05:30  INFO 34000 --- [http-nio-8080-exec-10] o.r.revconnect.service.StoryService      : Fetching active stories for user: ramu
2026-03-10T19:50:55.255+05:30  INFO 34000 --- [http-nio-8080-exec-4] o.r.r.controller.UserController          : Request to get current user profile
2026-03-10T19:50:55.255+05:30  INFO 34000 --- [http-nio-8080-exec-4] o.r.revconnect.service.UserService       : Fetching profile for user: ramu
2026-03-10T19:50:55.256+05:30 DEBUG 34000 --- [http-nio-8080-exec-4] o.r.r.controller.UserController          : Profile retrieved for user: ramu
2026-03-10T19:50:55.275+05:30 DEBUG 34000 --- [http-nio-8080-exec-6] o.s.security.web.FilterChainProxy        : Securing GET /api/users/me
2026-03-10T19:50:55.277+05:30 DEBUG 34000 --- [http-nio-8080-exec-6] o.r.r.service.CustomUserDetailsService   : Loading user by username or email: ramu
2026-03-10T19:50:55.279+05:30 DEBUG 34000 --- [http-nio-8080-exec-9] o.s.security.web.FilterChainProxy        : Securing GET /uploads/media/23/profile/40fce8f4-5a08-4f77-9381-07cae014a01a.png
2026-03-10T19:50:55.279+05:30 DEBUG 34000 --- [http-nio-8080-exec-9] o.s.s.w.a.AnonymousAuthenticationFilter  : Set SecurityContextHolder to anonymous SecurityContext
2026-03-10T19:50:55.279+05:30 DEBUG 34000 --- [http-nio-8080-exec-9] o.s.security.web.FilterChainProxy        : Secured GET /uploads/media/23/profile/40fce8f4-5a08-4f77-9381-07cae014a01a.png
2026-03-10T19:50:55.290+05:30 DEBUG 34000 --- [http-nio-8080-exec-6] o.s.security.web.FilterChainProxy        : Secured GET /api/users/me
2026-03-10T19:50:55.291+05:30  INFO 34000 --- [http-nio-8080-exec-6] o.r.r.controller.UserController          : Request to get current user profile
2026-03-10T19:50:55.291+05:30  INFO 34000 --- [http-nio-8080-exec-6] o.r.revconnect.service.UserService       : Fetching profile for user: ramu
2026-03-10T19:50:55.291+05:30 DEBUG 34000 --- [http-nio-8080-exec-6] o.r.r.controller.UserController          : Profile retrieved for user: ramu
2026-03-10T19:51:25.526+05:30 DEBUG 34000 --- [http-nio-8080-exec-7] o.s.security.web.FilterChainProxy        : Securing GET /api/messages/unread/count
2026-03-10T19:51:25.527+05:30 DEBUG 34000 --- [http-nio-8080-exec-7] o.r.r.service.CustomUserDetailsService   : Loading user by username or email: ramu
2026-03-10T19:51:25.538+05:30 DEBUG 34000 --- [http-nio-8080-exec-7] o.s.security.web.FilterChainProxy        : Secured GET /api/messages/unread/count
2026-03-10T19:51:25.540+05:30  INFO 34000 --- [http-nio-8080-exec-7] o.r.r.controller.MessageController       : Getting unread message count
2026-03-10T19:51:25.570+05:30 DEBUG 34000 --- [http-nio-8080-exec-3] o.s.security.web.FilterChainProxy        : Securing GET /uploads/media/23/profile/40fce8f4-5a08-4f77-9381-07cae014a01a.png
2026-03-10T19:51:25.571+05:30 DEBUG 34000 --- [http-nio-8080-exec-3] o.s.s.w.a.AnonymousAuthenticationFilter  : Set SecurityContextHolder to anonymous SecurityContext
2026-03-10T19:51:25.571+05:30 DEBUG 34000 --- [http-nio-8080-exec-3] o.s.security.web.FilterChainProxy        : Secured GET /uploads/media/23/profile/40fce8f4-5a08-4f77-9381-07cae014a01a.png
2026-03-10T19:51:55.520+05:30 DEBUG 34000 --- [http-nio-8080-exec-2] o.s.security.web.FilterChainProxy        : Securing GET /api/messages/unread/count
2026-03-10T19:51:55.521+05:30 DEBUG 34000 --- [http-nio-8080-exec-2] o.r.r.service.CustomUserDetailsService   : Loading user by username or email: ramu
2026-03-10T19:51:55.531+05:30 DEBUG 34000 --- [http-nio-8080-exec-2] o.s.security.web.FilterChainProxy        : Secured GET /api/messages/unread/count
2026-03-10T19:51:55.532+05:30  INFO 34000 --- [http-nio-8080-exec-2] o.r.r.controller.MessageController       : Getting unread message count
2026-03-10T19:52:25.529+05:30 DEBUG 34000 --- [http-nio-8080-exec-8] o.s.security.web.FilterChainProxy        : Securing GET /api/messages/unread/count
2026-03-10T19:52:25.531+05:30 DEBUG 34000 --- [http-nio-8080-exec-8] o.r.r.service.CustomUserDetailsService   : Loading user by username or email: ramu
2026-03-10T19:52:25.550+05:30 DEBUG 34000 --- [http-nio-8080-exec-8] o.s.security.web.FilterChainProxy        : Secured GET /api/messages/unread/count
2026-03-10T19:52:25.551+05:30  INFO 34000 --- [http-nio-8080-exec-8] o.r.r.controller.MessageController       : Getting unread message count
2026-03-10T19:52:46.684+05:30  INFO 34000 --- [SpringApplicationShutdownHook] o.s.m.s.b.SimpleBrokerMessageHandler     : Stopping...
2026-03-10T19:52:46.684+05:30  INFO 34000 --- [SpringApplicationShutdownHook] o.s.m.s.b.SimpleBrokerMessageHandler     : BrokerAvailabilityEvent[available=false, SimpleBrokerMessageHandler [org.springframework.messaging.simp.broker.DefaultSubscriptionRegistry@2c6a1452]]
2026-03-10T19:52:46.684+05:30  INFO 34000 --- [SpringApplicationShutdownHook] o.s.m.s.b.SimpleBrokerMessageHandler     : Stopped.
2026-03-10T19:52:46.703+05:30  INFO 34000 --- [SpringApplicationShutdownHook] j.LocalContainerEntityManagerFactoryBean : Closing JPA EntityManagerFactory for persistence unit 'default'
2026-03-10T19:52:46.707+05:30  INFO 34000 --- [SpringApplicationShutdownHook] com.zaxxer.hikari.HikariDataSource       : HikariPool-1 - Shutdown initiated...
2026-03-10T19:52:46.717+05:30  INFO 34000 --- [SpringApplicationShutdownHook] com.zaxxer.hikari.HikariDataSource       : HikariPool-1 - Shutdown completed.
2026-03-06T04:08:47.815+05:30  INFO 5320 --- [restartedMain] o.r.revconnect.RevconnectApplication     : Starting RevconnectApplication using Java 21.0.10 with PID 5320 (C:\Users\navee\OneDrive\Desktop\Git FOlder\REVCONNECT\target\classes started by navee in C:\Users\navee\OneDrive\Desktop\Git FOlder\REVCONNECT)
2026-03-06T04:08:47.817+05:30 DEBUG 5320 --- [restartedMain] o.r.revconnect.RevconnectApplication     : Running with Spring Boot v3.2.2, Spring v6.1.3
2026-03-06T04:08:47.817+05:30  INFO 5320 --- [restartedMain] o.r.revconnect.RevconnectApplication     : No active profile set, falling back to 1 default profile: "default"
2026-03-06T04:08:47.881+05:30  INFO 5320 --- [restartedMain] .e.DevToolsPropertyDefaultsPostProcessor : Devtools property defaults active! Set 'spring.devtools.add-properties' to 'false' to disable
2026-03-06T04:08:47.882+05:30  INFO 5320 --- [restartedMain] .e.DevToolsPropertyDefaultsPostProcessor : For additional web related logging consider setting the 'logging.level.web' property to 'DEBUG'
2026-03-06T04:08:49.152+05:30  INFO 5320 --- [restartedMain] .s.d.r.c.RepositoryConfigurationDelegate : Bootstrapping Spring Data JPA repositories in DEFAULT mode.
2026-03-06T04:08:49.260+05:30  INFO 5320 --- [restartedMain] .s.d.r.c.RepositoryConfigurationDelegate : Finished Spring Data repository scanning in 98 ms. Found 17 JPA repository interfaces.
2026-03-06T04:08:50.201+05:30  INFO 5320 --- [restartedMain] o.s.b.w.embedded.tomcat.TomcatWebServer  : Tomcat initialized with port 8080 (http)
2026-03-06T04:08:50.218+05:30  INFO 5320 --- [restartedMain] o.apache.catalina.core.StandardService   : Starting service [Tomcat]
2026-03-06T04:08:50.219+05:30  INFO 5320 --- [restartedMain] o.apache.catalina.core.StandardEngine    : Starting Servlet engine: [Apache Tomcat/10.1.18]
2026-03-06T04:08:50.273+05:30  INFO 5320 --- [restartedMain] o.a.c.c.C.[Tomcat].[localhost].[/]       : Initializing Spring embedded WebApplicationContext
2026-03-06T04:08:50.273+05:30  INFO 5320 --- [restartedMain] w.s.c.ServletWebServerApplicationContext : Root WebApplicationContext: initialization completed in 2391 ms
2026-03-06T04:08:50.492+05:30  INFO 5320 --- [restartedMain] o.hibernate.jpa.internal.util.LogHelper  : HHH000204: Processing PersistenceUnitInfo [name: default]
2026-03-06T04:08:50.594+05:30  INFO 5320 --- [restartedMain] org.hibernate.Version                    : HHH000412: Hibernate ORM core version 6.4.1.Final
2026-03-06T04:08:50.635+05:30  INFO 5320 --- [restartedMain] o.h.c.internal.RegionFactoryInitiator    : HHH000026: Second-level cache disabled
2026-03-06T04:08:50.947+05:30  INFO 5320 --- [restartedMain] o.s.o.j.p.SpringPersistenceUnitInfo      : No LoadTimeWeaver setup: ignoring JPA class transformer
2026-03-06T04:08:50.981+05:30  INFO 5320 --- [restartedMain] com.zaxxer.hikari.HikariDataSource       : HikariPool-1 - Starting...
2026-03-06T04:08:51.535+05:30  INFO 5320 --- [restartedMain] com.zaxxer.hikari.pool.HikariPool        : HikariPool-1 - Added connection com.mysql.cj.jdbc.ConnectionImpl@42c3de30
2026-03-06T04:08:51.537+05:30  INFO 5320 --- [restartedMain] com.zaxxer.hikari.HikariDataSource       : HikariPool-1 - Start completed.
2026-03-06T04:08:51.627+05:30  WARN 5320 --- [restartedMain] org.hibernate.orm.deprecation            : HHH90000025: MySQLDialect does not need to be specified explicitly using 'hibernate.dialect' (remove the property setting and it will be selected by default)
2026-03-06T04:08:53.082+05:30  INFO 5320 --- [restartedMain] o.h.e.t.j.p.i.JtaPlatformInitiator       : HHH000489: No JTA platform available (set 'hibernate.transaction.jta.platform' to enable JTA platform integration)
2026-03-06T04:08:53.874+05:30  INFO 5320 --- [restartedMain] j.LocalContainerEntityManagerFactoryBean : Initialized JPA EntityManagerFactory for persistence unit 'default'
2026-03-06T04:08:54.177+05:30  INFO 5320 --- [restartedMain] o.s.d.j.r.query.QueryEnhancerFactory     : Hibernate is in classpath; If applicable, HQL parser will be used.
2026-03-06T04:08:55.093+05:30 DEBUG 5320 --- [restartedMain] o.r.r.security.JwtAuthenticationFilter   : Filter 'jwtAuthenticationFilter' configured for use
2026-03-06T04:08:56.432+05:30  WARN 5320 --- [restartedMain] JpaBaseConfiguration$JpaWebConfiguration : spring.jpa.open-in-view is enabled by default. Therefore, database queries may be performed during view rendering. Explicitly configure spring.jpa.open-in-view to disable this warning
2026-03-06T04:08:56.910+05:30  INFO 5320 --- [restartedMain] o.s.s.web.DefaultSecurityFilterChain     : Will secure any request with [org.springframework.security.web.session.DisableEncodeUrlFilter@48a1b8c6, org.springframework.security.web.context.request.async.WebAsyncManagerIntegrationFilter@10ca4ca9, org.springframework.security.web.context.SecurityContextHolderFilter@876f6b0, org.springframework.security.web.header.HeaderWriterFilter@4e602c3b, org.springframework.web.filter.CorsFilter@7bd69409, org.springframework.security.web.authentication.logout.LogoutFilter@7e9fd7b7, org.revature.revconnect.security.JwtAuthenticationFilter@87c0036, org.springframework.security.web.savedrequest.RequestCacheAwareFilter@72faa85c, org.springframework.security.web.servletapi.SecurityContextHolderAwareRequestFilter@56be8c94, org.springframework.security.web.authentication.AnonymousAuthenticationFilter@58e58725, org.springframework.security.web.session.SessionManagementFilter@4d2d1f47, org.springframework.security.web.access.ExceptionTranslationFilter@1bbcce53, org.springframework.security.web.access.intercept.AuthorizationFilter@379b8d94]
2026-03-06T04:08:57.382+05:30  INFO 5320 --- [restartedMain] o.s.b.d.a.OptionalLiveReloadServer       : LiveReload server is running on port 35729
2026-03-06T04:08:57.421+05:30  INFO 5320 --- [restartedMain] o.s.b.w.embedded.tomcat.TomcatWebServer  : Tomcat started on port 8080 (http) with context path ''
2026-03-06T04:08:57.423+05:30  INFO 5320 --- [restartedMain] o.s.m.s.b.SimpleBrokerMessageHandler     : Starting...
2026-03-06T04:08:57.424+05:30  INFO 5320 --- [restartedMain] o.s.m.s.b.SimpleBrokerMessageHandler     : BrokerAvailabilityEvent[available=true, SimpleBrokerMessageHandler [org.springframework.messaging.simp.broker.DefaultSubscriptionRegistry@703749d3]]
2026-03-06T04:08:57.425+05:30  INFO 5320 --- [restartedMain] o.s.m.s.b.SimpleBrokerMessageHandler     : Started.
2026-03-06T04:08:57.432+05:30  INFO 5320 --- [restartedMain] o.r.revconnect.RevconnectApplication     : Started RevconnectApplication in 10.163 seconds (process running for 10.977)
2026-03-06T04:09:57.415+05:30  INFO 5320 --- [MessageBroker-1] o.s.w.s.c.WebSocketMessageBrokerStats    : WebSocketSession[0 current WS(0)-HttpStream(0)-HttpPoll(0), 0 total, 0 closed abnormally (0 connect failure, 0 send limit, 0 transport error)], stompSubProtocol[processed CONNECT(0)-CONNECTED(0)-DISCONNECT(0)], stompBrokerRelay[null], inboundChannel[pool size = 0, active threads = 0, queued tasks = 0, completed tasks = 0], outboundChannel[pool size = 0, active threads = 0, queued tasks = 0, completed tasks = 0], sockJsScheduler[pool size = 1, active threads = 1, queued tasks = 0, completed tasks = 0]
2026-03-06T04:10:06.435+05:30  INFO 5320 --- [http-nio-8080-exec-1] o.a.c.c.C.[Tomcat].[localhost].[/]       : Initializing Spring DispatcherServlet 'dispatcherServlet'
2026-03-06T04:10:06.436+05:30  INFO 5320 --- [http-nio-8080-exec-1] o.s.web.servlet.DispatcherServlet        : Initializing Servlet 'dispatcherServlet'
2026-03-06T04:10:06.438+05:30  INFO 5320 --- [http-nio-8080-exec-1] o.s.web.servlet.DispatcherServlet        : Completed initialization in 2 ms
2026-03-06T04:10:06.473+05:30 DEBUG 5320 --- [http-nio-8080-exec-1] o.s.security.web.FilterChainProxy        : Securing POST /api/auth/register
2026-03-06T04:10:06.495+05:30 DEBUG 5320 --- [http-nio-8080-exec-1] o.s.s.w.a.AnonymousAuthenticationFilter  : Set SecurityContextHolder to anonymous SecurityContext
2026-03-06T04:10:06.499+05:30 DEBUG 5320 --- [http-nio-8080-exec-1] o.s.security.web.FilterChainProxy        : Secured POST /api/auth/register
2026-03-06T04:10:06.801+05:30  INFO 5320 --- [http-nio-8080-exec-1] o.r.r.controller.AuthController          : Registration request received for username: vamsi_mangapathi
2026-03-06T04:10:06.817+05:30  INFO 5320 --- [http-nio-8080-exec-1] o.r.revconnect.service.AuthService       : Registering new user with username: vamsi_mangapathi
2026-03-06T04:10:07.305+05:30  INFO 5320 --- [http-nio-8080-exec-1] o.r.revconnect.service.AuthService       : User registered successfully with ID: 1
2026-03-06T04:10:07.716+05:30  INFO 5320 --- [http-nio-8080-exec-1] o.r.r.controller.AuthController          : User registered successfully: vamsi_mangapathi
2026-03-06T04:10:15.906+05:30 DEBUG 5320 --- [http-nio-8080-exec-2] o.s.security.web.FilterChainProxy        : Securing POST /api/auth/login
2026-03-06T04:10:15.908+05:30 DEBUG 5320 --- [http-nio-8080-exec-2] o.s.s.w.a.AnonymousAuthenticationFilter  : Set SecurityContextHolder to anonymous SecurityContext
2026-03-06T04:10:15.909+05:30 DEBUG 5320 --- [http-nio-8080-exec-2] o.s.security.web.FilterChainProxy        : Secured POST /api/auth/login
2026-03-06T04:10:15.928+05:30  INFO 5320 --- [http-nio-8080-exec-2] o.r.r.controller.AuthController          : Login attempt for: vamsi_mangapathi
2026-03-06T04:10:15.928+05:30  INFO 5320 --- [http-nio-8080-exec-2] o.r.revconnect.service.AuthService       : Attempting login for user: vamsi_mangapathi
2026-03-06T04:10:16.121+05:30 DEBUG 5320 --- [http-nio-8080-exec-2] o.r.r.service.CustomUserDetailsService   : Loading user by username or email: vamsi_mangapathi
2026-03-06T04:10:16.418+05:30 DEBUG 5320 --- [http-nio-8080-exec-2] o.s.s.a.dao.DaoAuthenticationProvider    : Authenticated user
2026-03-06T04:10:16.420+05:30  INFO 5320 --- [http-nio-8080-exec-2] o.r.revconnect.service.AuthService       : User logged in successfully: vamsi_mangapathi
2026-03-06T04:10:16.420+05:30  INFO 5320 --- [http-nio-8080-exec-2] o.r.r.controller.AuthController          : Login successful for user: vamsi_mangapathi
2026-03-06T04:10:16.736+05:30 DEBUG 5320 --- [http-nio-8080-exec-4] o.s.security.web.FilterChainProxy        : Securing GET /api/users/me
2026-03-06T04:10:16.736+05:30 DEBUG 5320 --- [http-nio-8080-exec-3] o.s.security.web.FilterChainProxy        : Securing GET /api/notifications/count
2026-03-06T04:10:16.736+05:30 DEBUG 5320 --- [http-nio-8080-exec-6] o.s.security.web.FilterChainProxy        : Securing GET /api/messages/unread/count
2026-03-06T04:10:16.738+05:30 DEBUG 5320 --- [http-nio-8080-exec-5] o.s.security.web.FilterChainProxy        : Securing GET /api/stories/feed
2026-03-06T04:10:16.809+05:30 DEBUG 5320 --- [http-nio-8080-exec-4] o.r.r.service.CustomUserDetailsService   : Loading user by username or email: vamsi_mangapathi
2026-03-06T04:10:16.809+05:30 DEBUG 5320 --- [http-nio-8080-exec-5] o.r.r.service.CustomUserDetailsService   : Loading user by username or email: vamsi_mangapathi
2026-03-06T04:10:16.809+05:30 DEBUG 5320 --- [http-nio-8080-exec-3] o.r.r.service.CustomUserDetailsService   : Loading user by username or email: vamsi_mangapathi
2026-03-06T04:10:16.809+05:30 DEBUG 5320 --- [http-nio-8080-exec-6] o.r.r.service.CustomUserDetailsService   : Loading user by username or email: vamsi_mangapathi
2026-03-06T04:10:16.887+05:30 DEBUG 5320 --- [http-nio-8080-exec-6] o.s.security.web.FilterChainProxy        : Secured GET /api/messages/unread/count
2026-03-06T04:10:16.889+05:30 DEBUG 5320 --- [http-nio-8080-exec-4] o.s.security.web.FilterChainProxy        : Secured GET /api/users/me
2026-03-06T04:10:16.889+05:30 DEBUG 5320 --- [http-nio-8080-exec-3] o.s.security.web.FilterChainProxy        : Secured GET /api/notifications/count
2026-03-06T04:10:16.889+05:30 DEBUG 5320 --- [http-nio-8080-exec-5] o.s.security.web.FilterChainProxy        : Secured GET /api/stories/feed
2026-03-06T04:10:16.890+05:30  INFO 5320 --- [http-nio-8080-exec-6] o.r.r.controller.MessageController       : Getting unread message count
2026-03-06T04:10:16.891+05:30  INFO 5320 --- [http-nio-8080-exec-3] o.r.r.controller.NotificationController  : Get unread count request
2026-03-06T04:10:16.891+05:30  INFO 5320 --- [http-nio-8080-exec-5] o.r.r.controller.StoryController         : Getting stories feed
2026-03-06T04:10:16.891+05:30  INFO 5320 --- [http-nio-8080-exec-4] o.r.r.controller.UserController          : Request to get current user profile
2026-03-06T04:10:16.891+05:30  INFO 5320 --- [http-nio-8080-exec-4] o.r.revconnect.service.UserService       : Fetching profile for user: vamsi_mangapathi
2026-03-06T04:10:16.903+05:30 DEBUG 5320 --- [http-nio-8080-exec-4] o.r.r.controller.UserController          : Profile retrieved for user: vamsi_mangapathi
2026-03-06T04:10:16.926+05:30  INFO 5320 --- [http-nio-8080-exec-3] o.r.r.service.NotificationService        : User vamsi_mangapathi has 0 unread notifications
2026-03-06T04:10:16.938+05:30 DEBUG 5320 --- [http-nio-8080-exec-7] o.s.security.web.FilterChainProxy        : Securing GET /api/users/me
2026-03-06T04:10:16.946+05:30  INFO 5320 --- [http-nio-8080-exec-5] o.r.revconnect.service.StoryService      : Fetching stories feed for 0 users
2026-03-06T04:10:16.949+05:30 DEBUG 5320 --- [http-nio-8080-exec-7] o.r.r.service.CustomUserDetailsService   : Loading user by username or email: vamsi_mangapathi
2026-03-06T04:10:16.995+05:30 DEBUG 5320 --- [http-nio-8080-exec-8] o.s.security.web.FilterChainProxy        : Securing GET /api/posts/feed/personalized?page=0&size=10
2026-03-06T04:10:16.996+05:30 DEBUG 5320 --- [http-nio-8080-exec-7] o.s.security.web.FilterChainProxy        : Secured GET /api/users/me
2026-03-06T04:10:16.997+05:30  INFO 5320 --- [http-nio-8080-exec-7] o.r.r.controller.UserController          : Request to get current user profile
2026-03-06T04:10:17.003+05:30  INFO 5320 --- [http-nio-8080-exec-7] o.r.revconnect.service.UserService       : Fetching profile for user: vamsi_mangapathi
2026-03-06T04:10:17.004+05:30 DEBUG 5320 --- [http-nio-8080-exec-7] o.r.r.controller.UserController          : Profile retrieved for user: vamsi_mangapathi
2026-03-06T04:10:17.005+05:30 DEBUG 5320 --- [http-nio-8080-exec-9] o.s.security.web.FilterChainProxy        : Securing GET /api/search/trending
2026-03-06T04:10:17.006+05:30 DEBUG 5320 --- [http-nio-8080-exec-10] o.s.security.web.FilterChainProxy        : Securing GET /api/notifications/count
2026-03-06T04:10:17.007+05:30 DEBUG 5320 --- [http-nio-8080-exec-8] o.r.r.service.CustomUserDetailsService   : Loading user by username or email: vamsi_mangapathi
2026-03-06T04:10:17.009+05:30 DEBUG 5320 --- [http-nio-8080-exec-9] o.r.r.service.CustomUserDetailsService   : Loading user by username or email: vamsi_mangapathi
2026-03-06T04:10:17.009+05:30 DEBUG 5320 --- [http-nio-8080-exec-10] o.r.r.service.CustomUserDetailsService   : Loading user by username or email: vamsi_mangapathi
2026-03-06T04:10:17.027+05:30 DEBUG 5320 --- [http-nio-8080-exec-1] o.s.security.web.FilterChainProxy        : Securing GET /api/stories
2026-03-06T04:10:17.028+05:30 DEBUG 5320 --- [http-nio-8080-exec-2] o.s.security.web.FilterChainProxy        : Securing GET /api/users/me
2026-03-06T04:10:17.030+05:30 DEBUG 5320 --- [http-nio-8080-exec-1] o.r.r.service.CustomUserDetailsService   : Loading user by username or email: vamsi_mangapathi
2026-03-06T04:10:17.030+05:30 DEBUG 5320 --- [http-nio-8080-exec-2] o.r.r.service.CustomUserDetailsService   : Loading user by username or email: vamsi_mangapathi
2026-03-06T04:10:17.034+05:30 DEBUG 5320 --- [http-nio-8080-exec-8] o.s.security.web.FilterChainProxy        : Secured GET /api/posts/feed/personalized?page=0&size=10
2026-03-06T04:10:17.037+05:30 DEBUG 5320 --- [http-nio-8080-exec-9] o.s.security.web.FilterChainProxy        : Secured GET /api/search/trending
2026-03-06T04:10:17.039+05:30  INFO 5320 --- [http-nio-8080-exec-9] o.r.r.controller.SearchController        : Getting trending searches
2026-03-06T04:10:17.041+05:30  INFO 5320 --- [http-nio-8080-exec-9] o.r.revconnect.service.HashtagService    : Fetching top 10 trending hashtags
2026-03-06T04:10:17.042+05:30 DEBUG 5320 --- [http-nio-8080-exec-10] o.s.security.web.FilterChainProxy        : Secured GET /api/notifications/count
2026-03-06T04:10:17.043+05:30  INFO 5320 --- [http-nio-8080-exec-10] o.r.r.controller.NotificationController  : Get unread count request
2026-03-06T04:10:17.044+05:30  INFO 5320 --- [http-nio-8080-exec-8] o.r.r.controller.PostController          : Get personalized feed request - page: 0, size: 10
2026-03-06T04:10:17.048+05:30 DEBUG 5320 --- [http-nio-8080-exec-2] o.s.security.web.FilterChainProxy        : Secured GET /api/users/me
2026-03-06T04:10:17.050+05:30  INFO 5320 --- [http-nio-8080-exec-2] o.r.r.controller.UserController          : Request to get current user profile
2026-03-06T04:10:17.050+05:30  INFO 5320 --- [http-nio-8080-exec-2] o.r.revconnect.service.UserService       : Fetching profile for user: vamsi_mangapathi
2026-03-06T04:10:17.051+05:30 DEBUG 5320 --- [http-nio-8080-exec-2] o.r.r.controller.UserController          : Profile retrieved for user: vamsi_mangapathi
2026-03-06T04:10:17.052+05:30 DEBUG 5320 --- [http-nio-8080-exec-1] o.s.security.web.FilterChainProxy        : Secured GET /api/stories
2026-03-06T04:10:17.055+05:30  INFO 5320 --- [http-nio-8080-exec-1] o.r.r.controller.StoryController         : Getting my stories
2026-03-06T04:10:17.055+05:30  INFO 5320 --- [http-nio-8080-exec-10] o.r.r.service.NotificationService        : User vamsi_mangapathi has 0 unread notifications
2026-03-06T04:10:17.055+05:30  INFO 5320 --- [http-nio-8080-exec-1] o.r.revconnect.service.StoryService      : Fetching active stories for user: vamsi_mangapathi
2026-03-06T04:10:17.107+05:30 DEBUG 5320 --- [http-nio-8080-exec-4] o.s.security.web.FilterChainProxy        : Securing GET /api/users/me
2026-03-06T04:10:17.111+05:30 DEBUG 5320 --- [http-nio-8080-exec-4] o.r.r.service.CustomUserDetailsService   : Loading user by username or email: vamsi_mangapathi
2026-03-06T04:10:17.135+05:30 DEBUG 5320 --- [http-nio-8080-exec-4] o.s.security.web.FilterChainProxy        : Secured GET /api/users/me
2026-03-06T04:10:17.136+05:30  INFO 5320 --- [http-nio-8080-exec-4] o.r.r.controller.UserController          : Request to get current user profile
2026-03-06T04:10:17.136+05:30  INFO 5320 --- [http-nio-8080-exec-4] o.r.revconnect.service.UserService       : Fetching profile for user: vamsi_mangapathi
2026-03-06T04:10:17.136+05:30 DEBUG 5320 --- [http-nio-8080-exec-4] o.r.r.controller.UserController          : Profile retrieved for user: vamsi_mangapathi
2026-03-06T04:10:45.037+05:30 DEBUG 5320 --- [http-nio-8080-exec-6] o.s.security.web.FilterChainProxy        : Securing POST /api/auth/forgot-password
2026-03-06T04:10:45.038+05:30 DEBUG 5320 --- [http-nio-8080-exec-6] o.s.s.w.a.AnonymousAuthenticationFilter  : Set SecurityContextHolder to anonymous SecurityContext
2026-03-06T04:10:45.040+05:30 DEBUG 5320 --- [http-nio-8080-exec-6] o.s.security.web.FilterChainProxy        : Secured POST /api/auth/forgot-password
2026-03-06T04:10:45.053+05:30  INFO 5320 --- [http-nio-8080-exec-6] o.r.r.controller.AuthController          : Forgot password request for email: vamcsiyadav1@gmail.com
2026-03-06T04:10:45.057+05:30  INFO 5320 --- [http-nio-8080-exec-6] o.r.revconnect.service.AuthService       : Processing forgot password request for email: vamcsiyadav1@gmail.com
2026-03-06T04:10:45.079+05:30  INFO 5320 --- [http-nio-8080-exec-6] o.r.revconnect.service.AuthService       : User found for email: vamsi_mangapathi
2026-03-06T04:10:45.083+05:30  INFO 5320 --- [http-nio-8080-exec-6] o.r.revconnect.service.AuthService       : Generated 6-digit OTP: 085254
2026-03-06T04:10:45.121+05:30  INFO 5320 --- [http-nio-8080-exec-6] o.r.revconnect.service.AuthService       : Password reset token (OTP) saved successfully for user: vamsi_mangapathi
2026-03-06T04:10:45.121+05:30  INFO 5320 --- [http-nio-8080-exec-6] o.r.revconnect.service.AuthService       : Calling email service to send OTP...
2026-03-06T04:10:45.121+05:30  INFO 5320 --- [http-nio-8080-exec-6] o.r.revconnect.service.EmailService      : Attempting to send real OTP email to: vamcsiyadav1@gmail.com
2026-03-06T04:10:51.097+05:30  INFO 5320 --- [http-nio-8080-exec-6] o.r.revconnect.service.EmailService      : OTP email successfully sent to: vamcsiyadav1@gmail.com
2026-03-06T04:10:51.098+05:30  INFO 5320 --- [http-nio-8080-exec-6] o.r.revconnect.service.AuthService       : Forgot password process completed for email: vamcsiyadav1@gmail.com
2026-03-06T10:19:15.270+05:30  INFO 14940 --- [restartedMain] o.r.revconnect.RevconnectApplication     : Starting RevconnectApplication using Java 21.0.10 with PID 14940 (C:\Users\navee\OneDrive\Desktop\Git FOlder\REVCONNECT\target\classes started by navee in C:\Users\navee\OneDrive\Desktop\Git FOlder\REVCONNECT)
2026-03-06T10:19:15.273+05:30 DEBUG 14940 --- [restartedMain] o.r.revconnect.RevconnectApplication     : Running with Spring Boot v3.2.2, Spring v6.1.3
2026-03-06T10:19:15.276+05:30  INFO 14940 --- [restartedMain] o.r.revconnect.RevconnectApplication     : No active profile set, falling back to 1 default profile: "default"
2026-03-06T10:19:15.396+05:30  INFO 14940 --- [restartedMain] .e.DevToolsPropertyDefaultsPostProcessor : Devtools property defaults active! Set 'spring.devtools.add-properties' to 'false' to disable
2026-03-06T10:19:15.397+05:30  INFO 14940 --- [restartedMain] .e.DevToolsPropertyDefaultsPostProcessor : For additional web related logging consider setting the 'logging.level.web' property to 'DEBUG'
2026-03-06T10:19:20.148+05:30  INFO 14940 --- [restartedMain] .s.d.r.c.RepositoryConfigurationDelegate : Bootstrapping Spring Data JPA repositories in DEFAULT mode.
2026-03-06T10:19:20.343+05:30  INFO 14940 --- [restartedMain] .s.d.r.c.RepositoryConfigurationDelegate : Finished Spring Data repository scanning in 179 ms. Found 17 JPA repository interfaces.
2026-03-06T10:19:21.955+05:30  INFO 14940 --- [restartedMain] o.s.b.w.embedded.tomcat.TomcatWebServer  : Tomcat initialized with port 8080 (http)
2026-03-06T10:19:21.976+05:30  INFO 14940 --- [restartedMain] o.apache.catalina.core.StandardService   : Starting service [Tomcat]
2026-03-06T10:19:21.977+05:30  INFO 14940 --- [restartedMain] o.apache.catalina.core.StandardEngine    : Starting Servlet engine: [Apache Tomcat/10.1.18]
2026-03-06T10:19:22.081+05:30  INFO 14940 --- [restartedMain] o.a.c.c.C.[Tomcat].[localhost].[/]       : Initializing Spring embedded WebApplicationContext
2026-03-06T10:19:22.081+05:30  INFO 14940 --- [restartedMain] w.s.c.ServletWebServerApplicationContext : Root WebApplicationContext: initialization completed in 6683 ms
2026-03-06T10:19:22.374+05:30  INFO 14940 --- [restartedMain] o.hibernate.jpa.internal.util.LogHelper  : HHH000204: Processing PersistenceUnitInfo [name: default]
2026-03-06T10:19:22.488+05:30  INFO 14940 --- [restartedMain] org.hibernate.Version                    : HHH000412: Hibernate ORM core version 6.4.1.Final
2026-03-06T10:19:22.980+05:30  INFO 14940 --- [restartedMain] o.h.c.internal.RegionFactoryInitiator    : HHH000026: Second-level cache disabled
2026-03-06T10:19:23.452+05:30  INFO 14940 --- [restartedMain] o.s.o.j.p.SpringPersistenceUnitInfo      : No LoadTimeWeaver setup: ignoring JPA class transformer
2026-03-06T10:19:23.511+05:30  INFO 14940 --- [restartedMain] com.zaxxer.hikari.HikariDataSource       : HikariPool-1 - Starting...
2026-03-06T10:19:24.266+05:30  INFO 14940 --- [restartedMain] com.zaxxer.hikari.pool.HikariPool        : HikariPool-1 - Added connection com.mysql.cj.jdbc.ConnectionImpl@af88e13
2026-03-06T10:19:24.269+05:30  INFO 14940 --- [restartedMain] com.zaxxer.hikari.HikariDataSource       : HikariPool-1 - Start completed.
2026-03-06T10:19:24.384+05:30  WARN 14940 --- [restartedMain] org.hibernate.orm.deprecation            : HHH90000025: MySQLDialect does not need to be specified explicitly using 'hibernate.dialect' (remove the property setting and it will be selected by default)
2026-03-06T10:19:27.182+05:30  INFO 14940 --- [restartedMain] o.h.e.t.j.p.i.JtaPlatformInitiator       : HHH000489: No JTA platform available (set 'hibernate.transaction.jta.platform' to enable JTA platform integration)
2026-03-06T10:19:27.634+05:30  INFO 14940 --- [restartedMain] j.LocalContainerEntityManagerFactoryBean : Initialized JPA EntityManagerFactory for persistence unit 'default'
2026-03-06T10:19:28.049+05:30  INFO 14940 --- [restartedMain] o.s.d.j.r.query.QueryEnhancerFactory     : Hibernate is in classpath; If applicable, HQL parser will be used.
2026-03-06T10:19:29.504+05:30 DEBUG 14940 --- [restartedMain] o.r.r.security.JwtAuthenticationFilter   : Filter 'jwtAuthenticationFilter' configured for use
2026-03-06T10:19:31.968+05:30  WARN 14940 --- [restartedMain] JpaBaseConfiguration$JpaWebConfiguration : spring.jpa.open-in-view is enabled by default. Therefore, database queries may be performed during view rendering. Explicitly configure spring.jpa.open-in-view to disable this warning
2026-03-06T10:19:32.622+05:30  INFO 14940 --- [restartedMain] o.s.s.web.DefaultSecurityFilterChain     : Will secure any request with [org.springframework.security.web.session.DisableEncodeUrlFilter@74863831, org.springframework.security.web.context.request.async.WebAsyncManagerIntegrationFilter@43b55ffd, org.springframework.security.web.context.SecurityContextHolderFilter@355dd3ae, org.springframework.security.web.header.HeaderWriterFilter@70b0a04d, org.springframework.web.filter.CorsFilter@718c0ebf, org.springframework.security.web.authentication.logout.LogoutFilter@75e2add7, org.revature.revconnect.security.JwtAuthenticationFilter@2917ac33, org.springframework.security.web.savedrequest.RequestCacheAwareFilter@527717f1, org.springframework.security.web.servletapi.SecurityContextHolderAwareRequestFilter@16eb33b5, org.springframework.security.web.authentication.AnonymousAuthenticationFilter@4ad6bba, org.springframework.security.web.session.SessionManagementFilter@66859892, org.springframework.security.web.access.ExceptionTranslationFilter@54730ef, org.springframework.security.web.access.intercept.AuthorizationFilter@7598f276]
2026-03-06T10:19:33.296+05:30  INFO 14940 --- [restartedMain] o.s.b.d.a.OptionalLiveReloadServer       : LiveReload server is running on port 35729
2026-03-06T10:19:33.371+05:30  INFO 14940 --- [restartedMain] o.s.b.w.embedded.tomcat.TomcatWebServer  : Tomcat started on port 8080 (http) with context path ''
2026-03-06T10:19:33.376+05:30  INFO 14940 --- [restartedMain] o.s.m.s.b.SimpleBrokerMessageHandler     : Starting...
2026-03-06T10:19:33.380+05:30  INFO 14940 --- [restartedMain] o.s.m.s.b.SimpleBrokerMessageHandler     : BrokerAvailabilityEvent[available=true, SimpleBrokerMessageHandler [org.springframework.messaging.simp.broker.DefaultSubscriptionRegistry@30baffff]]
2026-03-06T10:19:33.381+05:30  INFO 14940 --- [restartedMain] o.s.m.s.b.SimpleBrokerMessageHandler     : Started.
2026-03-06T10:19:33.396+05:30  INFO 14940 --- [restartedMain] o.r.revconnect.RevconnectApplication     : Started RevconnectApplication in 20.07 seconds (process running for 21.305)
2026-03-06T10:20:33.344+05:30  INFO 14940 --- [MessageBroker-1] o.s.w.s.c.WebSocketMessageBrokerStats    : WebSocketSession[0 current WS(0)-HttpStream(0)-HttpPoll(0), 0 total, 0 closed abnormally (0 connect failure, 0 send limit, 0 transport error)], stompSubProtocol[processed CONNECT(0)-CONNECTED(0)-DISCONNECT(0)], stompBrokerRelay[null], inboundChannel[pool size = 0, active threads = 0, queued tasks = 0, completed tasks = 0], outboundChannel[pool size = 0, active threads = 0, queued tasks = 0, completed tasks = 0], sockJsScheduler[pool size = 1, active threads = 1, queued tasks = 0, completed tasks = 0]
2026-03-06T10:23:01.421+05:30  WARN 14940 --- [HikariPool-1 housekeeper] com.zaxxer.hikari.pool.HikariPool        : HikariPool-1 - Thread starvation or clock leap detected (housekeeper delta=1m6s990ms370µs100ns).
2026-03-06T10:23:30.269+05:30  INFO 14940 --- [SpringApplicationShutdownHook] o.s.m.s.b.SimpleBrokerMessageHandler     : Stopping...
2026-03-06T10:23:30.271+05:30  INFO 14940 --- [SpringApplicationShutdownHook] o.s.m.s.b.SimpleBrokerMessageHandler     : BrokerAvailabilityEvent[available=false, SimpleBrokerMessageHandler [org.springframework.messaging.simp.broker.DefaultSubscriptionRegistry@30baffff]]
2026-03-06T10:23:30.271+05:30  INFO 14940 --- [SpringApplicationShutdownHook] o.s.m.s.b.SimpleBrokerMessageHandler     : Stopped.
2026-03-06T10:23:30.312+05:30  INFO 14940 --- [SpringApplicationShutdownHook] j.LocalContainerEntityManagerFactoryBean : Closing JPA EntityManagerFactory for persistence unit 'default'
2026-03-06T10:23:30.322+05:30  INFO 14940 --- [SpringApplicationShutdownHook] com.zaxxer.hikari.HikariDataSource       : HikariPool-1 - Shutdown initiated...
2026-03-06T10:23:30.338+05:30  INFO 14940 --- [SpringApplicationShutdownHook] com.zaxxer.hikari.HikariDataSource       : HikariPool-1 - Shutdown completed.